-- phpMyAdmin SQL Dump
-- version 5.2.0
-- https://www.phpmyadmin.net/
--
-- Host: 127.0.0.1
-- Generation Time: May 06, 2025 at 09:02 AM
-- Server version: 10.4.27-MariaDB
-- PHP Version: 7.4.33

SET SQL_MODE = "NO_AUTO_VALUE_ON_ZERO";
START TRANSACTION;
SET time_zone = "+00:00";


/*!40101 SET @OLD_CHARACTER_SET_CLIENT=@@CHARACTER_SET_CLIENT */;
/*!40101 SET @OLD_CHARACTER_SET_RESULTS=@@CHARACTER_SET_RESULTS */;
/*!40101 SET @OLD_COLLATION_CONNECTION=@@COLLATION_CONNECTION */;
/*!40101 SET NAMES utf8mb4 */;

--
-- Database: `microlan_hr`
--

-- --------------------------------------------------------

--
-- Table structure for table `addition`
--

CREATE TABLE `addition` (
  `addi_id` int(14) NOT NULL,
  `salary_id` int(14) NOT NULL,
  `basic` varchar(128) DEFAULT NULL,
  `medical` varchar(64) DEFAULT NULL,
  `house_rent` varchar(64) DEFAULT NULL,
  `conveyance` varchar(64) DEFAULT NULL
) ENGINE=InnoDB DEFAULT CHARSET=utf8 COLLATE=utf8_general_ci;

--
-- Dumping data for table `addition`
--

INSERT INTO `addition` (`addi_id`, `salary_id`, `basic`, `medical`, `house_rent`, `conveyance`) VALUES
(25, 25, '7500.00', '750.00', '6000.00', '750.00'),
(26, 26, '7500.00', '750.00', '6000.00', '750.00');

-- --------------------------------------------------------

--
-- Table structure for table `address`
--

CREATE TABLE `address` (
  `id` int(14) NOT NULL,
  `emp_id` varchar(64) DEFAULT NULL,
  `city` varchar(128) DEFAULT NULL,
  `country` varchar(128) DEFAULT NULL,
  `address` longtext DEFAULT NULL,
  `type` enum('Present','Permanent') DEFAULT 'Present'
) ENGINE=InnoDB DEFAULT CHARSET=latin1 COLLATE=latin1_swedish_ci;

--
-- Dumping data for table `address`
--

INSERT INTO `address` (`id`, `emp_id`, `city`, `country`, `address`, `type`) VALUES
(1, '25', 'Thane', 'India', 'Thane', 'Present'),
(2, '25', 'Dronagiri', 'India', 'Near uran main road, Dronagiri, Bokadvira, Raigad,', 'Permanent');

-- --------------------------------------------------------

--
-- Table structure for table `announcement`
--

CREATE TABLE `announcement` (
  `announcement_id` int(100) NOT NULL,
  `op_user_id` int(100) DEFAULT NULL,
  `role_id` int(100) DEFAULT NULL,
  `announcement_description` longtext DEFAULT NULL,
  `announcement_image` longtext DEFAULT NULL,
  `announcement_status` tinyint(1) NOT NULL DEFAULT 1,
  `announcement_added_on` timestamp NOT NULL DEFAULT current_timestamp() ON UPDATE current_timestamp()
) ENGINE=InnoDB DEFAULT CHARSET=utf8mb4 COLLATE=utf8mb4_general_ci;

--
-- Dumping data for table `announcement`
--

INSERT INTO `announcement` (`announcement_id`, `op_user_id`, `role_id`, `announcement_description`, `announcement_image`, `announcement_status`, `announcement_added_on`) VALUES
(1, 1, 1, 'hello 123', '463723034image.jpg', 0, '2025-05-03 11:53:15'),
(2, 1, 1, 'First Announcement', '2023680114profi.png', 1, '2025-02-15 09:04:51'),
(3, 1, 1, 'Republic Day', '473851241downl.jfif', 0, '2025-05-03 11:53:19');

-- --------------------------------------------------------

--
-- Table structure for table `assign_leave`
--

CREATE TABLE `assign_leave` (
  `id` int(14) NOT NULL,
  `app_id` varchar(11) NOT NULL,
  `emp_id` varchar(64) DEFAULT NULL,
  `type_id` int(14) NOT NULL,
  `day` varchar(256) DEFAULT NULL,
  `hour` varchar(255) NOT NULL,
  `total_day` varchar(64) DEFAULT NULL,
  `dateyear` varchar(64) DEFAULT NULL
) ENGINE=InnoDB DEFAULT CHARSET=utf8 COLLATE=utf8_general_ci;

--
-- Dumping data for table `assign_leave`
--

INSERT INTO `assign_leave` (`id`, `app_id`, `emp_id`, `type_id`, `day`, `hour`, `total_day`, `dateyear`) VALUES
(22, '', '', 7, '11', '', '0', '2017'),
(23, '', '22', 3, '1', '', '0', '2019'),
(24, '', '22', 5, '12222', '', '0', '2020'),
(25, '', '22', 7, '1111', '', '0', '2024');

-- --------------------------------------------------------

--
-- Table structure for table `attendance_log`
--

CREATE TABLE `attendance_log` (
  `attendance_log_id` int(11) NOT NULL,
  `attendance_log_emp_id` int(11) DEFAULT NULL,
  `attendance_log_in_time` varchar(50) DEFAULT NULL,
  `attendance_log_in_latitude` varchar(50) DEFAULT NULL,
  `attendance_log_in_longitude` varchar(50) DEFAULT NULL,
  `attendance_log_out_time` varchar(50) DEFAULT NULL,
  `attendance_log_out_latitude` varchar(50) DEFAULT NULL,
  `attendance_log_out_longitude` varchar(50) DEFAULT NULL,
  `attendance_log_update_by` int(11) DEFAULT NULL,
  `attendance_log_update_reason` text DEFAULT NULL,
  `attendance_log_update_date` varchar(50) DEFAULT NULL,
  `emp_punching_image` varchar(255) NOT NULL
) ENGINE=InnoDB DEFAULT CHARSET=utf8mb4 COLLATE=utf8mb4_general_ci;

--
-- Dumping data for table `attendance_log`
--

INSERT INTO `attendance_log` (`attendance_log_id`, `attendance_log_emp_id`, `attendance_log_in_time`, `attendance_log_in_latitude`, `attendance_log_in_longitude`, `attendance_log_out_time`, `attendance_log_out_latitude`, `attendance_log_out_longitude`, `attendance_log_update_by`, `attendance_log_update_reason`, `attendance_log_update_date`, `emp_punching_image`) VALUES
(1, 22, '2024-12-02 22:55:49', '19.2086016', '73.0988544', NULL, NULL, NULL, NULL, NULL, NULL, ''),
(3, 22, '2024-12-09 09:59:20', '19.2076055', '73.0970372', NULL, NULL, NULL, NULL, NULL, NULL, ''),
(4, 22, '2024-12-14 10:49:29', '19.1984568', '72.9792619', NULL, NULL, NULL, NULL, NULL, NULL, ''),
(5, 22, '2024-12-16 09:58:32', '19.2393291', '73.1407211', NULL, NULL, NULL, NULL, NULL, NULL, ''),
(6, 22, '2024-12-17 10:25:19', '19.2393272', '73.1407226', NULL, NULL, NULL, NULL, NULL, NULL, ''),
(7, 25, '2025-01-05 11:16:51', '19.239323', '73.1407763', NULL, NULL, NULL, NULL, NULL, NULL, ''),
(8, 22, '2025-01-24 11:08:57', '19.0125957', '73.0102367', NULL, NULL, NULL, NULL, NULL, NULL, ''),
(9, 22, '2025-02-08 11:10:36', '19.2086016', '73.0988544', NULL, NULL, NULL, NULL, NULL, NULL, ''),
(10, 1, '2025-02-13 10:31:39', '16.3127843', '74.1502369', NULL, NULL, NULL, NULL, NULL, NULL, ''),
(11, 1, '2025-02-13 19:14:22', '16.31268', '74.1535397', NULL, NULL, NULL, NULL, NULL, NULL, ''),
(12, 1, '2025-02-19 16:34:05', '19.2043684', '72.8348307', '2025-02-19 16:34:59', '19.2043684', '72.8348307', NULL, NULL, NULL, ''),
(13, 1, '2025-02-19 16:34:21', '19.2043684', '72.8348307', NULL, NULL, NULL, NULL, NULL, NULL, ''),
(14, 1, '2025-02-24 18:33:05', '19.2045953', '72.8350663', '2025-02-24 18:57:59', '19.2043449', '72.8349051', NULL, NULL, NULL, ''),
(15, 1, '2025-02-24 18:57:43', '19.2043449', '72.8349051', NULL, NULL, NULL, NULL, NULL, NULL, ''),
(16, 1, '2025-02-26 14:08:45', '19.2044516', '72.8349335', NULL, NULL, NULL, NULL, NULL, NULL, ''),
(17, 1, '2025-02-26 14:09:56', '19.2044516', '72.8349335', NULL, NULL, NULL, NULL, NULL, NULL, ''),
(18, 1, '2025-02-26 15:32:48', '19.2045068', '72.8349485', NULL, NULL, NULL, NULL, NULL, NULL, ''),
(19, 1, '2025-02-26 15:33:29', '19.2045068', '72.8349485', NULL, NULL, NULL, NULL, NULL, NULL, ''),
(20, 1, '2025-02-27 10:56:20', '16.3126457', '74.1507853', NULL, NULL, NULL, NULL, NULL, NULL, ''),
(21, 29, '2025-04-24 18:58:54', '19.047227', '73.008784', NULL, NULL, NULL, NULL, NULL, NULL, ''),
(22, 1, '2025-04-29 13:28:50', '16.31268', '74.1535397', NULL, NULL, NULL, NULL, NULL, NULL, ''),
(23, 29, '2025-04-29 18:26:45', '19.0676992', '73.0136576', NULL, NULL, NULL, NULL, NULL, NULL, '');

-- --------------------------------------------------------

--
-- Table structure for table `attendance_monitor_log`
--

CREATE TABLE `attendance_monitor_log` (
  `mlog_id` int(50) NOT NULL,
  `user_id` int(50) NOT NULL,
  `longitude` varchar(50) NOT NULL,
  `latitude` varchar(50) NOT NULL,
  `added_on` datetime NOT NULL DEFAULT current_timestamp()
) ENGINE=InnoDB DEFAULT CHARSET=utf8mb4 COLLATE=utf8mb4_general_ci;

--
-- Dumping data for table `attendance_monitor_log`
--

INSERT INTO `attendance_monitor_log` (`mlog_id`, `user_id`, `longitude`, `latitude`, `added_on`) VALUES
(1, 22, '73.0988544', '19.2086016', '2025-02-08 13:14:56'),
(2, 1, '74.1539067', '16.3127081', '2025-02-13 08:43:20'),
(3, 1, '74.1507218', '16.3125814', '2025-02-13 08:54:14'),
(4, 1, '74.1539067', '16.3127081', '2025-02-13 09:06:57'),
(5, 1, '74.1539067', '16.3127081', '2025-02-13 09:08:37'),
(6, 1, '74.1507278', '16.3125839', '2025-02-13 09:24:52'),
(7, 1, '74.1507274', '16.3125852', '2025-02-13 09:44:55'),
(8, 1, '74.1513378', '16.31394', '2025-02-13 09:59:49'),
(9, 1, '74.1505484', '16.3126854', '2025-02-13 10:18:50'),
(10, 1, '74.1502369', '16.3127843', '2025-02-13 10:31:39'),
(11, 1, '72.9658175', '19.2006713', '2025-02-13 10:36:35'),
(12, 1, '72.9658426', '19.200672', '2025-02-13 10:57:11'),
(13, 1, '72.9658249', '19.2006697', '2025-02-13 11:12:51'),
(14, 1, '72.9658617', '19.2006712', '2025-02-13 11:27:17'),
(15, 1, '72.9658636', '19.2006784', '2025-02-13 11:47:18'),
(16, 1, '72.9658124', '19.2006742', '2025-02-13 11:57:28'),
(17, 1, '72.9658304', '19.2006823', '2025-02-13 12:18:38'),
(18, 1, '72.9658598', '19.2006714', '2025-02-13 12:26:55'),
(19, 1, '72.9658235', '19.2006685', '2025-02-13 12:50:35'),
(20, 1, '72.9658257', '19.200677', '2025-02-13 13:05:47'),
(21, 1, '72.9658388', '19.2006759', '2025-02-13 13:15:47'),
(22, 1, '72.9658564', '19.2006765', '2025-02-13 13:44:59'),
(23, 1, '72.9658398', '19.2006654', '2025-02-13 14:06:00'),
(24, 1, '72.9658247', '19.2006705', '2025-02-13 14:20:32'),
(25, 1, '72.9658227', '19.2006693', '2025-02-13 14:36:19'),
(26, 1, '72.9658343', '19.2006722', '2025-02-13 14:52:16'),
(27, 1, '72.9658158', '19.2006727', '2025-02-13 15:09:12'),
(28, 1, '72.9658616', '19.2006752', '2025-02-13 15:26:31'),
(29, 1, '74.1535397', '16.31268', '2025-02-13 15:49:49'),
(30, 1, '74.1528058', '16.3129809', '2025-02-13 15:50:22'),
(31, 1, '74.1528058', '16.3129809', '2025-02-13 15:51:41'),
(32, 1, '74.1546406', '16.3116928', '2025-02-13 16:05:42'),
(33, 1, '72.9658765', '19.2006728', '2025-02-13 16:11:00'),
(34, 1, '74.1535397', '16.31268', '2025-02-13 16:25:55'),
(35, 1, '74.1507284', '16.3125864', '2025-02-13 16:45:57'),
(36, 1, '74.1502369', '16.3127843', '2025-02-13 17:01:38'),
(37, 1, '74.1502369', '16.3127843', '2025-02-13 17:05:15'),
(38, 1, '74.1535397', '16.31268', '2025-02-13 17:21:38'),
(39, 1, '74.1535397', '16.31268', '2025-02-13 17:36:39'),
(40, 1, '74.1535397', '16.31268', '2025-02-13 17:37:14'),
(41, 1, '74.1535397', '16.31268', '2025-02-13 17:41:13'),
(42, 1, '74.1535397', '16.31268', '2025-02-13 17:41:48'),
(43, 1, '74.1535397', '16.31268', '2025-02-13 17:53:56'),
(44, 1, '74.1498699', '16.312042', '2025-02-13 18:31:26'),
(45, 1, '74.1517048', '16.3136109', '2025-02-13 18:31:53'),
(46, 1, '74.1517048', '16.3136109', '2025-02-13 18:35:26'),
(47, 1, '74.1517048', '16.3136109', '2025-02-13 18:35:38'),
(48, 1, '74.1517048', '16.3136109', '2025-02-13 18:49:26'),
(49, 1, '74.1502369', '16.3127843', '2025-02-13 18:49:29'),
(50, 1, '74.1502369', '16.3127843', '2025-02-13 18:50:24'),
(51, 1, '74.1502369', '16.3127843', '2025-02-13 18:51:26'),
(52, 1, '74.1502369', '16.3127843', '2025-02-13 18:51:37'),
(53, 1, '74.1502369', '16.3127843', '2025-02-13 18:57:04'),
(54, 1, '74.1502369', '16.3127843', '2025-02-13 18:57:08'),
(55, 1, '74.1517048', '16.3132538', '2025-02-13 19:00:19'),
(56, 1, '74.1517048', '16.3132538', '2025-02-13 19:03:20'),
(57, 1, '74.1517048', '16.3132538', '2025-02-13 19:03:52'),
(58, 1, '74.1517048', '16.3132538', '2025-02-13 19:07:58'),
(59, 1, '74.1517048', '16.3132538', '2025-02-13 19:08:19'),
(60, 1, '74.1535397', '16.31268', '2025-02-13 19:11:53'),
(61, 1, '74.1535397', '16.31268', '2025-02-13 19:13:36'),
(62, 1, '74.1535397', '16.31268', '2025-02-13 19:14:22'),
(63, 1, '74.1535397', '16.31268', '2025-02-13 19:16:42'),
(64, 1, '74.1535397', '16.31268', '2025-02-13 19:17:10'),
(65, 1, '74.1535397', '16.31268', '2025-02-13 19:52:45'),
(66, 1, '74.1535397', '16.31268', '2025-02-13 20:13:48'),
(67, 1, '74.1507243', '16.3125858', '2025-02-13 20:35:40'),
(68, 1, '74.1535397', '16.31268', '2025-02-13 20:55:43'),
(69, 1, '74.1528058', '16.3129809', '2025-02-13 21:15:44'),
(70, 1, '74.1517048', '16.3132538', '2025-02-13 21:35:40'),
(71, 1, '74.1539067', '16.3127081', '2025-02-13 21:55:41'),
(72, 1, '74.1535397', '16.31268', '2025-02-13 22:19:30'),
(73, 1, '74.1507287', '16.3125886', '2025-02-13 22:35:40'),
(74, 1, '74.1507872', '16.3126276', '2025-02-13 22:51:13'),
(75, 1, '74.1507676', '16.312631', '2025-02-13 23:11:19'),
(76, 1, '74.1507359', '16.31264', '2025-02-13 23:31:24'),
(77, 1, '74.1507243', '16.3125858', '2025-02-13 23:55:43'),
(78, 1, '74.1506846', '16.3125941', '2025-02-14 00:12:52'),
(79, 1, '74.1507287', '16.312587', '2025-02-14 00:33:37'),
(80, 1, '74.1507283', '16.3125889', '2025-02-14 00:53:40'),
(81, 1, '74.150727', '16.3125896', '2025-02-14 01:09:42'),
(82, 1, '74.1507287', '16.3125886', '2025-02-14 01:54:38'),
(83, 1, '74.1507284', '16.3125864', '2025-02-14 02:10:14'),
(84, 1, '74.1507259', '16.3125856', '2025-02-14 03:04:38'),
(85, 1, '74.1507251', '16.3125856', '2025-02-14 04:10:45'),
(86, 1, '74.1507236', '16.3125862', '2025-02-14 04:10:55'),
(87, 1, '74.1507243', '16.3125858', '2025-02-14 05:12:56'),
(88, 1, '74.1507251', '16.3125856', '2025-02-14 05:37:56'),
(89, 1, '74.1507243', '16.3125858', '2025-02-14 05:55:26'),
(90, 1, '74.1507259', '16.3125856', '2025-02-14 06:21:38'),
(91, 1, '74.1507287', '16.3125886', '2025-02-14 06:35:48'),
(92, 1, '74.1517048', '16.3136109', '2025-02-14 06:50:30'),
(93, 1, '74.1539067', '16.3127081', '2025-02-14 07:05:36'),
(94, 1, '74.1459778', '16.3170133', '2025-02-14 07:26:33'),
(95, 1, '74.1437159', '16.3186105', '2025-02-14 07:41:36'),
(96, 1, '74.1437159', '16.3186105', '2025-02-14 08:18:37'),
(97, 1, '74.1437108', '16.3186013', '2025-02-14 08:55:52'),
(98, 1, '74.1437124', '16.3186072', '2025-02-14 09:16:41'),
(99, 1, '74.1507275', '16.3125902', '2025-02-14 09:45:29'),
(100, 1, '74.1507271', '16.31259', '2025-02-14 10:00:30'),
(101, 1, '74.1507257', '16.3125891', '2025-02-14 10:15:31'),
(102, 1, '74.1507271', '16.31259', '2025-02-14 10:30:31'),
(103, 1, '74.1419107', '16.3166785', '2025-02-14 10:45:32'),
(104, 1, '74.1535397', '16.31268', '2025-02-14 11:10:34'),
(105, 1, '74.1539067', '16.3127081', '2025-02-14 11:25:34'),
(106, 1, '74.1507263', '16.3125894', '2025-02-14 11:50:50'),
(107, 1, '74.1451678', '16.320299', '2025-02-14 12:07:01'),
(108, 1, '74.1437696', '16.3178042', '2025-02-14 12:26:04'),
(109, 1, '74.1502369', '16.3127843', '2025-02-14 12:51:10'),
(110, 1, '74.1535397', '16.31268', '2025-02-14 13:05:49'),
(111, 1, '74.1507288', '16.3125876', '2025-02-14 13:14:03'),
(112, 1, '74.1507288', '16.3125876', '2025-02-14 13:15:30'),
(113, 1, '74.1507288', '16.3125876', '2025-02-14 13:25:02'),
(114, 1, '74.1507288', '16.3125876', '2025-02-14 13:25:48'),
(115, 1, '74.1507243', '16.3125858', '2025-02-14 13:26:25'),
(116, 1, '74.1507243', '16.3125858', '2025-02-14 13:28:54'),
(117, 1, '74.1507236', '16.3125862', '2025-02-14 13:50:53'),
(118, 1, '74.1507251', '16.3125856', '2025-02-14 14:05:52'),
(119, 1, '74.1507251', '16.3125856', '2025-02-14 14:20:55'),
(120, 1, '74.1507251', '16.3125856', '2025-02-14 14:35:52'),
(121, 1, '74.1507236', '16.3125862', '2025-02-14 14:51:18'),
(122, 1, '74.1535397', '16.31268', '2025-02-14 15:06:05'),
(123, 1, '74.1502369', '16.3127843', '2025-02-14 15:21:08'),
(124, 1, '74.1502369', '16.3127843', '2025-02-14 15:22:03'),
(125, 1, '74.1502369', '16.3127843', '2025-02-14 15:22:57'),
(126, 1, '74.1502369', '16.3127843', '2025-02-14 15:26:17'),
(127, 1, '74.1513378', '16.31394', '2025-02-14 15:48:36'),
(128, 1, '74.1507452', '16.3129422', '2025-02-14 16:03:36'),
(129, 1, '74.1507483', '16.3129651', '2025-02-14 16:25:09'),
(130, 1, '74.1542737', '16.3127361', '2025-02-14 16:26:13'),
(131, 1, '74.1542737', '16.3127361', '2025-02-14 16:28:49'),
(132, 1, '74.1542737', '16.3127361', '2025-02-14 16:29:31'),
(133, 1, '74.1542737', '16.3127361', '2025-02-14 16:30:19'),
(134, 1, '74.1542737', '16.3127361', '2025-02-14 16:34:35'),
(135, 1, '74.1542737', '16.3127361', '2025-02-14 16:43:02'),
(136, 1, '74.1542737', '16.3127361', '2025-02-14 16:48:46'),
(137, 1, '74.1542737', '16.3127361', '2025-02-14 16:50:04'),
(138, 1, '74.1507267', '16.3125857', '2025-02-14 16:50:51'),
(139, 1, '74.1507288', '16.3125881', '2025-02-14 17:05:52'),
(140, 1, '74.1507236', '16.3125862', '2025-02-14 17:20:18'),
(141, 1, '74.1507236', '16.3125862', '2025-02-14 17:29:54'),
(142, 1, '74.1507243', '16.3125858', '2025-02-14 17:35:18'),
(143, 1, '74.1507287', '16.312587', '2025-02-14 17:50:19'),
(144, 1, '74.1508495', '16.3125315', '2025-02-14 18:05:05'),
(145, 1, '74.1507284', '16.3125864', '2025-02-14 18:05:19'),
(146, 1, '74.1507284', '16.3125864', '2025-02-14 18:25:47'),
(147, 1, '74.1507288', '16.3125881', '2025-02-14 18:35:50'),
(148, 1, '74.1507288', '16.3125881', '2025-02-14 18:41:05'),
(149, 1, '74.1535397', '16.31268', '2025-02-14 18:57:46'),
(150, 1, '74.1539067', '16.3127081', '2025-02-14 19:20:52'),
(151, 1, '74.1524388', '16.3129529', '2025-02-14 19:35:52'),
(152, 1, '74.1507427', '16.3129105', '2025-02-14 19:50:52'),
(153, 1, '74.0962829', '16.2533143', '2025-02-14 20:16:11'),
(154, 1, '74.0841759', '16.2793568', '2025-02-14 21:30:00'),
(155, 1, '74.1370251', '16.3114157', '2025-02-14 21:45:03'),
(156, 1, '74.1507495', '16.312943', '2025-02-14 22:09:13'),
(157, 1, '74.1507267', '16.3125857', '2025-02-14 22:24:09'),
(158, 1, '74.1507243', '16.3125858', '2025-02-14 22:39:12'),
(159, 1, '74.1507243', '16.3125858', '2025-02-14 22:42:48'),
(160, 1, '74.1507243', '16.3125858', '2025-02-14 22:45:07'),
(161, 1, '74.1507243', '16.3125858', '2025-02-14 22:48:54'),
(162, 1, '74.1507284', '16.3125864', '2025-02-14 22:54:14'),
(163, 1, '74.1507243', '16.3125858', '2025-02-14 23:18:24'),
(164, 1, '74.1507236', '16.3125862', '2025-02-14 23:20:57'),
(165, 1, '74.1502369', '16.3127843', '2025-02-14 23:35:55'),
(166, 1, '74.1535397', '16.31268', '2025-02-14 23:51:50'),
(167, 1, '74.150728', '16.3125859', '2025-02-15 00:07:52'),
(168, 1, '74.1507236', '16.3125862', '2025-02-15 00:23:03'),
(169, 1, '74.1507274', '16.3125858', '2025-02-15 00:53:17'),
(170, 1, '74.1507267', '16.3125857', '2025-02-15 01:09:39'),
(171, 1, '74.1507274', '16.3125858', '2025-02-15 01:23:50'),
(172, 1, '74.1507211', '16.3125871', '2025-02-15 01:58:18'),
(173, 1, '74.1507271', '16.3125896', '2025-02-15 02:13:18'),
(174, 1, '74.1507236', '16.3125862', '2025-02-15 02:29:39'),
(175, 1, '74.1539067', '16.3127081', '2025-02-15 02:43:21'),
(176, 1, '74.1507267', '16.3125857', '2025-02-15 03:09:39'),
(177, 1, '74.1507228', '16.3125866', '2025-02-15 03:29:39'),
(178, 1, '74.1507219', '16.3125869', '2025-02-15 03:43:21'),
(179, 1, '74.1507211', '16.3125871', '2025-02-15 04:09:00'),
(180, 1, '74.1539067', '16.3127081', '2025-02-15 04:24:01'),
(181, 1, '74.1507211', '16.3125871', '2025-02-15 04:39:39'),
(182, 1, '74.1507236', '16.3125862', '2025-02-15 04:54:49'),
(183, 1, '74.1507236', '16.3125862', '2025-02-15 05:09:49'),
(184, 1, '74.1507243', '16.3125858', '2025-02-15 05:24:50'),
(185, 1, '74.1507288', '16.3125881', '2025-02-15 05:40:02'),
(186, 1, '74.1507228', '16.3125866', '2025-02-15 06:07:27'),
(187, 1, '74.1507251', '16.3125856', '2025-02-15 06:21:48'),
(188, 1, '74.1507236', '16.3125862', '2025-02-15 06:47:24'),
(189, 1, '73.121188', '19.0041354', '2025-02-15 10:04:39'),
(190, 1, '73.121188', '19.0041354', '2025-02-15 10:05:39'),
(191, 1, '73.1211888', '19.0041391', '2025-02-15 10:13:42'),
(192, 1, '72.9658779', '19.2006666', '2025-02-15 10:15:29'),
(193, 1, '72.9658779', '19.2006666', '2025-02-15 10:15:40'),
(194, 1, '73.1211821', '19.0041443', '2025-02-15 10:36:08'),
(195, 1, '73.1211881', '19.0041389', '2025-02-15 10:37:03'),
(196, 1, '73.1207117', '19.00396', '2025-02-15 10:49:34'),
(197, 1, '73.1211862', '19.0041386', '2025-02-15 11:02:44'),
(198, 1, '73.1207117', '19.00396', '2025-02-15 11:45:58'),
(199, 1, '73.1207117', '19.00396', '2025-02-15 12:09:05'),
(200, 1, '73.1209014', '19.0044292', '2025-02-15 12:16:30'),
(201, 1, '73.1225833', '18.9913733', '2025-02-15 12:34:52'),
(202, 1, '73.1192091', '18.9931853', '2025-02-15 12:45:19'),
(203, 1, '73.0422188', '19.019739', '2025-02-15 13:00:17'),
(204, 1, '73.0347865', '19.011328', '2025-02-15 13:18:29'),
(205, 1, '73.0347886', '19.0113046', '2025-02-15 13:23:12'),
(206, 1, '73.0349628', '19.011555', '2025-02-15 13:36:41'),
(207, 1, '73.0354017', '19.0115783', '2025-02-15 13:57:45'),
(208, 1, '73.0347267', '19.0114767', '2025-02-15 14:23:12'),
(209, 1, '73.0347117', '19.0112233', '2025-02-15 14:39:54'),
(210, 1, '73.0388512', '19.0185439', '2025-02-15 14:42:31'),
(211, 1, '73.0184773', '19.0342673', '2025-02-15 14:56:38'),
(212, 1, '73.015622', '19.095822', '2025-02-15 15:11:33'),
(213, 1, '72.9946408', '19.1814279', '2025-02-15 15:28:07'),
(214, 1, '72.9724212', '19.1912138', '2025-02-15 15:42:54'),
(215, 1, '72.9658688', '19.2006744', '2025-02-15 16:23:23'),
(216, 1, '72.9658806', '19.200666', '2025-02-15 16:44:36'),
(217, 1, '72.96583', '19.2006759', '2025-02-15 17:03:05'),
(218, 1, '72.9658648', '19.2006684', '2025-02-15 17:21:41'),
(219, 1, '72.9658795', '19.2006667', '2025-02-15 17:35:07'),
(220, 1, '72.96588', '19.2005383', '2025-02-15 17:55:08'),
(221, 1, '72.9658511', '19.2006676', '2025-02-15 18:05:11'),
(222, 1, '72.9658681', '19.2006675', '2025-02-15 18:24:25'),
(223, 1, '72.96587', '19.2008617', '2025-02-15 18:39:48'),
(224, 1, '72.96572', '19.20062', '2025-02-15 19:02:21'),
(225, 1, '72.9658187', '19.2006698', '2025-02-15 19:21:32'),
(226, 1, '72.9658883', '19.2007033', '2025-02-15 19:34:28'),
(227, 1, '72.9661367', '19.2006483', '2025-02-15 19:58:05'),
(228, 1, '72.965875', '19.2006709', '2025-02-15 20:16:01'),
(229, 1, '72.9660483', '19.200785', '2025-02-15 20:19:04'),
(230, 1, '72.9659467', '19.20188', '2025-02-15 20:33:03'),
(231, 1, '72.9741504', '19.1878995', '2025-02-15 20:47:58'),
(232, 1, '72.989422', '19.1886034', '2025-02-15 21:03:19'),
(233, 1, '73.010087', '19.1114748', '2025-02-15 21:18:16'),
(234, 1, '73.0133983', '19.0661078', '2025-02-15 21:33:53'),
(235, 1, '73.025383', '19.0174963', '2025-02-15 21:48:38'),
(236, 1, '73.1137534', '18.9979147', '2025-02-15 22:04:58'),
(237, 1, '73.1212868', '19.0040486', '2025-02-15 22:26:55'),
(238, 1, '73.1211875', '19.004138', '2025-02-15 22:49:04'),
(239, 1, '73.1211826', '19.004129', '2025-02-15 22:58:09'),
(240, 1, '73.1211929', '19.0041275', '2025-02-15 23:06:10'),
(241, 1, '73.1211818', '19.0041411', '2025-02-15 23:28:13'),
(242, 1, '73.1211852', '19.0041399', '2025-02-15 23:38:15'),
(243, 1, '73.1211778', '19.0041446', '2025-02-15 23:58:17'),
(244, 1, '73.1211773', '19.0041458', '2025-02-16 00:08:17'),
(245, 1, '73.1211816', '19.0041536', '2025-02-16 00:28:20'),
(246, 1, '73.1211789', '19.0041385', '2025-02-16 00:48:22'),
(247, 1, '73.1212261', '19.0045002', '2025-02-16 01:42:22'),
(248, 1, '73.1211792', '19.0044923', '2025-02-16 01:52:27'),
(249, 1, '73.121116', '19.0042482', '2025-02-16 02:42:23'),
(250, 1, '73.1212414', '19.0043767', '2025-02-16 03:39:45'),
(251, 1, '73.1212517', '19.0044396', '2025-02-16 04:43:30'),
(252, 1, '73.1212271', '19.004427', '2025-02-16 05:43:32'),
(253, 1, '73.1212619', '19.0043723', '2025-02-16 05:53:37'),
(254, 1, '73.1210851', '19.0042438', '2025-02-16 06:25:17'),
(255, 1, '73.1212119', '19.0043948', '2025-02-16 06:51:04'),
(256, 1, '73.1211566', '19.0043435', '2025-02-16 07:45:01'),
(257, 1, '73.1212617', '19.0040967', '2025-02-16 08:05:28'),
(258, 1, '73.1211417', '19.00415', '2025-02-16 08:28:27'),
(259, 1, '73.1211417', '19.00415', '2025-02-16 09:06:19'),
(260, 1, '73.1211467', '19.004005', '2025-02-16 09:28:20'),
(261, 1, '73.1211833', '19.00414', '2025-02-16 09:38:20'),
(262, 1, '73.12115', '19.0046583', '2025-02-16 09:58:20'),
(263, 1, '73.121186', '19.0041409', '2025-02-16 10:08:20'),
(264, 1, '73.121195', '19.0041367', '2025-02-16 10:24:08'),
(265, 1, '73.1211943', '19.0041207', '2025-02-16 10:52:16'),
(266, 1, '73.1211829', '19.0041373', '2025-02-16 11:20:32'),
(267, 1, '73.120755', '19.004335', '2025-02-16 11:30:33'),
(268, 1, '73.1211714', '19.0041358', '2025-02-16 11:55:24'),
(269, 1, '73.1211874', '19.0041377', '2025-02-16 12:32:34'),
(270, 1, '73.1211864', '19.0041365', '2025-02-16 12:55:25'),
(271, 1, '73.1211763', '19.0041518', '2025-02-16 13:06:50'),
(272, 1, '73.1211837', '19.0041377', '2025-02-16 13:27:52'),
(273, 1, '73.1211876', '19.0041365', '2025-02-16 13:46:44'),
(274, 1, '73.1211811', '19.0041375', '2025-02-16 14:31:56'),
(275, 1, '73.1211817', '19.0041279', '2025-02-16 15:01:07'),
(276, 1, '73.1211922', '19.0041319', '2025-02-16 15:43:12'),
(277, 1, '73.121265', '19.00398', '2025-02-16 15:54:12'),
(278, 1, '73.1211776', '19.0041464', '2025-02-16 16:09:27'),
(279, 1, '73.1205533', '19.0016417', '2025-02-16 16:23:52'),
(280, 1, '73.1205365', '19.0016392', '2025-02-16 16:28:03'),
(281, 1, '73.1206292', '19.0017567', '2025-02-16 16:50:00'),
(282, 1, '73.1205523', '19.0015822', '2025-02-16 16:55:50'),
(283, 1, '73.1071182', '18.9943653', '2025-02-16 17:13:05'),
(284, 1, '73.103557', '18.9968254', '2025-02-16 17:31:58'),
(285, 1, '73.1035816', '18.9967071', '2025-02-16 17:38:46'),
(286, 1, '73.1031883', '18.9968467', '2025-02-16 18:04:26'),
(287, 1, '73.1179801', '19.0107896', '2025-02-16 18:23:54'),
(288, 1, '73.1159778', '19.0077503', '2025-02-16 18:30:49'),
(289, 1, '73.1240556', '18.9910886', '2025-02-16 18:51:06'),
(290, 1, '73.1252604', '18.9917048', '2025-02-16 19:09:39'),
(291, 1, '73.1223941', '18.9976871', '2025-02-16 19:22:41'),
(292, 1, '73.1211878', '19.0041388', '2025-02-16 19:40:41'),
(293, 1, '73.1211874', '19.0041209', '2025-02-16 19:50:41'),
(294, 1, '73.1211874', '19.0041209', '2025-02-16 19:55:01'),
(295, 1, '73.1066833', '19.0172133', '2025-02-16 20:14:51'),
(296, 1, '73.1970217', '18.9030417', '2025-02-16 20:38:09'),
(297, 1, '73.3075886', '18.7988258', '2025-02-16 21:00:35'),
(298, 1, '73.3205757', '18.8023791', '2025-02-16 21:11:49'),
(299, 1, '73.3198387', '18.8026713', '2025-02-16 21:40:01'),
(300, 1, '73.3201655', '18.8032224', '2025-02-16 21:59:18'),
(301, 1, '73.3184293', '18.8014873', '2025-02-16 22:09:22'),
(302, 1, '73.3231867', '18.8017367', '2025-02-16 22:17:54'),
(303, 1, '73.2689803', '18.819946', '2025-02-16 22:32:32'),
(304, 1, '73.1572719', '18.9577517', '2025-02-16 22:47:32'),
(305, 1, '73.1096996', '19.0061723', '2025-02-16 23:08:39'),
(306, 1, '73.1232139', '19.0046415', '2025-02-16 23:11:10'),
(307, 1, '73.1232139', '19.0046415', '2025-02-16 23:11:27'),
(308, 1, '73.1232139', '19.0046415', '2025-02-16 23:11:30'),
(309, 1, '73.1211712', '19.0041447', '2025-02-16 23:47:12'),
(310, 1, '73.1211719', '19.0041425', '2025-02-17 00:03:35'),
(311, 1, '73.1211884', '19.0041397', '2025-02-17 00:22:50'),
(312, 1, '73.1233429', '19.0042033', '2025-02-17 00:56:04'),
(313, 1, '73.1226053', '19.0048534', '2025-02-17 01:20:57'),
(314, 1, '73.1233429', '19.0042033', '2025-02-17 01:56:06'),
(315, 1, '73.1233429', '19.0042033', '2025-02-17 02:14:37'),
(316, 1, '73.121284', '19.0041713', '2025-02-17 03:02:51'),
(317, 1, '73.1226053', '19.0048534', '2025-02-17 03:31:48'),
(318, 1, '73.1233429', '19.0042033', '2025-02-17 04:11:34'),
(319, 1, '73.1233429', '19.0042033', '2025-02-17 04:54:07'),
(320, 1, '73.1233429', '19.0042033', '2025-02-17 05:14:40'),
(321, 1, '73.1207611', '19.0039621', '2025-02-17 05:54:08'),
(322, 1, '73.1212118', '19.0040318', '2025-02-17 06:14:41'),
(323, 1, '73.1212099', '19.0040332', '2025-02-17 06:54:09'),
(324, 1, '73.1237117', '19.0045972', '2025-02-17 07:11:37'),
(325, 1, '73.1212101', '19.0040371', '2025-02-17 07:39:53'),
(326, 1, '73.1212118', '19.0040318', '2025-02-17 07:56:11'),
(327, 1, '73.1212118', '19.0040318', '2025-02-17 08:11:37'),
(328, 1, '73.1211831', '19.0040953', '2025-02-17 08:36:38'),
(329, 1, '73.1212087', '19.004036', '2025-02-17 08:53:47'),
(330, 1, '73.1211772', '19.0040112', '2025-02-17 09:35:37'),
(331, 1, '73.1211822', '19.0041269', '2025-02-17 09:55:46'),
(332, 1, '73.121186', '19.004143', '2025-02-17 10:14:09'),
(333, 1, '73.1211866', '19.0041413', '2025-02-17 10:24:12'),
(334, 1, '73.1211882', '19.0041397', '2025-02-17 10:44:14'),
(335, 1, '73.1211825', '19.0041376', '2025-02-17 11:03:25'),
(336, 1, '73.1211794', '19.0041393', '2025-02-17 11:13:25'),
(337, 1, '73.12119', '19.0041389', '2025-02-17 11:32:36'),
(338, 1, '73.1211739', '19.0041483', '2025-02-17 11:52:40'),
(339, 1, '73.1211733', '19.0041452', '2025-02-17 12:02:40'),
(340, 1, '73.1211794', '19.0041391', '2025-02-17 12:09:59'),
(341, 1, '73.1211838', '19.0041358', '2025-02-17 12:17:27'),
(342, 1, '73.1211755', '19.0041373', '2025-02-17 12:39:58'),
(343, 1, '73.1211841', '19.0041274', '2025-02-17 12:58:54'),
(344, 1, '73.1211833', '19.0041339', '2025-02-17 13:08:55'),
(345, 1, '73.1211777', '19.0041357', '2025-02-17 13:27:00'),
(346, 1, '73.1211784', '19.0041433', '2025-02-17 13:37:08'),
(347, 1, '73.1232672', '18.9916516', '2025-02-17 13:49:00'),
(348, 1, '73.12248', '18.9907283', '2025-02-17 13:51:06'),
(349, 1, '73.0961607', '19.0071716', '2025-02-17 14:09:33'),
(350, 1, '73.0171505', '19.024528', '2025-02-17 14:21:20'),
(351, 1, '73.0094096', '19.1044442', '2025-02-17 14:36:13'),
(352, 1, '73.0069154', '19.1163205', '2025-02-17 14:52:41'),
(353, 1, '72.994065', '19.1889417', '2025-02-17 15:07:04'),
(354, 1, '72.9763132', '19.1859541', '2025-02-17 15:12:27'),
(355, 1, '72.9779817', '19.1864381', '2025-02-17 15:29:46'),
(356, 1, '72.8348121', '19.2044024', '2025-02-17 15:43:16'),
(357, 1, '73.0887762', '19.2174926', '2025-02-17 15:44:55'),
(358, 1, '72.8348121', '19.2044024', '2025-02-17 15:45:11'),
(359, 1, '73.0892096', '19.2170644', '2025-02-17 15:46:38'),
(360, 1, '72.8348288', '19.2044199', '2025-02-17 15:57:19'),
(361, 1, '73.0950773', '19.2068031', '2025-02-17 15:57:19'),
(362, 1, '73.0922628', '19.187915', '2025-02-17 16:10:32'),
(363, 1, '72.8347965', '19.2043538', '2025-02-17 16:11:36'),
(364, 1, '72.8347965', '19.2043538', '2025-02-17 16:11:49'),
(365, 1, '73.07487', '19.1640233', '2025-02-17 16:23:56'),
(366, 1, '73.0747944', '19.1640736', '2025-02-17 16:26:10'),
(367, 1, '72.8348311', '19.2043745', '2025-02-17 16:26:14'),
(368, 1, '73.1146905', '19.1720774', '2025-02-17 16:39:45'),
(369, 1, '72.8348093', '19.2043897', '2025-02-17 16:58:52'),
(370, 1, '73.1130833', '19.1712067', '2025-02-17 17:05:19'),
(371, 1, '72.8348026', '19.2043527', '2025-02-17 17:08:24'),
(372, 1, '72.8348106', '19.2043334', '2025-02-17 17:18:15'),
(373, 1, '72.8348106', '19.2043334', '2025-02-17 17:18:46'),
(374, 1, '72.8347766', '19.2043402', '2025-02-17 17:30:48'),
(375, 1, '73.1131096', '19.1712262', '2025-02-17 17:31:47'),
(376, 1, '72.8346015', '19.2043092', '2025-02-17 17:45:48'),
(377, 1, '73.1130844', '19.1712093', '2025-02-17 17:51:51'),
(378, 1, '73.1130759', '19.1712194', '2025-02-17 18:01:55'),
(379, 1, '73.1129856', '19.1685788', '2025-02-17 18:17:08'),
(380, 1, '72.8347499', '19.2043392', '2025-02-17 18:17:22'),
(381, 1, '72.8344867', '19.2042511', '2025-02-17 18:29:57'),
(382, 1, '73.1130854', '19.1711552', '2025-02-17 18:36:50'),
(383, 1, '72.8348282', '19.2044189', '2025-02-17 18:45:02'),
(384, 1, '73.11301', '19.1711783', '2025-02-17 18:45:54'),
(385, 1, '73.1132116', '19.1711224', '2025-02-17 18:48:57'),
(386, 1, '72.8348743', '19.2043586', '2025-02-17 19:00:03'),
(387, 1, '73.1244114', '19.1247749', '2025-02-17 19:09:40'),
(388, 1, '73.1248761', '19.1051647', '2025-02-17 19:11:01'),
(389, 1, '72.834859', '19.2044274', '2025-02-17 19:15:04'),
(390, 1, '73.1377265', '19.0767424', '2025-02-17 19:25:27'),
(391, 1, '73.1243895', '19.0648141', '2025-02-17 19:30:17'),
(392, 1, '72.8349771', '19.204451', '2025-02-17 19:32:34'),
(393, 1, '72.8348708', '19.2043875', '2025-02-17 19:47:16'),
(394, 1, '73.1110624', '18.9980571', '2025-02-17 19:48:06'),
(395, 1, '72.8348243', '19.2043776', '2025-02-17 20:00:12'),
(396, 1, '73.122705', '18.9918167', '2025-02-17 20:03:58'),
(397, 1, '73.1226502', '18.9918429', '2025-02-17 20:05:08'),
(398, 1, '72.8348323', '19.2044104', '2025-02-17 20:14:59'),
(399, 1, '72.8348352', '19.2044142', '2025-02-17 20:30:03'),
(400, 1, '73.1211828', '19.0041309', '2025-02-17 20:35:54'),
(401, 1, '72.8348107', '19.2043871', '2025-02-17 20:45:04'),
(402, 1, '73.1211898', '19.0041368', '2025-02-17 20:45:56'),
(403, 1, '72.834831', '19.204418', '2025-02-17 21:00:04'),
(404, 1, '73.1211832', '19.0041372', '2025-02-17 21:05:58'),
(405, 1, '72.8348239', '19.2044164', '2025-02-17 21:15:04'),
(406, 1, '73.1211788', '19.0041437', '2025-02-17 21:20:36'),
(407, 1, '73.1211936', '19.0041231', '2025-02-17 21:42:12'),
(408, 1, '72.834819', '19.2044043', '2025-02-17 21:45:11'),
(409, 1, '73.1211959', '19.0040927', '2025-02-17 21:55:56'),
(410, 1, '72.8348271', '19.2044182', '2025-02-17 22:00:16'),
(411, 1, '72.8348399', '19.2044176', '2025-02-17 22:15:22'),
(412, 1, '73.1211802', '19.0041378', '2025-02-17 22:30:12'),
(413, 1, '72.8346199', '19.2042928', '2025-02-17 22:30:26'),
(414, 1, '73.1211867', '19.0041362', '2025-02-17 22:42:37'),
(415, 1, '72.8348318', '19.2044049', '2025-02-17 22:45:28'),
(416, 1, '73.1211786', '19.0041403', '2025-02-17 22:57:38'),
(417, 1, '72.8348368', '19.2044148', '2025-02-17 23:00:38'),
(418, 1, '73.1226053', '19.0048534', '2025-02-17 23:10:17'),
(419, 1, '73.1210419', '19.0042394', '2025-02-17 23:28:24'),
(420, 1, '73.1203923', '19.0039276', '2025-02-17 23:46:37'),
(421, 1, '73.1210396', '19.0042369', '2025-02-18 00:18:39'),
(422, 1, '73.1210396', '19.0042369', '2025-02-18 00:50:36'),
(423, 1, '73.1211738', '19.0043629', '2025-02-18 01:03:42'),
(424, 1, '73.12113', '19.0039965', '2025-02-18 01:57:41'),
(425, 1, '73.12113', '19.0039965', '2025-02-18 02:16:59'),
(426, 1, '73.1210671', '19.0043757', '2025-02-18 03:03:44'),
(427, 1, '73.1210419', '19.0042394', '2025-02-18 03:34:25'),
(428, 1, '73.121043', '19.0042493', '2025-02-18 03:59:44'),
(429, 1, '73.1210419', '19.0042394', '2025-02-18 04:37:36'),
(430, 1, '73.1211318', '19.0043012', '2025-02-18 04:57:44'),
(431, 1, '73.121043', '19.0042493', '2025-02-18 05:28:17'),
(432, 1, '73.1244494', '19.0043066', '2025-02-18 05:35:20'),
(433, 1, '73.1212137', '19.0040443', '2025-02-18 05:51:11'),
(434, 1, '73.1211408', '19.0040228', '2025-02-18 06:14:14'),
(435, 1, '73.1211742', '19.0041057', '2025-02-18 06:34:41'),
(436, 1, '73.1212223', '19.0042042', '2025-02-18 06:43:08'),
(437, 1, '73.1226953', '18.9916494', '2025-02-18 06:52:27'),
(438, 1, '73.0904242', '19.0121625', '2025-02-18 07:12:28'),
(439, 1, '73.0174227', '19.0283811', '2025-02-18 07:22:29'),
(440, 1, '73.010825', '19.1068715', '2025-02-18 07:37:15'),
(441, 1, '73.0126235', '19.1139322', '2025-02-18 07:57:44'),
(442, 1, '73.0125934', '19.1139273', '2025-02-18 08:22:19'),
(443, 1, '73.0125986', '19.1139109', '2025-02-18 08:33:50'),
(444, 1, '73.0126028', '19.1139109', '2025-02-18 08:44:08'),
(445, 1, '73.0126083', '19.1139114', '2025-02-18 08:57:16'),
(446, 1, '73.0125955', '19.1139136', '2025-02-18 09:18:39'),
(447, 1, '72.8348176', '19.2043961', '2025-02-18 09:24:27'),
(448, 1, '73.0125988', '19.1139299', '2025-02-18 09:28:40'),
(449, 1, '72.8348184', '19.2044042', '2025-02-18 09:39:27'),
(450, 1, '73.0125683', '19.1139214', '2025-02-18 09:48:41'),
(451, 1, '72.8348171', '19.2044042', '2025-02-18 09:55:39'),
(452, 1, '73.01267', '19.1135163', '2025-02-18 09:59:21'),
(453, 1, '72.8345404', '19.204287', '2025-02-18 10:10:40'),
(454, 1, '72.834813', '19.204397', '2025-02-18 10:25:40'),
(455, 1, '73.0126178', '19.113911', '2025-02-18 10:26:38'),
(456, 1, '73.0125925', '19.1139094', '2025-02-18 10:38:31'),
(457, 1, '72.8348316', '19.2044065', '2025-02-18 10:40:41'),
(458, 1, '73.0126003', '19.1139024', '2025-02-18 10:55:27'),
(459, 1, '72.8348247', '19.2044097', '2025-02-18 10:55:41'),
(460, 1, '73.0126075', '19.113899', '2025-02-18 11:04:05'),
(461, 1, '72.8348217', '19.2044034', '2025-02-18 11:10:44'),
(462, 1, '72.8348146', '19.2044011', '2025-02-18 11:25:53'),
(463, 1, '73.0126023', '19.1138977', '2025-02-18 11:27:05'),
(464, 1, '73.0125924', '19.1139154', '2025-02-18 11:38:51'),
(465, 1, '72.8347989', '19.2043304', '2025-02-18 11:40:53'),
(466, 1, '72.8348027', '19.2043782', '2025-02-18 11:55:54'),
(467, 1, '73.011993', '19.1023022', '2025-02-18 11:58:53'),
(468, 1, '73.0180854', '19.0754262', '2025-02-18 12:07:50'),
(469, 1, '72.8348091', '19.204373', '2025-02-18 12:10:54'),
(470, 1, '72.8347063', '19.2042801', '2025-02-18 12:25:54'),
(471, 1, '73.0181727', '19.0328523', '2025-02-18 12:26:57'),
(472, 1, '73.0831379', '19.0126653', '2025-02-18 12:38:19'),
(473, 1, '72.8348198', '19.2044041', '2025-02-18 12:40:54'),
(474, 1, '73.1188493', '18.9965611', '2025-02-18 12:54:06'),
(475, 1, '72.834817', '19.2044065', '2025-02-18 12:55:54'),
(476, 1, '73.1218695', '19.0028939', '2025-02-18 13:09:31'),
(477, 1, '72.8348706', '19.2043788', '2025-02-18 13:10:57'),
(478, 1, '72.8348192', '19.2044037', '2025-02-18 13:25:57'),
(479, 1, '73.1211809', '19.0041467', '2025-02-18 13:26:23'),
(480, 1, '72.833711', '19.2059868', '2025-02-18 13:40:18'),
(481, 1, '73.1211718', '19.0041473', '2025-02-18 13:47:24'),
(482, 1, '72.8390863', '19.213725', '2025-02-18 13:55:14'),
(483, 1, '73.1215317', '19.0043867', '2025-02-18 14:02:07'),
(484, 1, '72.839124', '19.2134109', '2025-02-18 14:09:46'),
(485, 1, '72.8348388', '19.2043881', '2025-02-18 14:25:34'),
(486, 1, '73.121181', '19.0041406', '2025-02-18 14:30:02'),
(487, 1, '73.1211821', '19.0041451', '2025-02-18 14:40:16'),
(488, 1, '72.8348185', '19.2043848', '2025-02-18 14:40:34'),
(489, 1, '73.1211794', '19.0041465', '2025-02-18 14:50:17'),
(490, 1, '72.8348016', '19.2043784', '2025-02-18 14:55:34'),
(491, 1, '72.8350717', '19.2045882', '2025-02-18 15:10:34'),
(492, 1, '73.1215317', '19.0043867', '2025-02-18 15:13:32'),
(493, 1, '72.8348082', '19.2043802', '2025-02-18 15:26:58'),
(494, 1, '72.8348183', '19.204377', '2025-02-18 15:41:58'),
(495, 1, '73.1211811', '19.0041404', '2025-02-18 15:45:39'),
(496, 1, '72.8348925', '19.2043509', '2025-02-18 15:56:58'),
(497, 1, '73.121187', '19.0041408', '2025-02-18 16:05:11'),
(498, 1, '72.8348544', '19.2043656', '2025-02-18 16:11:16'),
(499, 1, '73.1211818', '19.0041448', '2025-02-18 16:15:14'),
(500, 1, '72.8347958', '19.2043638', '2025-02-18 16:28:08'),
(501, 1, '73.1211862', '19.0041611', '2025-02-18 16:34:24'),
(502, 1, '73.1211784', '19.0041351', '2025-02-18 16:42:40'),
(503, 1, '72.8348133', '19.2043765', '2025-02-18 16:43:08'),
(504, 1, '73.1211786', '19.0041349', '2025-02-18 16:50:40'),
(505, 1, '72.8348209', '19.2043738', '2025-02-18 16:58:36'),
(506, 1, '73.1211795', '19.0041543', '2025-02-18 17:21:37'),
(507, 1, '73.1211775', '19.0041501', '2025-02-18 17:43:51'),
(508, 1, '73.1211761', '19.0041557', '2025-02-18 17:53:19'),
(509, 1, '73.1211816', '19.0041265', '2025-02-18 18:11:22'),
(510, 1, '73.1218967', '19.003755', '2025-02-18 18:26:24'),
(511, 1, '73.1211886', '19.0041294', '2025-02-18 18:52:12'),
(512, 1, '73.121182', '19.0041423', '2025-02-18 19:04:06'),
(513, 1, '73.121735', '19.0037067', '2025-02-18 19:16:13'),
(514, 1, '73.1211866', '19.0041386', '2025-02-18 19:46:52'),
(515, 1, '73.121735', '19.0037067', '2025-02-18 20:00:41'),
(516, 1, '73.1206267', '19.00481', '2025-02-18 20:11:43'),
(517, 1, '73.1212755', '19.0009833', '2025-02-18 20:26:23'),
(518, 1, '73.1199418', '18.9964062', '2025-02-18 20:46:42'),
(519, 1, '73.1220767', '18.99849', '2025-02-18 20:58:02'),
(520, 1, '73.1215122', '19.0039271', '2025-02-18 21:17:02'),
(521, 1, '73.1211877', '19.0041336', '2025-02-18 21:42:07'),
(522, 1, '72.8348212', '19.2043754', '2025-02-19 16:27:31'),
(523, 1, '72.8348307', '19.2043684', '2025-02-19 16:34:05'),
(524, 1, '72.8348307', '19.2043684', '2025-02-19 16:34:21'),
(525, 1, '73.3345781', '18.9252299', '2025-02-19 16:52:35'),
(526, 1, '73.3345781', '18.9252299', '2025-02-19 16:55:44'),
(527, 1, '73.3206674', '18.9098175', '2025-02-19 17:08:58'),
(528, 1, '73.3190652', '18.898574', '2025-02-19 17:15:17'),
(529, 1, '73.3190652', '18.898574', '2025-02-19 17:21:17'),
(530, 1, '73.3526325', '18.8581784', '2025-02-19 17:41:43'),
(531, 1, '73.4101962', '18.7484625', '2025-02-19 18:12:43'),
(532, 1, '73.4896492', '18.7450763', '2025-02-19 18:24:45'),
(533, 1, '73.6652099', '18.7449879', '2025-02-19 18:45:39'),
(534, 1, '73.7510428', '18.6614891', '2025-02-19 18:55:54'),
(535, 1, '73.8175239', '18.6127303', '2025-02-19 19:09:26'),
(536, 1, '73.8417225', '18.5607566', '2025-02-19 19:24:18'),
(537, 1, '73.8692885', '18.5293176', '2025-02-19 19:39:11'),
(538, 1, '73.8795788', '18.5309342', '2025-02-19 19:53:32'),
(539, 1, '73.9490838', '18.5185275', '2025-02-19 20:18:16'),
(540, 1, '74.0617737', '18.4894255', '2025-02-19 20:35:30'),
(541, 1, '74.3472002', '18.4996576', '2025-02-19 20:45:44'),
(542, 1, '74.5520944', '18.4611033', '2025-02-19 21:11:54'),
(543, 1, '74.5860534', '18.4633337', '2025-02-19 21:49:44'),
(544, 1, '74.9188677', '18.3059885', '2025-02-19 21:59:43'),
(545, 1, '75.1609224', '18.2678108', '2025-02-19 22:10:24'),
(546, 1, '75.3607114', '18.1164034', '2025-02-19 22:35:50'),
(547, 1, '75.4180743', '18.0918947', '2025-02-19 22:40:05'),
(548, 1, '75.4226369', '18.0944184', '2025-02-19 22:57:54'),
(549, 1, '75.5278519', '18.125616', '2025-02-19 23:14:12'),
(550, 1, '75.5762477', '18.1546284', '2025-02-19 23:40:49'),
(551, 1, '75.5686073', '18.1482577', '2025-02-19 23:45:14'),
(552, 1, '75.5762477', '18.1546284', '2025-02-20 00:07:21'),
(553, 1, '75.5762477', '18.1546284', '2025-02-20 00:20:14'),
(554, 1, '75.579522', '18.1548777', '2025-02-20 00:48:57'),
(555, 1, '75.5762477', '18.1546284', '2025-02-20 01:16:14'),
(556, 1, '75.5711541', '18.1495371', '2025-02-20 01:44:43'),
(557, 1, '75.5769753', '18.154322', '2025-02-20 02:01:16'),
(558, 1, '75.5744286', '18.1515954', '2025-02-20 02:26:15'),
(559, 1, '75.5740647', '18.1530149', '2025-02-20 02:52:39'),
(560, 1, '75.5529614', '18.1391066', '2025-02-20 03:50:24'),
(561, 1, '75.5744286', '18.1515954', '2025-02-20 04:22:14'),
(562, 1, '75.5744286', '18.1515954', '2025-02-20 04:52:25'),
(563, 1, '75.5744286', '18.1515954', '2025-02-20 05:22:15'),
(564, 1, '75.5711541', '18.1495371', '2025-02-20 05:51:36'),
(565, 1, '75.5686073', '18.1482577', '2025-02-20 06:17:13'),
(566, 1, '75.5751562', '18.1534598', '2025-02-20 06:27:17'),
(567, 1, '75.5737009', '18.1522636', '2025-02-20 06:53:14'),
(568, 1, '75.5762477', '18.1546284', '2025-02-20 07:09:22'),
(569, 1, '75.5686073', '18.1482577', '2025-02-20 07:23:03'),
(570, 1, '75.5686073', '18.1482577', '2025-02-20 07:27:17'),
(571, 1, '75.579522', '18.1548777', '2025-02-20 07:46:29'),
(572, 1, '75.5686073', '18.1482577', '2025-02-20 07:51:12'),
(573, 1, '75.5762477', '18.1546284', '2025-02-20 08:03:38'),
(574, 1, '75.5762477', '18.1546284', '2025-02-20 08:22:15'),
(575, 1, '75.5686073', '18.1482577', '2025-02-20 08:27:05'),
(576, 1, '75.5686073', '18.1482577', '2025-02-20 08:37:13'),
(577, 1, '75.5762477', '18.1546284', '2025-02-20 08:53:04'),
(578, 1, '75.5798858', '18.1545436', '2025-02-20 08:58:14'),
(579, 1, '75.5773391', '18.1532642', '2025-02-20 09:11:40'),
(580, 1, '75.5773391', '18.1532642', '2025-02-20 09:26:42'),
(581, 1, '75.5773391', '18.1532642', '2025-02-20 09:41:46'),
(582, 1, '75.5773391', '18.1532642', '2025-02-20 10:06:25'),
(583, 1, '75.5773391', '18.1532642', '2025-02-20 10:17:09'),
(584, 1, '75.5773391', '18.1532642', '2025-02-20 10:31:25'),
(585, 1, '75.5656965', '18.1462271', '2025-02-20 10:47:56'),
(586, 1, '75.5769753', '18.1532365', '2025-02-20 11:02:09'),
(587, 1, '75.5700626', '18.1480068', '2025-02-20 11:17:30'),
(588, 1, '75.5769753', '18.1532365', '2025-02-20 11:34:04'),
(589, 1, '75.5769753', '18.1532365', '2025-02-20 11:48:03'),
(590, 1, '75.5769753', '18.1532365', '2025-02-20 12:02:15'),
(591, 1, '75.5769753', '18.1532365', '2025-02-20 12:15:32'),
(592, 1, '72.8348189', '19.2043829', '2025-02-22 18:58:29'),
(593, 1, '72.8348324', '19.204379', '2025-02-22 19:11:50'),
(594, 1, '72.8348206', '19.2043641', '2025-02-22 19:26:21'),
(595, 1, '72.8348011', '19.2043681', '2025-02-22 19:41:38'),
(596, 1, '72.8348185', '19.20438', '2025-02-22 19:54:09'),
(597, 1, '72.8348174', '19.2043781', '2025-02-22 20:09:12'),
(598, 1, '72.8348264', '19.204382', '2025-02-22 20:24:18'),
(599, 1, '72.8348138', '19.204384', '2025-02-22 20:39:21'),
(600, 1, '72.8348129', '19.2043802', '2025-02-22 20:54:28'),
(601, 1, '72.8348274', '19.204376', '2025-02-22 21:09:13'),
(602, 1, '72.8348242', '19.204361', '2025-02-22 21:25:45'),
(603, 1, '72.8348235', '19.2043841', '2025-02-22 21:40:45'),
(604, 1, '72.8348318', '19.2043656', '2025-02-22 21:55:46'),
(605, 1, '72.8348095', '19.2043833', '2025-02-22 22:10:46'),
(606, 1, '72.8348082', '19.2043698', '2025-02-22 22:39:49'),
(607, 1, '72.834962', '19.2045138', '2025-02-22 22:56:26'),
(608, 1, '72.8348122', '19.2043704', '2025-02-22 23:09:00'),
(609, 1, '72.8348262', '19.2043849', '2025-02-22 23:24:07'),
(610, 1, '72.83481', '19.2043661', '2025-02-22 23:39:13'),
(611, 1, '72.8348187', '19.2043769', '2025-02-22 23:54:23'),
(612, 1, '72.834789', '19.2043638', '2025-02-23 00:09:25'),
(613, 1, '72.8348206', '19.2043792', '2025-02-23 00:39:36'),
(614, 1, '72.8348085', '19.2043549', '2025-02-23 04:21:12'),
(615, 1, '72.8348167', '19.2043769', '2025-02-23 04:37:43'),
(616, 1, '72.8348106', '19.2043704', '2025-02-23 04:52:43'),
(617, 1, '72.834808', '19.2043783', '2025-02-23 09:58:53'),
(618, 1, '72.8345853', '19.2043126', '2025-02-23 10:13:19'),
(619, 1, '72.834799', '19.2043659', '2025-02-23 10:29:52'),
(620, 1, '72.8348071', '19.2043705', '2025-02-23 10:44:55'),
(621, 1, '72.8348267', '19.2043759', '2025-02-23 10:59:56'),
(622, 1, '72.8348276', '19.2043884', '2025-02-23 11:15:01'),
(623, 1, '72.8348199', '19.2043758', '2025-02-23 11:30:06'),
(624, 1, '72.8348114', '19.2043708', '2025-02-23 11:45:08'),
(625, 1, '72.8348169', '19.2043317', '2025-02-23 12:00:08'),
(626, 1, '72.8348188', '19.2043707', '2025-02-23 12:15:11'),
(627, 1, '72.8348013', '19.204375', '2025-02-23 12:30:16'),
(628, 1, '72.8348072', '19.2043765', '2025-02-23 12:45:17'),
(629, 1, '72.8348383', '19.2043885', '2025-02-23 13:00:27'),
(630, 1, '72.8348235', '19.2043832', '2025-02-23 13:15:29'),
(631, 1, '72.8348348', '19.2043749', '2025-02-23 13:30:30'),
(632, 1, '72.8348062', '19.2043872', '2025-02-23 13:45:34'),
(633, 1, '72.8347965', '19.2043683', '2025-02-23 14:00:43'),
(634, 1, '72.836854', '19.2059193', '2025-02-23 14:14:56'),
(635, 1, '72.8285905', '19.2320899', '2025-02-23 14:32:48'),
(636, 1, '72.8288346', '19.2323888', '2025-02-23 14:45:38'),
(637, 1, '72.8286576', '19.2320406', '2025-02-23 15:00:45'),
(638, 1, '72.8317923', '19.2314112', '2025-02-23 15:15:53'),
(639, 1, '72.8317923', '19.2314112', '2025-02-23 15:30:53'),
(640, 1, '72.8317923', '19.2314112', '2025-02-23 15:45:50'),
(641, 1, '72.8317923', '19.2314112', '2025-02-23 16:01:00'),
(642, 1, '72.8317923', '19.2314112', '2025-02-23 16:16:05'),
(643, 1, '72.8281552', '19.2325248', '2025-02-23 16:35:11'),
(644, 1, '72.8317923', '19.2314112', '2025-02-23 16:47:45'),
(645, 1, '72.8317923', '19.2314112', '2025-02-23 17:02:49'),
(646, 1, '72.8286157', '19.2320379', '2025-02-23 17:17:33'),
(647, 1, '72.8286934', '19.219205', '2025-02-23 17:32:08'),
(648, 1, '72.8271912', '19.2154323', '2025-02-23 17:48:56'),
(649, 1, '72.8286758', '19.2175009', '2025-02-23 18:04:20'),
(650, 1, '72.8285453', '19.2154433', '2025-02-23 18:20:21'),
(651, 1, '72.834813', '19.2043811', '2025-02-23 18:37:02'),
(652, 1, '72.8347902', '19.2043608', '2025-02-23 18:53:19'),
(653, 1, '72.8347872', '19.2043713', '2025-02-23 19:08:19'),
(654, 1, '72.8349925', '19.2044835', '2025-02-23 19:23:26'),
(655, 1, '72.8348361', '19.2043827', '2025-02-23 19:38:33'),
(656, 1, '72.8347567', '19.2043209', '2025-02-23 19:53:40'),
(657, 1, '72.8348064', '19.2043612', '2025-02-23 20:08:40'),
(658, 1, '72.8348237', '19.2043771', '2025-02-23 20:23:45'),
(659, 1, '72.8348306', '19.2043854', '2025-02-23 20:38:46'),
(660, 1, '72.8348249', '19.2043767', '2025-02-23 20:54:41'),
(661, 1, '72.834825', '19.2043767', '2025-02-23 21:11:14'),
(662, 1, '72.8348379', '19.2043764', '2025-02-23 21:23:45'),
(663, 1, '72.8348046', '19.2043794', '2025-02-23 21:38:51'),
(664, 1, '72.8348265', '19.2043763', '2025-02-23 21:53:55'),
(665, 1, '72.8345019', '19.2042583', '2025-02-23 22:08:55'),
(666, 1, '72.8347409', '19.2043388', '2025-02-23 22:23:55'),
(667, 1, '72.8348244', '19.2043761', '2025-02-23 22:38:58'),
(668, 1, '72.8346417', '19.2042989', '2025-02-23 22:53:00'),
(669, 1, '72.8347483', '19.2043367', '2025-02-24 09:41:44'),
(670, 1, '72.8348121', '19.2043756', '2025-02-24 09:52:43'),
(671, 1, '72.8345788', '19.2042817', '2025-02-24 10:07:47'),
(672, 1, '72.8348004', '19.2043471', '2025-02-24 10:22:49'),
(673, 1, '72.8345194', '19.204277', '2025-02-24 10:37:49'),
(674, 1, '72.834817', '19.2043798', '2025-02-24 10:52:51'),
(675, 1, '72.8348183', '19.2043708', '2025-02-24 11:07:52'),
(676, 1, '72.8344812', '19.2042392', '2025-02-24 11:22:54'),
(677, 1, '72.8348035', '19.2043577', '2025-02-24 11:38:03'),
(678, 1, '72.8350071', '19.2046131', '2025-02-24 11:52:37'),
(679, 1, '72.8348062', '19.2043461', '2025-02-24 12:07:59'),
(680, 1, '72.9658724', '19.2006724', '2025-02-24 12:15:47'),
(681, 1, '72.9658724', '19.2006724', '2025-02-24 12:16:17'),
(682, 1, '72.9658724', '19.2006724', '2025-02-24 12:16:31'),
(683, 1, '72.8348035', '19.2043431', '2025-02-24 12:22:58'),
(684, 1, '72.8348154', '19.2043758', '2025-02-24 12:37:59'),
(685, 1, '72.835072', '19.2045894', '2025-02-24 12:52:59'),
(686, 1, '72.8349628', '19.2044296', '2025-02-24 13:07:59'),
(687, 1, '72.965893', '19.2006735', '2025-02-24 13:20:06'),
(688, 1, '72.8350627', '19.2045773', '2025-02-24 13:23:01'),
(689, 1, '72.965828', '19.2006689', '2025-02-24 13:24:19'),
(690, 1, '72.965828', '19.2006689', '2025-02-24 13:24:25'),
(691, 1, '72.8348297', '19.2043825', '2025-02-24 13:38:05'),
(692, 1, '72.965833', '19.2006688', '2025-02-24 13:44:54'),
(693, 1, '72.8348584', '19.2043854', '2025-02-24 13:53:11'),
(694, 1, '72.83487', '19.2043808', '2025-02-24 14:08:19'),
(695, 1, '72.8348304', '19.2043843', '2025-02-24 14:23:22'),
(696, 1, '72.9658563', '19.2006642', '2025-02-24 14:24:50'),
(697, 1, '72.8348244', '19.2043793', '2025-02-24 14:38:23'),
(698, 1, '72.9658961', '19.2006738', '2025-02-24 14:39:29'),
(699, 1, '72.834854', '19.2043913', '2025-02-24 14:53:28'),
(700, 1, '72.9658703', '19.2006694', '2025-02-24 14:57:45'),
(701, 1, '72.834829', '19.2043829', '2025-02-24 15:08:35'),
(702, 1, '72.9658832', '19.2006753', '2025-02-24 15:17:30'),
(703, 1, '72.8349218', '19.2044206', '2025-02-24 15:23:35'),
(704, 1, '72.9658652', '19.2006698', '2025-02-24 15:26:25'),
(705, 1, '72.9658868', '19.2006739', '2025-02-24 15:39:52'),
(706, 1, '72.8348734', '19.2043672', '2025-02-24 15:41:09'),
(707, 1, '72.8348776', '19.2043406', '2025-02-24 15:46:52'),
(708, 1, '72.9658924', '19.2006775', '2025-02-24 15:54:31'),
(709, 1, '72.834846', '19.2043753', '2025-02-24 16:01:13'),
(710, 1, '72.9658642', '19.2006696', '2025-02-24 16:13:14'),
(711, 1, '72.8349613', '19.204432', '2025-02-24 16:16:12'),
(712, 1, '72.8348213', '19.2043833', '2025-02-24 16:16:21'),
(713, 1, '72.9655739', '19.2007852', '2025-02-24 16:20:34'),
(714, 1, '72.9655739', '19.2007852', '2025-02-24 17:01:43'),
(715, 1, '72.9658191', '19.2006658', '2025-02-24 17:16:55'),
(716, 1, '72.9658469', '19.2006663', '2025-02-24 17:35:27'),
(717, 1, '72.9658788', '19.2006763', '2025-02-24 17:48:33'),
(718, 1, '72.9715998', '19.1958043', '2025-02-24 18:18:18'),
(719, 1, '72.975164', '19.1878709', '2025-02-24 18:25:50'),
(720, 1, '72.8350663', '19.2045953', '2025-02-24 18:32:05'),
(721, 1, '72.8350663', '19.2045953', '2025-02-24 18:33:05'),
(722, 1, '72.9931124', '19.1900323', '2025-02-24 18:43:18'),
(723, 1, '73.0070397', '19.1134639', '2025-02-24 18:55:35'),
(724, 1, '72.8349051', '19.2043449', '2025-02-24 18:57:43'),
(725, 1, '73.0184124', '19.0332653', '2025-02-24 19:10:48'),
(726, 1, '73.1234466', '18.9940808', '2025-02-24 19:55:56'),
(727, 1, '73.1212282', '19.0040945', '2025-02-24 20:06:17'),
(728, 1, '73.1211843', '19.0041453', '2025-02-24 20:20:39'),
(729, 1, '73.1211809', '19.004133', '2025-02-24 20:40:42'),
(730, 1, '73.1211949', '19.0041353', '2025-02-24 20:50:45'),
(731, 1, '73.1212081', '19.0041199', '2025-02-24 20:51:22'),
(732, 1, '73.1211764', '19.0041362', '2025-02-24 21:08:02'),
(733, 1, '73.1211741', '19.0041358', '2025-02-24 21:28:02'),
(734, 1, '73.1211723', '19.0041443', '2025-02-24 21:38:03'),
(735, 1, '73.1211932', '19.0041403', '2025-02-24 21:56:13'),
(736, 1, '73.1211826', '19.004142', '2025-02-24 22:25:37'),
(737, 1, '73.1211765', '19.0041347', '2025-02-24 22:42:23'),
(738, 1, '73.121183', '19.0041405', '2025-02-24 22:56:53'),
(739, 1, '73.12113', '19.0039965', '2025-02-24 23:14:07'),
(740, 1, '73.121232', '19.0042744', '2025-02-24 23:53:22'),
(741, 1, '73.1211278', '19.0042187', '2025-02-25 00:05:28'),
(742, 1, '73.1210966', '19.0042205', '2025-02-25 00:56:44'),
(743, 1, '73.1210973', '19.0042316', '2025-02-25 01:36:23'),
(744, 1, '73.1233429', '19.0042033', '2025-02-25 01:56:45'),
(745, 1, '73.121098', '19.0042361', '2025-02-25 02:31:57'),
(746, 1, '73.1212831', '19.0041745', '2025-02-25 02:53:39'),
(747, 1, '73.1233429', '19.0042033', '2025-02-25 03:35:29'),
(748, 1, '73.1207611', '19.0039621', '2025-02-25 03:58:59'),
(749, 1, '73.1233429', '19.0042033', '2025-02-25 04:47:26'),
(750, 1, '73.1233429', '19.0042033', '2025-02-25 05:01:00'),
(751, 1, '73.1233429', '19.0042033', '2025-02-25 05:28:10'),
(752, 1, '73.1213022', '19.0043391', '2025-02-25 05:35:18'),
(753, 1, '73.1211703', '19.004147', '2025-02-25 05:51:38'),
(754, 1, '73.1211764', '19.00414', '2025-02-25 06:06:08'),
(755, 1, '73.1211805', '19.0041358', '2025-02-25 06:29:45'),
(756, 1, '73.1211703', '19.0041422', '2025-02-25 06:43:48'),
(757, 1, '73.121652', '18.9905865', '2025-02-25 06:51:47'),
(758, 1, '73.1163078', '18.9996986', '2025-02-25 07:08:01'),
(759, 1, '73.0235521', '19.0187414', '2025-02-25 07:20:22'),
(760, 1, '73.010456', '19.1007259', '2025-02-25 07:35:42'),
(761, 1, '73.0126214', '19.1139143', '2025-02-25 07:58:34'),
(762, 1, '72.8348118', '19.2043504', '2025-02-25 11:50:38'),
(763, 1, '73.0105587', '19.0673079', '2025-02-25 11:55:02'),
(764, 1, '73.0011821', '19.0659764', '2025-02-25 12:04:14'),
(765, 1, '72.8348219', '19.2043739', '2025-02-25 12:05:09'),
(766, 1, '73.0012302', '19.065977', '2025-02-25 12:16:29'),
(767, 1, '72.8348623', '19.2044429', '2025-02-25 12:27:52'),
(768, 1, '73.0011816', '19.0660014', '2025-02-25 12:40:12'),
(769, 1, '72.8349523', '19.204585', '2025-02-25 12:44:34'),
(770, 1, '72.8348192', '19.2043589', '2025-02-25 12:52:03'),
(771, 1, '73.0012218', '19.0659072', '2025-02-25 12:54:21'),
(772, 1, '72.8348246', '19.2043743', '2025-02-25 13:07:03'),
(773, 1, '73.001257', '19.0659448', '2025-02-25 13:11:35'),
(774, 1, '73.0011763', '19.0659429', '2025-02-25 13:22:46'),
(775, 1, '73.0011923', '19.0660514', '2025-02-25 13:32:23'),
(776, 1, '73.0011996', '19.0659381', '2025-02-25 13:51:59'),
(777, 1, '73.001259', '19.0659133', '2025-02-25 13:55:31'),
(778, 1, '73.0008354', '19.0660786', '2025-02-25 14:17:47'),
(779, 1, '73.0182797', '19.05506', '2025-02-25 14:24:23'),
(780, 1, '73.0600146', '19.0263534', '2025-02-25 14:38:54'),
(781, 1, '73.0964554', '19.0070693', '2025-02-25 14:46:33'),
(782, 1, '73.0964554', '19.0070693', '2025-02-25 14:50:16'),
(783, 1, '73.1180416', '18.9984418', '2025-02-25 15:00:55'),
(784, 1, '72.8349335', '19.2044516', '2025-02-26 14:07:20'),
(785, 1, '72.8349335', '19.2044516', '2025-02-26 14:08:45'),
(786, 1, '72.8349335', '19.2044516', '2025-02-26 14:09:56'),
(787, 1, '74.1507896', '16.3129294', '2025-02-26 14:20:10'),
(788, 1, '74.1507901', '16.31293', '2025-02-26 14:40:52'),
(789, 1, '74.1517048', '16.3136109', '2025-02-26 14:56:32'),
(790, 1, '72.8349335', '19.2044516', '2025-02-26 15:00:48'),
(791, 1, '72.8349196', '19.2044982', '2025-02-26 15:07:51'),
(792, 1, '74.1507842', '16.3129287', '2025-02-26 15:14:15'),
(793, 1, '72.8350435', '19.2045321', '2025-02-26 15:24:26'),
(794, 1, '74.1507853', '16.3129285', '2025-02-26 15:32:30'),
(795, 1, '72.8349485', '19.2045068', '2025-02-26 15:32:48'),
(796, 1, '72.8349485', '19.2045068', '2025-02-26 15:33:29'),
(797, 1, '74.1507896', '16.3129294', '2025-02-26 15:52:33'),
(798, 1, '74.1507865', '16.3129285', '2025-02-26 16:12:36'),
(799, 1, '74.1507906', '16.3129299', '2025-02-26 16:32:33'),
(800, 1, '74.1506242', '16.3126727', '2025-02-26 16:52:35'),
(801, 1, '74.1506235', '16.3126726', '2025-02-26 17:12:36'),
(802, 1, '74.1484917', '16.3134968', '2025-02-26 17:31:32'),
(803, 1, '74.1388504', '16.3150011', '2025-02-26 17:50:09'),
(804, 1, '74.1380935', '16.3148434', '2025-02-26 18:10:11'),
(805, 1, '74.1409388', '16.315927', '2025-02-26 18:24:54'),
(806, 1, '74.1507899', '16.3129296', '2025-02-26 18:44:57'),
(807, 1, '74.1507899', '16.3129296', '2025-02-26 19:02:32'),
(808, 1, '74.1506219', '16.3126726', '2025-02-26 19:19:31'),
(809, 1, '74.1506219', '16.3126726', '2025-02-26 19:39:31'),
(810, 1, '74.1506252', '16.3126734', '2025-02-26 19:59:35'),
(811, 1, '74.1506254', '16.3126755', '2025-02-26 20:15:42'),
(812, 1, '74.150625', '16.3126758', '2025-02-26 20:31:44'),
(813, 1, '74.1507821', '16.3129292', '2025-02-26 20:46:44'),
(814, 1, '74.1528058', '16.3129809', '2025-02-26 21:06:44'),
(815, 1, '74.1507911', '16.3129288', '2025-02-26 21:26:46'),
(816, 1, '74.1507823', '16.3129287', '2025-02-26 21:46:48'),
(817, 1, '74.1507904', '16.3129294', '2025-02-26 22:06:49'),
(818, 1, '74.1506238', '16.3126765', '2025-02-26 22:26:48'),
(819, 1, '74.1506299', '16.3126875', '2025-02-26 22:46:48'),
(820, 1, '74.1505398', '16.3126906', '2025-02-26 23:06:50'),
(821, 1, '74.1506382', '16.3125305', '2025-02-26 23:26:50'),
(822, 1, '74.1506245', '16.3126765', '2025-02-26 23:46:52'),
(823, 1, '74.1506219', '16.3126726', '2025-02-27 00:07:01'),
(824, 1, '74.150625', '16.3126758', '2025-02-27 00:28:22'),
(825, 1, '74.1506256', '16.3126751', '2025-02-27 00:49:46'),
(826, 1, '74.1506256', '16.3126746', '2025-02-27 01:17:11'),
(827, 1, '74.1506245', '16.3126764', '2025-02-27 01:37:13'),
(828, 1, '74.1506245', '16.3126762', '2025-02-27 01:54:36'),
(829, 1, '74.1506256', '16.3126751', '2025-02-27 02:14:37'),
(830, 1, '74.1506255', '16.312674', '2025-02-27 02:44:36'),
(831, 1, '74.1506227', '16.3126726', '2025-02-27 03:04:57'),
(832, 1, '74.1506255', '16.312674', '2025-02-27 03:24:57'),
(833, 1, '74.1506937', '16.3123273', '2025-02-27 03:41:36'),
(834, 1, '74.1506242', '16.3126727', '2025-02-27 04:04:42'),
(835, 1, '74.1539067', '16.3127081', '2025-02-27 04:24:44'),
(836, 1, '74.1506203', '16.3126732', '2025-02-27 04:46:37'),
(837, 1, '74.1506187', '16.3126738', '2025-02-27 05:04:42'),
(838, 1, '74.1506179', '16.3126741', '2025-02-27 05:24:44'),
(839, 1, '74.1498699', '16.3123991', '2025-02-27 05:44:47'),
(840, 1, '74.1506179', '16.3126741', '2025-02-27 06:02:33'),
(841, 1, '74.1506211', '16.3126728', '2025-02-27 06:23:50'),
(842, 1, '74.1506219', '16.3126726', '2025-02-27 06:47:18'),
(843, 1, '74.1506227', '16.3126726', '2025-02-27 07:07:20'),
(844, 1, '74.1506242', '16.3126727', '2025-02-27 07:24:48'),
(845, 1, '74.1506187', '16.3126738', '2025-02-27 07:42:57'),
(846, 1, '74.1539067', '16.3127081', '2025-02-27 07:59:40'),
(847, 1, '74.1506238', '16.3126765', '2025-02-27 08:16:47'),
(848, 1, '74.1506245', '16.3126764', '2025-02-27 08:32:54'),
(849, 1, '74.1506243', '16.3126781', '2025-02-27 08:49:17'),
(850, 1, '74.1506182', '16.3126758', '2025-02-27 09:12:59'),
(851, 1, '74.1509278', '16.312971', '2025-02-27 09:33:46');
INSERT INTO `attendance_monitor_log` (`mlog_id`, `user_id`, `longitude`, `latitude`, `added_on`) VALUES
(852, 1, '74.1535397', '16.31268', '2025-02-27 09:54:08'),
(853, 1, '74.1508033', '16.3126791', '2025-02-27 10:13:35'),
(854, 1, '74.1535397', '16.31268', '2025-02-27 10:34:09'),
(855, 1, '74.1535397', '16.31268', '2025-02-27 10:54:09'),
(856, 1, '74.1507853', '16.3126457', '2025-02-27 10:55:37'),
(857, 1, '74.1507853', '16.3126457', '2025-02-27 10:56:20'),
(858, 1, '74.1502369', '16.3124272', '2025-03-20 10:05:18'),
(859, 1, '74.1502369', '16.3124272', '2025-03-20 10:18:57'),
(860, 1, '74.1504637', '16.3127486', '2025-03-20 10:40:24'),
(861, 1, '74.1504635', '16.3127488', '2025-03-20 10:59:01'),
(862, 1, '74.1507949', '16.312924', '2025-03-20 11:23:37'),
(863, 1, '74.1504635', '16.312748', '2025-03-20 11:43:38'),
(864, 1, '74.150796', '16.3129242', '2025-03-20 12:03:57'),
(865, 1, '74.1517048', '16.3136109', '2025-03-20 12:23:43'),
(866, 1, '74.1520718', '16.3129248', '2025-03-20 12:44:43'),
(867, 1, '74.1502369', '16.3124272', '2025-03-20 13:04:43'),
(868, 1, '74.1520718', '16.3129248', '2025-03-20 13:23:03'),
(869, 1, '74.1520718', '16.3129248', '2025-03-20 13:43:20'),
(870, 1, '74.1535397', '16.31268', '2025-03-20 13:58:55'),
(871, 1, '74.1535397', '16.31268', '2025-03-20 14:14:27'),
(872, 1, '74.1508393', '16.3129933', '2025-03-20 14:32:25'),
(873, 1, '74.1535397', '16.31268', '2025-03-20 14:49:20'),
(874, 1, '74.1535397', '16.31268', '2025-03-20 14:56:22'),
(875, 1, '74.1535397', '16.31268', '2025-03-20 15:11:18'),
(876, 1, '74.1542737', '16.3120219', '2025-03-20 15:26:30'),
(877, 1, '74.1535397', '16.31268', '2025-03-20 15:46:46'),
(878, 1, '74.1514041', '16.3133241', '2025-03-20 16:09:21'),
(879, 1, '74.1535397', '16.31268', '2025-03-20 16:33:54'),
(880, 1, '74.1498699', '16.3123991', '2025-03-20 16:54:47'),
(881, 1, '74.1517048', '16.3136109', '2025-03-20 17:10:19'),
(882, 1, '74.1399612', '16.3152117', '2025-03-20 17:32:43'),
(883, 1, '74.1378645', '16.3147824', '2025-03-20 17:48:19'),
(884, 1, '74.1425002', '16.3145521', '2025-03-20 18:05:17'),
(885, 1, '74.1535397', '16.31268', '2025-03-20 18:26:19'),
(886, 1, '74.1498699', '16.3123991', '2025-03-20 18:46:23'),
(887, 1, '74.1480656', '16.31379', '2025-03-20 19:01:21'),
(888, 1, '74.1535397', '16.31268', '2025-03-20 19:16:23'),
(889, 1, '74.1437671', '16.3186341', '2025-03-20 19:34:09'),
(890, 1, '74.1437534', '16.3186293', '2025-03-20 19:58:14'),
(891, 1, '74.1437605', '16.3186375', '2025-03-20 20:12:17'),
(892, 1, '74.143741', '16.3186207', '2025-03-20 20:27:11'),
(893, 1, '74.1517048', '16.3136109', '2025-03-20 20:44:57'),
(894, 1, '74.1520718', '16.3129248', '2025-03-20 21:03:21'),
(895, 1, '74.1520718', '16.3129248', '2025-03-20 21:18:21'),
(896, 1, '74.1542737', '16.3120219', '2025-03-20 21:39:15'),
(897, 1, '74.151891', '16.312937', '2025-03-20 22:04:02'),
(898, 1, '74.1504269', '16.3134652', '2025-03-20 22:23:23'),
(899, 1, '74.1535397', '16.31268', '2025-03-20 22:46:46'),
(900, 1, '74.1504637', '16.3127491', '2025-03-20 23:03:38'),
(901, 1, '74.1506695', '16.3125279', '2025-03-20 23:18:34'),
(902, 1, '74.1507383', '16.3125423', '2025-03-20 23:33:36'),
(903, 1, '74.1504605', '16.3127443', '2025-03-20 23:55:01'),
(904, 1, '74.1504597', '16.3127447', '2025-03-21 00:10:04'),
(905, 1, '74.1504649', '16.3127454', '2025-03-21 00:32:32'),
(906, 1, '74.1504621', '16.3127441', '2025-03-21 00:47:58'),
(907, 1, '74.1504651', '16.3127465', '2025-03-21 01:02:58'),
(908, 1, '74.1504572', '16.3127456', '2025-03-21 01:17:58'),
(909, 1, '74.1504646', '16.3127448', '2025-03-21 01:34:30'),
(910, 1, '74.1504646', '16.3127448', '2025-03-21 01:49:33'),
(911, 1, '74.1504636', '16.3127442', '2025-03-21 02:05:02'),
(912, 1, '74.1504597', '16.3127447', '2025-03-21 02:34:06'),
(913, 1, '74.1504605', '16.3127443', '2025-03-21 02:55:09'),
(914, 1, '74.1504649', '16.3127454', '2025-03-21 03:10:10'),
(915, 1, '74.1504649', '16.312747', '2025-03-21 03:25:11'),
(916, 1, '74.1504642', '16.3127443', '2025-03-21 03:40:12'),
(917, 1, '74.1504629', '16.3127441', '2025-03-21 03:55:13'),
(918, 1, '74.1504642', '16.3127443', '2025-03-21 04:10:13'),
(919, 1, '74.1504605', '16.3127443', '2025-03-21 04:25:14'),
(920, 1, '74.1504605', '16.3127443', '2025-03-21 04:40:15'),
(921, 1, '74.1504621', '16.3127441', '2025-03-21 05:08:51'),
(922, 1, '74.1504613', '16.3127441', '2025-03-21 05:23:52'),
(923, 1, '74.1504621', '16.3127441', '2025-03-21 05:39:53'),
(924, 1, '74.1504613', '16.3127441', '2025-03-21 05:55:15'),
(925, 1, '74.1504621', '16.3127441', '2025-03-21 05:59:13'),
(926, 1, '74.1517048', '16.3136109', '2025-03-21 06:14:42'),
(927, 1, '74.1504621', '16.3127441', '2025-03-21 06:42:37'),
(928, 1, '74.1504597', '16.3127447', '2025-03-21 06:57:39'),
(929, 1, '74.1504597', '16.3127447', '2025-03-21 07:12:40'),
(930, 1, '74.1504621', '16.3127441', '2025-03-21 07:27:41'),
(931, 1, '74.1504184', '16.3126291', '2025-03-21 07:45:45'),
(932, 1, '74.1504548', '16.3124148', '2025-03-21 08:00:45'),
(933, 1, '74.1520718', '16.3129248', '2025-03-21 08:28:45'),
(934, 1, '74.1502369', '16.3124272', '2025-03-21 08:44:54'),
(935, 1, '74.1520718', '16.3129248', '2025-03-21 08:59:56'),
(936, 1, '74.1520718', '16.3129248', '2025-03-21 09:14:57'),
(937, 1, '74.1520718', '16.3129248', '2025-03-21 09:29:56'),
(938, 1, '74.1490395', '16.3133031', '2025-03-21 09:44:25'),
(939, 1, '74.1498699', '16.3123991', '2025-03-21 10:08:33'),
(940, 1, '74.1498699', '16.3123991', '2025-03-21 10:31:52'),
(941, 1, '74.1498699', '16.3123991', '2025-03-21 10:46:55'),
(942, 1, '74.1498699', '16.3123991', '2025-03-21 11:01:55'),
(943, 1, '74.1535397', '16.31268', '2025-03-21 11:28:22'),
(944, 1, '74.1528058', '16.3129809', '2025-03-21 11:51:13'),
(945, 1, '74.1498699', '16.3123991', '2025-03-21 12:06:15'),
(946, 1, '74.1517048', '16.3136109', '2025-03-21 12:33:00'),
(947, 1, '74.1535397', '16.31268', '2025-03-21 12:58:00'),
(948, 1, '74.1520718', '16.3129248', '2025-03-21 13:19:16'),
(949, 1, '74.1507106', '16.3127477', '2025-03-21 13:37:58'),
(950, 1, '74.1535397', '16.31268', '2025-03-21 14:02:07'),
(951, 1, '74.1535397', '16.31268', '2025-03-21 14:17:07'),
(952, 1, '74.1535397', '16.31268', '2025-03-21 14:38:50'),
(953, 1, '74.1535397', '16.31268', '2025-03-21 15:04:17'),
(954, 1, '74.1535397', '16.31268', '2025-03-21 15:19:16'),
(955, 1, '74.1517048', '16.3136109', '2025-03-21 15:38:05'),
(956, 1, '74.1535397', '16.31268', '2025-03-21 16:04:17'),
(957, 1, '74.1520718', '16.3129248', '2025-03-21 16:19:16'),
(958, 1, '74.1384698', '16.3148537', '2025-03-21 16:39:20'),
(959, 1, '74.1432641', '16.3168931', '2025-03-21 17:06:27'),
(960, 1, '74.150465', '16.312746', '2025-03-21 17:28:46'),
(961, 1, '74.1450991', '16.3141767', '2025-03-21 17:47:34'),
(962, 1, '74.1520718', '16.3129248', '2025-03-21 18:04:57'),
(963, 1, '74.1480659', '16.3137902', '2025-03-21 18:34:22'),
(964, 1, '74.1524388', '16.3129529', '2025-03-21 19:01:31'),
(965, 1, '74.1520718', '16.3129248', '2025-03-21 19:16:30'),
(966, 1, '74.1520718', '16.3129248', '2025-03-21 19:31:30'),
(967, 1, '74.1480659', '16.3137902', '2025-03-21 19:49:21'),
(968, 1, '74.1520718', '16.3129248', '2025-03-21 20:16:45'),
(969, 1, '74.1502369', '16.3124272', '2025-03-21 20:31:45'),
(970, 1, '74.1535397', '16.31268', '2025-03-21 20:47:32'),
(971, 1, '74.1535397', '16.31268', '2025-03-21 21:02:34'),
(972, 1, '74.1535397', '16.31268', '2025-03-21 21:17:34'),
(973, 1, '74.1535397', '16.31268', '2025-03-21 21:32:37'),
(974, 1, '74.1502599', '16.312645', '2025-03-21 21:47:30'),
(975, 1, '74.1480676', '16.313791', '2025-03-21 22:02:31'),
(976, 1, '74.150463', '16.3127481', '2025-03-21 22:17:31'),
(977, 1, '74.1504572', '16.3127461', '2025-03-21 22:32:32'),
(978, 1, '74.1504633', '16.3127481', '2025-03-21 22:47:33'),
(979, 1, '74.1504633', '16.3127481', '2025-03-21 23:02:34'),
(980, 1, '74.1504649', '16.3127454', '2025-03-21 23:30:01'),
(981, 1, '74.1504629', '16.3127441', '2025-03-21 23:45:03'),
(982, 1, '74.1504621', '16.3127441', '2025-03-22 00:14:06'),
(983, 1, '74.1504621', '16.3127441', '2025-03-22 00:29:07'),
(984, 1, '74.150465', '16.312746', '2025-03-22 01:31:16'),
(985, 1, '74.1504621', '16.3127441', '2025-03-22 01:57:34'),
(986, 1, '74.1504629', '16.3127441', '2025-03-22 02:33:19'),
(987, 1, '74.1504629', '16.3127441', '2025-03-22 03:31:55'),
(988, 1, '74.1504649', '16.3127454', '2025-03-22 04:33:57'),
(989, 1, '74.1504629', '16.3127441', '2025-03-22 05:33:58'),
(990, 1, '74.1504651', '16.3127465', '2025-03-22 05:48:59'),
(991, 1, '74.1504629', '16.3127441', '2025-03-22 06:04:00'),
(992, 1, '74.1504646', '16.3127448', '2025-03-22 06:30:32'),
(993, 1, '74.1504597', '16.3127447', '2025-03-22 06:53:23'),
(994, 1, '74.1504621', '16.3127441', '2025-03-22 07:18:32'),
(995, 1, '74.1504613', '16.3127441', '2025-03-22 07:37:21'),
(996, 1, '74.1504589', '16.3127451', '2025-03-22 07:52:22'),
(997, 1, '74.1504605', '16.3127443', '2025-03-22 08:07:22'),
(998, 1, '74.1480656', '16.31379', '2025-03-22 08:32:48'),
(999, 1, '74.1520718', '16.3129248', '2025-03-22 08:47:49'),
(1000, 1, '74.1502369', '16.3124272', '2025-03-22 09:02:49'),
(1001, 1, '74.1520718', '16.3129248', '2025-03-22 09:17:49'),
(1002, 1, '74.150459', '16.312745', '2025-03-22 09:35:36'),
(1003, 1, '74.1520718', '16.3129248', '2025-03-22 09:50:36'),
(1004, 1, '74.150845', '16.3127314', '2025-03-22 10:05:06'),
(1005, 1, '74.1507835', '16.312533', '2025-03-22 10:20:21'),
(1006, 1, '74.1535397', '16.31268', '2025-03-22 10:39:34'),
(1007, 1, '74.1535397', '16.31268', '2025-03-22 10:54:34'),
(1008, 1, '74.1535397', '16.31268', '2025-03-22 11:09:34'),
(1009, 1, '74.1535397', '16.31268', '2025-03-22 11:09:51'),
(1010, 1, '74.1520718', '16.3129248', '2025-03-22 11:24:49'),
(1011, 1, '74.1520718', '16.3129248', '2025-03-22 11:39:49'),
(1012, 1, '74.1504611', '16.3127472', '2025-03-22 12:01:42'),
(1013, 1, '74.150462', '16.3127475', '2025-03-22 12:19:34'),
(1014, 1, '74.1502369', '16.3124272', '2025-03-22 12:38:54'),
(1015, 1, '74.1520718', '16.3129248', '2025-03-22 13:00:42'),
(1016, 1, '74.1502369', '16.3124272', '2025-03-22 13:15:42'),
(1017, 1, '74.1517048', '16.3136109', '2025-03-22 13:30:43'),
(1018, 1, '74.1504572', '16.3127456', '2025-03-22 13:55:33'),
(1019, 1, '74.1504636', '16.3127442', '2025-03-22 14:10:33'),
(1020, 1, '74.1504621', '16.3127441', '2025-03-22 14:28:11'),
(1021, 1, '74.1504636', '16.3127442', '2025-03-22 14:43:12'),
(1022, 1, '74.1504636', '16.3127442', '2025-03-22 14:58:12'),
(1023, 1, '74.1504646', '16.3127448', '2025-03-22 15:13:12'),
(1024, 1, '74.150465', '16.312746', '2025-03-22 15:28:12'),
(1025, 1, '74.1504572', '16.3127456', '2025-03-22 15:43:15'),
(1026, 1, '74.150464', '16.3127474', '2025-03-22 15:58:16'),
(1027, 1, '74.1504629', '16.3127441', '2025-03-22 16:19:34'),
(1028, 1, '74.1504645', '16.3127473', '2025-03-22 16:42:40'),
(1029, 1, '74.1504645', '16.3127473', '2025-03-22 16:57:41'),
(1030, 1, '74.1517048', '16.3136109', '2025-03-22 17:13:46'),
(1031, 1, '74.1542737', '16.3127361', '2025-03-22 17:28:46'),
(1032, 1, '74.1517048', '16.3136109', '2025-03-22 17:43:46'),
(1033, 1, '74.1520718', '16.3129248', '2025-03-22 17:58:47'),
(1034, 1, '74.1517048', '16.3136109', '2025-03-22 18:17:36'),
(1035, 1, '74.1520718', '16.3129248', '2025-03-22 18:32:36'),
(1036, 1, '74.1502369', '16.3124272', '2025-03-22 18:47:36'),
(1037, 1, '74.1502369', '16.3124272', '2025-03-22 19:02:36'),
(1038, 1, '74.1437087', '16.31877', '2025-03-22 19:17:05'),
(1039, 1, '74.1437651', '16.3186318', '2025-03-22 19:34:03'),
(1040, 1, '74.1437613', '16.3186366', '2025-03-22 19:54:21'),
(1041, 1, '74.1437609', '16.3186435', '2025-03-22 20:16:48'),
(1042, 1, '74.1520718', '16.3129248', '2025-03-22 20:37:59'),
(1043, 1, '74.1520718', '16.3129248', '2025-03-22 21:04:59'),
(1044, 1, '74.1520718', '16.3129248', '2025-03-22 21:19:41'),
(1045, 1, '74.1504311', '16.3134647', '2025-03-22 21:42:25'),
(1046, 1, '74.1517048', '16.3136109', '2025-03-22 21:57:26'),
(1047, 1, '74.1535397', '16.31268', '2025-03-22 22:12:27'),
(1048, 1, '74.150806', '16.3130053', '2025-03-22 22:27:30'),
(1049, 1, '74.1507054', '16.3125848', '2025-03-22 22:42:32'),
(1050, 1, '74.1504597', '16.3127447', '2025-03-22 23:57:45'),
(1051, 1, '74.1502369', '16.3124272', '2025-03-23 00:12:44'),
(1052, 1, '74.1504642', '16.3127443', '2025-03-23 00:28:27'),
(1053, 1, '74.1504642', '16.3127443', '2025-03-23 00:43:47'),
(1054, 1, '74.1504629', '16.3127441', '2025-03-23 01:23:44'),
(1055, 1, '74.1504629', '16.3127441', '2025-03-23 01:48:31'),
(1056, 1, '74.1504642', '16.3127443', '2025-03-23 02:30:05'),
(1057, 1, '74.1504649', '16.312747', '2025-03-23 02:50:34'),
(1058, 1, '74.1504629', '16.3127441', '2025-03-23 03:34:50'),
(1059, 1, '74.1504637', '16.312748', '2025-03-23 03:49:44'),
(1060, 1, '74.150464', '16.3127474', '2025-03-23 04:15:17'),
(1061, 1, '74.1504645', '16.3127473', '2025-03-23 04:51:05'),
(1062, 1, '74.1496504', '16.3123973', '2025-03-23 05:28:19'),
(1063, 1, '74.1502369', '16.3124272', '2025-03-23 05:43:19'),
(1064, 1, '74.1517048', '16.3136109', '2025-03-23 05:58:20'),
(1065, 1, '74.1504569', '16.3127455', '2025-03-23 06:13:19'),
(1066, 1, '74.150464', '16.3127478', '2025-03-23 06:28:21'),
(1067, 1, '74.150464', '16.312748', '2025-03-23 07:40:03'),
(1068, 1, '74.1504646', '16.3127448', '2025-03-23 08:06:12'),
(1069, 1, '74.1504639', '16.3127476', '2025-03-23 08:26:47'),
(1070, 1, '74.1504637', '16.312748', '2025-03-23 08:41:48'),
(1071, 1, '74.150464', '16.3127481', '2025-03-23 09:04:51'),
(1072, 1, '74.1413597', '16.3134697', '2025-03-23 09:24:56'),
(1073, 1, '74.1099282', '16.2761037', '2025-03-23 09:44:36'),
(1074, 1, '74.0900424', '16.2635447', '2025-03-23 10:01:51'),
(1075, 1, '74.0970171', '16.2544413', '2025-03-23 10:16:53'),
(1076, 1, '74.0977513', '16.2527128', '2025-03-23 10:31:53'),
(1077, 1, '74.0968111', '16.2572152', '2025-03-23 10:46:54'),
(1078, 1, '74.1346282', '16.3159118', '2025-03-23 11:02:11'),
(1079, 1, '74.1535397', '16.31268', '2025-03-23 11:31:36'),
(1080, 1, '74.1520718', '16.3129248', '2025-03-23 11:46:36'),
(1081, 1, '74.1535397', '16.31268', '2025-03-23 12:07:36'),
(1082, 1, '74.1535397', '16.31268', '2025-03-23 12:27:36'),
(1083, 1, '74.1506717', '16.3125563', '2025-03-23 12:45:10'),
(1084, 1, '74.1520718', '16.3129248', '2025-03-23 13:05:10'),
(1085, 1, '74.1506802', '16.3124614', '2025-03-23 13:25:10'),
(1086, 1, '74.1520718', '16.3129248', '2025-03-23 13:45:12'),
(1087, 1, '74.1535397', '16.31268', '2025-03-23 14:05:14'),
(1088, 1, '74.1535397', '16.31268', '2025-03-23 14:28:30'),
(1089, 1, '74.1535397', '16.31268', '2025-03-23 15:20:44'),
(1090, 1, '74.1505576', '16.3130421', '2025-03-23 15:39:11'),
(1091, 1, '74.1535397', '16.31268', '2025-03-23 15:53:42'),
(1092, 1, '74.1378261', '16.3148448', '2025-03-23 16:10:52'),
(1093, 1, '74.1703238', '16.30934', '2025-03-23 16:28:36'),
(1094, 1, '74.133355', '16.31292', '2025-03-23 16:50:56'),
(1095, 1, '74.137929', '16.3148295', '2025-03-23 17:10:00'),
(1096, 1, '74.1413462', '16.3134935', '2025-03-23 17:32:27'),
(1097, 1, '74.1413597', '16.3134697', '2025-03-23 17:49:57'),
(1098, 1, '74.1379091', '16.3148394', '2025-03-23 18:06:09'),
(1099, 1, '74.1380957', '16.3155679', '2025-03-23 18:26:10'),
(1100, 1, '74.1446401', '16.3147001', '2025-03-23 18:49:39'),
(1101, 1, '74.1425612', '16.3145519', '2025-03-23 19:09:41'),
(1102, 1, '74.1535397', '16.31268', '2025-03-23 19:33:08'),
(1103, 1, '74.1437711', '16.3146563', '2025-03-23 19:52:03'),
(1104, 1, '74.1438104', '16.3146456', '2025-03-23 20:12:24'),
(1105, 1, '74.1437545', '16.3146504', '2025-03-23 20:32:07'),
(1106, 1, '74.1437845', '16.3147315', '2025-03-23 20:47:53'),
(1107, 1, '74.1440039', '16.3146742', '2025-03-23 21:02:29'),
(1108, 1, '74.1504633', '16.312748', '2025-03-23 21:22:30'),
(1109, 1, '74.1504633', '16.312748', '2025-03-23 21:42:31'),
(1110, 1, '74.1535397', '16.31268', '2025-03-23 22:04:43'),
(1111, 1, '74.1535397', '16.31268', '2025-03-23 22:36:39'),
(1112, 1, '74.1535397', '16.31268', '2025-03-23 22:57:02'),
(1113, 1, '74.1520718', '16.3129248', '2025-03-23 23:16:52'),
(1114, 1, '74.1504636', '16.3127492', '2025-03-23 23:36:54'),
(1115, 1, '74.1504581', '16.3127453', '2025-03-23 23:56:54'),
(1116, 1, '74.150464', '16.312748', '2025-03-24 00:16:54'),
(1117, 1, '74.1504636', '16.3127442', '2025-03-24 00:37:24'),
(1118, 1, '74.1504629', '16.3127441', '2025-03-24 00:59:52'),
(1119, 1, '74.1504646', '16.3127448', '2025-03-24 01:49:52'),
(1120, 1, '74.1504642', '16.3127443', '2025-03-24 02:51:54'),
(1121, 1, '74.1504645', '16.3127473', '2025-03-24 03:50:26'),
(1122, 1, '74.1504636', '16.3127442', '2025-03-24 04:52:28'),
(1123, 1, '74.1504636', '16.3127442', '2025-03-24 05:52:30'),
(1124, 1, '74.1504605', '16.3127443', '2025-03-24 06:17:54'),
(1125, 1, '74.1504634', '16.312748', '2025-03-24 06:37:53'),
(1126, 1, '74.1502369', '16.3124272', '2025-03-24 06:54:30'),
(1127, 1, '74.1504589', '16.3127451', '2025-03-24 07:14:29'),
(1128, 1, '74.1504629', '16.3127441', '2025-03-24 07:34:31'),
(1129, 1, '74.1504629', '16.3127441', '2025-03-24 07:54:33'),
(1130, 1, '74.1504629', '16.3127441', '2025-03-24 08:14:35'),
(1131, 1, '74.1504629', '16.3127441', '2025-03-24 08:38:35'),
(1132, 1, '74.1504642', '16.3127443', '2025-03-24 08:58:35'),
(1133, 1, '74.150464', '16.3127478', '2025-03-24 09:18:35'),
(1134, 1, '74.1502369', '16.3124272', '2025-03-24 09:38:36'),
(1135, 1, '74.1528058', '16.3129809', '2025-03-24 09:56:15'),
(1136, 1, '74.1542737', '16.3127361', '2025-03-24 10:16:14'),
(1137, 1, '74.1507371', '16.312662', '2025-03-24 10:31:21'),
(1138, 1, '74.1542737', '16.3127361', '2025-03-24 10:50:10'),
(1139, 1, '74.1370251', '16.3132012', '2025-03-24 11:10:05'),
(1140, 1, '74.1372741', '16.3134636', '2025-03-24 11:12:43'),
(1141, 1, '74.1373583', '16.3134512', '2025-03-24 11:27:40'),
(1142, 1, '74.1520718', '16.3129248', '2025-03-24 11:46:06'),
(1143, 1, '74.1535397', '16.31268', '2025-03-24 12:01:07'),
(1144, 1, '74.1535397', '16.31268', '2025-04-29 13:28:12'),
(1145, 1, '74.1535397', '16.31268', '2025-04-29 13:28:50'),
(1146, 1, '74.1513378', '16.31394', '2025-04-29 16:31:33'),
(1147, 1, '74.1513378', '16.31394', '2025-04-29 16:41:03'),
(1148, 1, '74.149136', '16.3152', '2025-04-29 16:51:17'),
(1149, 1, '74.149136', '16.3152', '2025-04-29 17:01:49'),
(1150, 1, '74.1517048', '16.3136109', '2025-04-29 17:17:25'),
(1151, 1, '74.1520718', '16.3129248', '2025-04-29 17:32:34'),
(1152, 1, '74.1502369', '16.3124272', '2025-04-29 18:17:37'),
(1153, 22, '74.1502369', '16.3124272', '2025-04-29 18:27:42'),
(1154, 22, '74.1520718', '16.3129248', '2025-04-29 18:47:42'),
(1155, 22, '74.1503811', '16.3127937', '2025-04-29 19:04:05'),
(1156, 22, '74.1437889', '16.3186399', '2025-04-29 19:28:09'),
(1157, 22, '74.1437888', '16.318643', '2025-04-29 19:47:44'),
(1158, 22, '74.1437941', '16.3186369', '2025-04-29 20:07:44'),
(1159, 22, '74.1425357', '16.3145514', '2025-04-29 20:27:45'),
(1160, 22, '74.1503846', '16.312795', '2025-04-29 20:48:32'),
(1161, 22, '74.1503779', '16.3127949', '2025-04-29 21:08:35'),
(1162, 22, '74.1503798', '16.3128029', '2025-04-29 21:26:34'),
(1163, 22, '74.1502086', '16.3128385', '2025-04-29 21:44:22'),
(1164, 22, '74.1507553', '16.3129781', '2025-04-29 22:02:36'),
(1165, 22, '74.1535397', '16.3130371', '2025-04-29 22:24:29'),
(1166, 22, '74.1503823', '16.3127974', '2025-04-29 22:40:42'),
(1167, 22, '74.1503832', '16.3127979', '2025-04-29 23:03:21'),
(1168, 22, '74.1506496', '16.3126114', '2025-04-29 23:23:21'),
(1169, 22, '74.1503846', '16.312795', '2025-04-29 23:43:22'),
(1170, 22, '74.1503826', '16.3127937', '2025-04-30 00:04:32'),
(1171, 22, '74.1503819', '16.3127937', '2025-04-30 00:23:26'),
(1172, 22, '74.150377', '16.3127951', '2025-04-30 01:00:34'),
(1173, 22, '74.1503844', '16.3127945', '2025-04-30 01:23:28'),
(1174, 22, '74.1520718', '16.3129248', '2025-04-30 01:45:27'),
(1175, 22, '74.1503819', '16.3127937', '2025-04-30 02:15:28'),
(1176, 22, '74.1503811', '16.3127937', '2025-04-30 03:14:50'),
(1177, 22, '74.1502369', '16.3124272', '2025-04-30 03:56:11'),
(1178, 22, '74.150384', '16.312794', '2025-04-30 04:16:11'),
(1179, 22, '74.1503779', '16.3127949', '2025-04-30 04:39:37'),
(1180, 22, '74.1517048', '16.3136109', '2025-04-30 04:56:28'),
(1181, 22, '74.1520718', '16.3129248', '2025-04-30 05:16:53'),
(1182, 22, '74.1517048', '16.3136109', '2025-04-30 05:37:37'),
(1183, 22, '74.1517048', '16.3136109', '2025-04-30 06:10:18'),
(1184, 22, '74.1520718', '16.3129248', '2025-04-30 06:24:52'),
(1185, 22, '74.1517048', '16.3136109', '2025-04-30 06:57:22'),
(1186, 22, '74.149136', '16.3152', '2025-04-30 07:28:22'),
(1187, 22, '74.1502369', '16.3124272', '2025-04-30 07:58:32'),
(1188, 22, '74.1535397', '16.3130371', '2025-04-30 08:28:15'),
(1189, 22, '74.149136', '16.3152', '2025-04-30 08:48:16'),
(1190, 22, '74.150377', '16.3127951', '2025-04-30 09:08:36'),
(1191, 22, '74.1503832', '16.3127979', '2025-04-30 09:28:56'),
(1192, 22, '74.1503795', '16.3127967', '2025-04-30 09:50:27'),
(1193, 22, '74.1503756', '16.3127965', '2025-04-30 10:11:44'),
(1194, 22, '74.1502369', '16.3124272', '2025-04-30 10:27:59'),
(1195, 22, '74.149136', '16.3152', '2025-04-30 10:47:45'),
(1196, 22, '74.1503826', '16.3127937', '2025-04-30 11:07:19'),
(1197, 22, '74.1503826', '16.3127937', '2025-04-30 11:22:51'),
(1198, 22, '74.1508001', '16.3125613', '2025-04-30 11:44:38'),
(1199, 22, '74.1520718', '16.3129248', '2025-04-30 12:04:45'),
(1200, 22, '74.150383', '16.3127976', '2025-04-30 12:24:27'),
(1201, 22, '74.1520718', '16.3129248', '2025-04-30 12:48:00'),
(1202, 22, '74.1520718', '16.3129248', '2025-04-30 13:04:45'),
(1203, 22, '74.1520718', '16.3129248', '2025-04-30 13:26:05'),
(1204, 22, '74.1502369', '16.3124272', '2025-04-30 13:48:02'),
(1205, 22, '74.148402', '16.3144295', '2025-04-30 14:25:36'),
(1206, 22, '74.1509709', '16.3139119', '2025-04-30 14:46:41'),
(1207, 22, '74.1503832', '16.3127979', '2025-04-30 15:05:02'),
(1208, 22, '74.1503834', '16.3127991', '2025-04-30 15:25:31'),
(1209, 22, '74.1503834', '16.312798', '2025-04-30 15:46:22'),
(1210, 22, '74.1503835', '16.3127988', '2025-04-30 16:06:49'),
(1211, 22, '74.1503828', '16.3127977', '2025-04-30 16:26:49'),
(1212, 22, '74.1503834', '16.3127988', '2025-04-30 16:46:49'),
(1213, 22, '74.1520718', '16.3129248', '2025-04-30 17:06:49'),
(1214, 22, '74.1392048', '16.3147522', '2025-04-30 17:21:45'),
(1215, 22, '74.1378559', '16.3147956', '2025-04-30 17:41:46'),
(1216, 22, '74.1389225', '16.3148868', '2025-04-30 18:01:46');

-- --------------------------------------------------------

--
-- Table structure for table `cart`
--

CREATE TABLE `cart` (
  `cart_id` int(11) NOT NULL,
  `session_id` varchar(255) DEFAULT NULL,
  `user_id` int(11) NOT NULL,
  `product_id` int(11) DEFAULT NULL,
  `task_id` int(11) NOT NULL,
  `task_name` text NOT NULL,
  `product_name` varchar(100) NOT NULL,
  `description` text NOT NULL,
  `category_id` int(11) DEFAULT NULL,
  `subcategory_id` int(11) DEFAULT NULL,
  `price` varchar(100) DEFAULT NULL,
  `days` int(11) NOT NULL,
  `qty` varchar(100) DEFAULT NULL,
  `pack_size` varchar(11) DEFAULT NULL,
  `unit_total` varchar(100) DEFAULT NULL,
  `sgst` varchar(50) DEFAULT NULL,
  `cgst` varchar(50) DEFAULT NULL,
  `igst` varchar(50) DEFAULT NULL,
  `total_gst` float(10,2) DEFAULT 0.00,
  `subtotal` float(10,2) DEFAULT 0.00,
  `rowtotal` float(10,2) DEFAULT 0.00,
  `image_name` text DEFAULT NULL,
  `date_modified` timestamp NULL DEFAULT current_timestamp(),
  `order_number` varchar(255) DEFAULT NULL,
  `addon_ids` text DEFAULT NULL,
  `ins_ids` text DEFAULT NULL,
  `remark` text DEFAULT NULL,
  `table_id` int(11) DEFAULT 0,
  `bill_no` varchar(255) DEFAULT NULL,
  `flag` enum('0','1') NOT NULL DEFAULT '0' COMMENT '1=>booked;0=>free;',
  `seats` varchar(50) DEFAULT '0',
  `listed_in_super_deal` int(11) NOT NULL DEFAULT 0,
  `is_addon_product` enum('0','1') NOT NULL DEFAULT '0',
  `reorder_flag` enum('0','1') NOT NULL DEFAULT '0' COMMENT '0=>new;1=>placed;'
) ENGINE=InnoDB DEFAULT CHARSET=latin1 COLLATE=latin1_swedish_ci;

--
-- Dumping data for table `cart`
--

INSERT INTO `cart` (`cart_id`, `session_id`, `user_id`, `product_id`, `task_id`, `task_name`, `product_name`, `description`, `category_id`, `subcategory_id`, `price`, `days`, `qty`, `pack_size`, `unit_total`, `sgst`, `cgst`, `igst`, `total_gst`, `subtotal`, `rowtotal`, `image_name`, `date_modified`, `order_number`, `addon_ids`, `ins_ids`, `remark`, `table_id`, `bill_no`, `flag`, `seats`, `listed_in_super_deal`, `is_addon_product`, `reorder_flag`) VALUES
(321, 'IVN858631', 0, 9, 0, '', 'TEMPORARY STAFFING SERVICES', '', NULL, NULL, '100', 2, '1', '', '100', '0.00', '0.00', '15.25', 15.25, 84.75, 100.00, NULL, '2025-02-01 17:07:53', NULL, NULL, NULL, NULL, 0, NULL, '0', '0', 1, '0', '0'),
(323, 'IVN858631', 0, 8, 0, '', 'CONTRACT STAFFING SERVICES', '', NULL, NULL, '1000', 2, '10', '', '10000', '0.00', '0.00', '1,525.42', 1525.42, 8474.58, 10000.00, NULL, '2025-02-01 17:26:28', NULL, NULL, NULL, NULL, 0, NULL, '0', '0', 1, '0', '0'),
(325, 'IVN667726', 0, 2, 0, '', 'INFORMATION TECHNOLOGY (IT) CONSULTING AND SUPPORT SERVICES', '', NULL, NULL, '100', 1, '1', '', '100', '0.00', '0.00', '15.25', 15.25, 84.75, 100.00, NULL, '2025-02-01 17:50:09', NULL, NULL, NULL, NULL, 0, NULL, '0', '0', 1, '0', '0'),
(326, 'IVN667726', 0, 3, 0, '', 'INFORMATION TECHNOLOGY (IT) DESIGN AND DEVELOPMENT SERVICES', '', NULL, NULL, '100', 1, '1', '', '100', '0.00', '0.00', '15.25', 15.25, 84.75, 100.00, NULL, '2025-02-01 17:51:04', NULL, NULL, NULL, NULL, 0, NULL, '0', '0', 1, '0', '0'),
(327, 'IVN715033', 0, 18, 0, '', 'RELATIONSHIP DATA MANAGEMENT SERVIES', '                                                                                                                                                                                                                                                                                          ', 1, 0, '10000', 1, '10', '2', '100000', '0.00', '0.00', '10,714.29', 10714.29, 89285.71, 100000.00, NULL, '2025-02-03 16:03:52', NULL, NULL, NULL, NULL, 0, NULL, '0', '0', 1, '0', '0'),
(328, 'IVN130322', 0, 16, 0, '', 'OTHER EDUCATIONAL SUPPORT SERVICES', '', NULL, NULL, '11', 1, '1', '', '11', '0.00', '0.00', '0.00', 0.00, 11.00, 11.00, NULL, '2025-02-04 02:32:11', NULL, NULL, NULL, NULL, 0, NULL, '0', '0', 1, '0', '0'),
(329, 'IVN339553', 0, 2, 0, '', 'INFORMATION TECHNOLOGY (IT) CONSULTING AND SUPPORT SERVICES', '', NULL, NULL, '111', 1, '1', '', '111', '0.00', '0.00', '16.93', 16.93, 94.07, 111.00, NULL, '2025-02-04 03:02:37', NULL, NULL, NULL, NULL, 0, NULL, '0', '0', 1, '0', '0'),
(330, 'IVN583512', 0, 3, 0, '', 'INFORMATION TECHNOLOGY (IT) DESIGN AND DEVELOPMENT SERVICES', '', NULL, NULL, '111', 1, '1', '', '111', '0.00', '0.00', '16.93', 16.93, 94.07, 111.00, NULL, '2025-02-04 03:42:54', NULL, NULL, NULL, NULL, 0, NULL, '0', '0', 1, '0', '0'),
(331, 'IVN152178', 0, 14, 0, '', 'OTHER EDUCATION AND TRAINING SERVICES N.E.C.', '', NULL, NULL, '111', 1, '1', '', '111', '0.00', '0.00', '16.93', 16.93, 94.07, 111.00, NULL, '2025-02-04 03:46:11', NULL, NULL, NULL, NULL, 0, NULL, '0', '0', 1, '0', '0'),
(333, 'IVN304982', 0, 5, 0, '', 'IT INFRASTRUCTURE AND NETWORK MANAGEMENT SERVICES', '', NULL, NULL, '200', 2, '5', '', '1000', '0.00', '0.00', '152.54', 152.54, 847.46, 1000.00, NULL, '2025-02-04 07:06:14', NULL, NULL, NULL, NULL, 0, NULL, '0', '0', 1, '0', '0'),
(334, 'IVN451133', 0, 11, 0, '', 'COMMERCIAL TRAINING AND COACHING SERVICES', '', NULL, NULL, '111', 1, '1', '', '111', '0.00', '0.00', '16.93', 16.93, 94.07, 111.00, NULL, '2025-02-04 07:44:54', NULL, NULL, NULL, NULL, 0, NULL, '0', '0', 1, '0', '0'),
(335, 'IVN418739', 0, 7, 0, '', 'OTHER INFORMATION TECHNOLOGY SERVICES', '', NULL, NULL, '1000', 0, '1', '', '1000', '0.00', '0.00', '152.54', 152.54, 847.46, 1000.00, NULL, '2025-02-06 00:53:06', NULL, NULL, NULL, NULL, 0, NULL, '0', '0', 1, '0', '0'),
(336, 'IVN871050', 0, 27, 0, '', 'CHECK DATA', '<p>dewfe</p>', 1, 4, '1000', 1, '1', '2', '1000', '0.00', '0.00', '107.14', 107.14, 892.86, 1000.00, NULL, '2025-02-06 01:01:09', NULL, NULL, NULL, NULL, 0, NULL, '0', '0', 1, '0', '0'),
(337, 'IVN339060', 0, 4, 0, '', 'HOSTING AND INFORMATION TECHNOLOGY (IT) INFRASTRUCTURE PROVISIONING SERVICES', '', NULL, NULL, '11', 1, '1', '', '11', '0.00', '0.00', '1.68', 1.68, 9.32, 11.00, NULL, '2025-02-06 01:06:27', NULL, NULL, NULL, NULL, 0, NULL, '0', '0', 1, '0', '0'),
(338, 'IVN622476', 0, 3, 0, '', 'INFORMATION TECHNOLOGY (IT) DESIGN AND DEVELOPMENT SERVICES', '', NULL, NULL, '55555', 5, '1', '', '55555', '0.00', '0.00', '8,474.49', 8474.49, 47080.51, 55555.00, NULL, '2025-02-06 01:07:15', NULL, NULL, NULL, NULL, 0, NULL, '0', '0', 1, '0', '0'),
(339, 'IVN267375', 0, 3, 0, '', 'INFORMATION TECHNOLOGY (IT) DESIGN AND DEVELOPMENT SERVICES', '', NULL, NULL, '1000', 1, '1', '', '1000', '0.00', '0.00', '152.54', 152.54, 847.46, 1000.00, NULL, '2025-02-06 01:08:32', NULL, NULL, NULL, NULL, 0, NULL, '0', '0', 1, '0', '0'),
(340, 'IVN892440', 0, 18, 0, '', 'RELATIONSHIP DATA MANAGEMENT SERVIES', '                                                                                                                                                                                                                                                                                          ', 1, 0, '10000', 0, '1', '2', '10000', '0.00', '0.00', '1,071.43', 1071.43, 8928.57, 10000.00, NULL, '2025-02-06 01:12:36', NULL, NULL, NULL, NULL, 0, NULL, '0', '0', 1, '0', '0'),
(341, 'IVN858543', 0, 10, 0, '', 'LONG-TERM STAFFING (PAY ROLLING) SERVICES', '', NULL, NULL, '1000', 1, '1', '', '1000', '0.00', '0.00', '152.54', 152.54, 847.46, 1000.00, NULL, '2025-02-06 01:15:25', NULL, NULL, NULL, NULL, 0, NULL, '0', '0', 1, '0', '0'),
(342, 'IVN971760', 0, 12, 0, '', 'OTHER EDUCATION AND TRAINING SERVICES', '', NULL, NULL, '100', 1, '1', '', '100', '0.00', '0.00', '15.25', 15.25, 84.75, 100.00, NULL, '2025-02-06 14:43:51', NULL, NULL, NULL, NULL, 0, NULL, '0', '0', 1, '0', '0'),
(343, 'IVN376660', 0, 1, 0, '', 'PAYROLL SERVICES', '', NULL, NULL, '1000', 100, '1', '', '1000', '0.00', '0.00', '107.14', 107.14, 892.86, 1000.00, NULL, '2025-02-12 11:45:57', NULL, NULL, NULL, NULL, 0, NULL, '0', '0', 1, '0', '0'),
(344, 'IVN376660', 0, 8, 0, '', 'CONTRACT STAFFING SERVICES', 'test', NULL, NULL, '100', 1, '10', '', '1000', '0.00', '0.00', '152.54', 152.54, 847.46, 1000.00, NULL, '2025-02-13 06:43:59', NULL, NULL, NULL, NULL, 0, NULL, '0', '0', 1, '0', '0'),
(345, 'IVN626166', 0, 1, 0, '', 'PAYROLL SERVICES', '', NULL, NULL, '50', 1, '100', '', '5000', '0.00', '0.00', '535.71', 535.71, 4464.29, 5000.00, NULL, '2025-02-13 06:49:28', NULL, NULL, NULL, NULL, 0, NULL, '0', '0', 1, '0', '0'),
(346, 'IVN534492', 0, 31, 0, '', 'XZC', 'test', 1, 4, '5000', 1, '1', '3', '100', '0.00', '0.00', '8.26', 8.26, 91.74, 100.00, NULL, '2025-02-13 11:51:00', NULL, NULL, NULL, NULL, 0, NULL, '0', '0', 1, '0', '0'),
(348, 'IVN376660', 0, 31, 0, '', 'XZC', 'test', 1, 4, '100', 1, '1', '3', '100', '0.00', '0.00', '8.26', 8.26, 91.74, 100.00, NULL, '2025-02-13 12:12:58', NULL, NULL, NULL, NULL, 0, NULL, '0', '0', 1, '0', '0'),
(349, 'IVN376660', 0, 3, 0, '', 'INFORMATION TECHNOLOGY (IT) DESIGN AND DEVELOPMENT SERVICES', 'test', NULL, NULL, '100', 1, '1', '', '100', '0.00', '0.00', '15.25', 15.25, 84.75, 100.00, NULL, '2025-02-13 12:14:11', NULL, NULL, NULL, NULL, 0, NULL, '0', '0', 1, '0', '0'),
(350, 'IVN365446', 0, 15, 0, '', 'MANAGEMENT CONSULTING AND MANAGEMENT SERVICES; INFORMATION TECHNOLOGY SERVICES', '', NULL, NULL, '1000', 1, '1', '', '1000', '0.00', '0.00', '152.54', 152.54, 847.46, 1000.00, NULL, '2025-02-14 07:35:20', NULL, NULL, NULL, NULL, 0, NULL, '0', '0', 1, '0', '0'),
(351, 'IVN376660', 0, 9, 0, '', 'TEMPORARY STAFFING SERVICES', 'Test only', NULL, NULL, '1500', 1, '2', '', '3000', '0.00', '0.00', '457.63', 457.63, 2542.37, 3000.00, NULL, '2025-02-17 07:28:32', NULL, NULL, NULL, NULL, 0, NULL, '0', '0', 1, '0', '0'),
(352, 'IVN791840', 0, 4, 0, '', 'HOSTING AND INFORMATION TECHNOLOGY (IT) INFRASTRUCTURE PROVISIONING SERVICES', '', NULL, NULL, '100', 2, '10', '', '1000', '0.00', '0.00', '152.54', 152.54, 847.46, 1000.00, NULL, '2025-02-21 13:27:20', NULL, NULL, NULL, NULL, 0, NULL, '0', '0', 1, '0', '0'),
(353, 'IVN824264', 0, 2, 0, '', 'INFORMATION TECHNOLOGY (IT) CONSULTING AND SUPPORT SERVICES', 'Consulting services ', NULL, NULL, '25000', 10, '10', '', '250000', '19,067.80', '19,067.80', '0.00', 38135.59, 211864.41, 250000.00, NULL, '2025-03-01 04:13:07', NULL, NULL, NULL, NULL, 0, NULL, '0', '0', 1, '0', '0');

-- --------------------------------------------------------

--
-- Table structure for table `category`
--

CREATE TABLE `category` (
  `category_id` int(50) NOT NULL,
  `category_name` varchar(100) NOT NULL,
  `offer_applicable` tinyint(1) NOT NULL DEFAULT 0 COMMENT '0-not applicable,1-applicable',
  `status` tinyint(1) NOT NULL DEFAULT 1 COMMENT '1-active,0-deactive',
  `delete_status` tinyint(1) NOT NULL DEFAULT 1 COMMENT '1-not deleted,0-deleted',
  `date_modeified` datetime NOT NULL DEFAULT current_timestamp()
) ENGINE=InnoDB DEFAULT CHARSET=utf8mb4 COLLATE=utf8mb4_general_ci;

--
-- Dumping data for table `category`
--

INSERT INTO `category` (`category_id`, `category_name`, `offer_applicable`, `status`, `delete_status`, `date_modeified`) VALUES
(1, 'Category1', 0, 0, 1, '2025-01-30 16:27:39'),
(2, 'Category2', 0, 0, 1, '2025-01-30 16:31:34'),
(3, 'Category3', 0, 0, 1, '2025-02-03 02:23:56'),
(4, 'Category4', 0, 1, 1, '2025-02-03 02:30:51'),
(5, 'cat112', 0, 1, 1, '2025-02-03 03:07:56'),
(6, 'cat2', 0, 0, 1, '2025-02-03 03:18:44'),
(7, 'Catgry33', 0, 1, 1, '2025-02-11 12:06:34'),
(8, 'Devlopment', 0, 1, 1, '2025-02-13 19:39:31'),
(9, 'a', 0, 1, 1, '2025-02-14 19:59:43'),
(10, 'category5', 0, 1, 1, '2025-04-29 16:45:12'),
(11, 'test', 0, 1, 1, '2025-04-29 17:30:04'),
(12, 'demo', 0, 1, 1, '2025-05-05 11:44:36'),
(13, 'demo 1', 0, 1, 1, '2025-05-05 11:44:47');

-- --------------------------------------------------------

--
-- Table structure for table `chat_groups`
--

CREATE TABLE `chat_groups` (
  `group_id` int(50) NOT NULL,
  `group_name` text DEFAULT NULL,
  `group_created_by` int(50) DEFAULT NULL,
  `group_created_at` timestamp NOT NULL DEFAULT current_timestamp() ON UPDATE current_timestamp(),
  `group_description` longtext DEFAULT NULL,
  `group_image` longtext DEFAULT NULL
) ENGINE=InnoDB DEFAULT CHARSET=utf8mb4 COLLATE=utf8mb4_general_ci;

--
-- Dumping data for table `chat_groups`
--

INSERT INTO `chat_groups` (`group_id`, `group_name`, `group_created_by`, `group_created_at`, `group_description`, `group_image`) VALUES
(1, 'dev crm', 1, '2024-10-09 07:22:12', 'this group is to maintain the project status', 'download2.png'),
(2, 'dev crm', 1, '2024-10-11 16:00:05', '', ''),
(3, 'testing', 1, '2024-12-28 18:26:10', '', '1735367170images.jpg');

-- --------------------------------------------------------

--
-- Table structure for table `chat_group_msg`
--

CREATE TABLE `chat_group_msg` (
  `group_msg_id` int(50) NOT NULL,
  `group_id` int(50) NOT NULL,
  `sender_id` int(50) NOT NULL,
  `message` text NOT NULL,
  `chat_added_date` timestamp NULL DEFAULT current_timestamp() ON UPDATE current_timestamp(),
  `group_msg_added_on` timestamp NOT NULL DEFAULT current_timestamp() ON UPDATE current_timestamp()
) ENGINE=InnoDB DEFAULT CHARSET=utf8mb4 COLLATE=utf8mb4_general_ci;

--
-- Dumping data for table `chat_group_msg`
--

INSERT INTO `chat_group_msg` (`group_msg_id`, `group_id`, `sender_id`, `message`, `chat_added_date`, `group_msg_added_on`) VALUES
(1, 3, 1, 'hello all', '2024-10-07 09:41:33', '2024-10-07 13:11:33'),
(2, 3, 22, 'hii', '2024-10-07 10:00:01', '2024-10-07 13:30:01'),
(3, 3, 1, 'hi gm', '2024-10-08 01:28:31', '2024-10-08 04:58:31'),
(4, 3, 1, 'gm', '2024-10-08 01:29:43', '2024-10-08 04:59:43'),
(5, 3, 1, 'sd', '2024-10-08 01:30:34', '2024-10-08 05:00:34'),
(6, 3, 1, 'sdsds', '2024-10-08 01:31:18', '2024-10-08 05:01:18'),
(7, 7, 1, 'hi', '2024-10-08 01:31:50', '2024-10-08 05:01:50'),
(8, 7, 1, 'hiiii', '2024-10-08 01:32:08', '2024-10-08 05:02:08'),
(9, 7, 1, 'hi', '2024-10-08 01:32:36', '2024-10-08 05:02:36'),
(10, 7, 1, 'hello', '2024-10-08 01:34:47', '2024-10-08 05:04:47'),
(11, 2, 1, 'hello', '2024-10-11 12:59:49', '2024-10-11 16:29:49'),
(12, 2, 1, 'hii', '2024-10-11 13:01:10', '2024-10-11 16:31:10'),
(13, 2, 1, 'hello all', '2025-01-05 05:44:42', '2025-01-05 05:44:42'),
(14, 2, 25, 'hello sir', '2025-01-05 05:58:12', '2025-01-05 05:58:12'),
(15, 2, 25, 'hii', '2025-01-05 06:24:45', '2025-01-05 06:24:45'),
(16, 2, 1, 'hello', '2025-02-13 05:14:55', '2025-02-13 05:14:55'),
(17, 2, 1, 'hi', '2025-02-13 08:28:19', '2025-02-13 08:28:19'),
(18, 2, 1, 'testing', '2025-02-13 08:28:32', '2025-02-13 08:28:32'),
(19, 2, 1, 'hi', '2025-04-22 08:28:14', '2025-04-22 08:28:14'),
(20, 2, 1, 'ggg', '2025-04-22 08:28:38', '2025-04-22 08:28:38');

-- --------------------------------------------------------

--
-- Table structure for table `chat_group_users`
--

CREATE TABLE `chat_group_users` (
  `group_user_id` int(50) NOT NULL,
  `group_id` int(50) DEFAULT NULL,
  `user_id` int(50) DEFAULT NULL
) ENGINE=InnoDB DEFAULT CHARSET=utf8mb4 COLLATE=utf8mb4_general_ci;

--
-- Dumping data for table `chat_group_users`
--

INSERT INTO `chat_group_users` (`group_user_id`, `group_id`, `user_id`) VALUES
(1, 1, 1),
(2, 1, 2),
(3, 1, 5),
(4, 1, 8),
(5, 1, 10),
(6, 1, 6),
(7, 1, 9),
(8, 2, 1),
(9, 2, 4),
(10, 2, 5),
(11, 2, 22),
(12, 3, 1),
(13, 3, 22),
(14, 3, 23),
(15, 3, 24),
(16, 3, 25);

-- --------------------------------------------------------

--
-- Table structure for table `childcategory`
--

CREATE TABLE `childcategory` (
  `child_category_id` bigint(20) NOT NULL,
  `category_id` varchar(20) DEFAULT NULL,
  `sub_category_id` varchar(20) DEFAULT NULL,
  `child_category_name` varchar(50) DEFAULT NULL,
  `status` int(4) NOT NULL DEFAULT 1
) ENGINE=InnoDB DEFAULT CHARSET=latin1 COLLATE=latin1_swedish_ci;

--
-- Dumping data for table `childcategory`
--

INSERT INTO `childcategory` (`child_category_id`, `category_id`, `sub_category_id`, `child_category_name`, `status`) VALUES
(3, '2', '1', 'Capries', 1),
(4, '1', '2', 'Child1', 1),
(6, '1', '6', 'Child11Cat1SC11', 1),
(7, '2', '7', 'Child6655', 0),
(8, '3', '13', 'hhh', 1),
(9, '7', '17', 'fffff', 1),
(10, '1', '4', 'tvvvvvv', 1),
(11, '1', '4', 'bott', 1),
(12, '2', '1', 'test', 0);

-- --------------------------------------------------------

--
-- Table structure for table `cities`
--

CREATE TABLE `cities` (
  `city_id` int(11) NOT NULL,
  `city_name` varchar(100) NOT NULL,
  `city_state` varchar(100) NOT NULL,
  `state_code` int(11) DEFAULT NULL
) ENGINE=MyISAM DEFAULT CHARSET=utf8 COLLATE=utf8_general_ci;

--
-- Dumping data for table `cities`
--

INSERT INTO `cities` (`city_id`, `city_name`, `city_state`, `state_code`) VALUES
(1, 'Kolhapur', 'Maharashtra', 27),
(2, 'Port Blair', 'Andaman & Nicobar Islands', 35),
(3, 'Adilabad', 'Andhra Pradesh', 28),
(4, 'Adoni', 'Andhra Pradesh', 28),
(5, 'Amadalavalasa', 'Andhra Pradesh', 28),
(6, 'Amalapuram', 'Andhra Pradesh', 28),
(7, 'Anakapalle', 'Andhra Pradesh', 28),
(8, 'Anantapur', 'Andhra Pradesh', 28),
(9, 'Badepalle', 'Andhra Pradesh', 28),
(10, 'Banganapalle', 'Andhra Pradesh', 28),
(11, 'Bapatla', 'Andhra Pradesh', 28),
(12, 'Bellampalle', 'Andhra Pradesh', 28),
(13, 'Bethamcherla', 'Andhra Pradesh', 28),
(14, 'Bhadrachalam', 'Andhra Pradesh', 28),
(15, 'Bhainsa', 'Andhra Pradesh', 28),
(16, 'Bheemunipatnam', 'Andhra Pradesh', 28),
(17, 'Bhimavaram', 'Andhra Pradesh', 28),
(18, 'Bhongir', 'Andhra Pradesh', 28),
(19, 'Bobbili', 'Andhra Pradesh', 28),
(20, 'Bodhan', 'Andhra Pradesh', 28),
(21, 'Chilakaluripet', 'Andhra Pradesh', 28),
(22, 'Chirala', 'Andhra Pradesh', 28),
(23, 'Chittoor', 'Andhra Pradesh', 28),
(24, 'Cuddapah', 'Andhra Pradesh', 28),
(25, 'Devarakonda', 'Andhra Pradesh', 28),
(26, 'Dharmavaram', 'Andhra Pradesh', 28),
(27, 'Eluru', 'Andhra Pradesh', 28),
(28, 'Farooqnagar', 'Andhra Pradesh', 28),
(29, 'Gadwal', 'Andhra Pradesh', 28),
(30, 'Gooty', 'Andhra Pradesh', 28),
(31, 'Gudivada', 'Andhra Pradesh', 28),
(32, 'Gudur', 'Andhra Pradesh', 28),
(33, 'Guntakal', 'Andhra Pradesh', 28),
(34, 'Guntur', 'Andhra Pradesh', 28),
(35, 'Hanuman Junction', 'Andhra Pradesh', 28),
(36, 'Hindupur', 'Andhra Pradesh', 28),
(37, 'Hyderabad', 'Andhra Pradesh', 28),
(38, 'Ichchapuram', 'Andhra Pradesh', 28),
(39, 'Jaggaiahpet', 'Andhra Pradesh', 28),
(40, 'Jagtial', 'Andhra Pradesh', 28),
(41, 'Jammalamadugu', 'Andhra Pradesh', 28),
(42, 'Jangaon', 'Andhra Pradesh', 28),
(43, 'Kadapa', 'Andhra Pradesh', 28),
(44, 'Kadiri', 'Andhra Pradesh', 28),
(45, 'Kagaznagar', 'Andhra Pradesh', 28),
(46, 'Kakinada', 'Andhra Pradesh', 28),
(47, 'Kalyandurg', 'Andhra Pradesh', 28),
(48, 'Kamareddy', 'Andhra Pradesh', 28),
(49, 'Kandukur', 'Andhra Pradesh', 28),
(50, 'Karimnagar', 'Andhra Pradesh', 28),
(51, 'Kavali', 'Andhra Pradesh', 28),
(52, 'Khammam', 'Andhra Pradesh', 28),
(53, 'Koratla', 'Andhra Pradesh', 28),
(54, 'Kothagudem', 'Andhra Pradesh', 28),
(55, 'Kothapeta', 'Andhra Pradesh', 28),
(56, 'Kovvur', 'Andhra Pradesh', 28),
(57, 'Kurnool', 'Andhra Pradesh', 28),
(58, 'Kyathampalle', 'Andhra Pradesh', 28),
(59, 'Macherla', 'Andhra Pradesh', 28),
(60, 'Machilipatnam', 'Andhra Pradesh', 28),
(61, 'Madanapalle', 'Andhra Pradesh', 28),
(62, 'Mahbubnagar', 'Andhra Pradesh', 28),
(63, 'Mancherial', 'Andhra Pradesh', 28),
(64, 'Mandamarri', 'Andhra Pradesh', 28),
(65, 'Mandapeta', 'Andhra Pradesh', 28),
(66, 'Manuguru', 'Andhra Pradesh', 28),
(67, 'Markapur', 'Andhra Pradesh', 28),
(68, 'Medak', 'Andhra Pradesh', 28),
(69, 'Miryalaguda', 'Andhra Pradesh', 28),
(70, 'Mogalthur', 'Andhra Pradesh', 28),
(71, 'Nagari', 'Andhra Pradesh', 28),
(72, 'Nagarkurnool', 'Andhra Pradesh', 28),
(73, 'Nandyal', 'Andhra Pradesh', 28),
(74, 'Narasapur', 'Andhra Pradesh', 28),
(75, 'Narasaraopet', 'Andhra Pradesh', 28),
(76, 'Narayanpet', 'Andhra Pradesh', 28),
(77, 'Narsipatnam', 'Andhra Pradesh', 28),
(78, 'Nellore', 'Andhra Pradesh', 28),
(79, 'Nidadavole', 'Andhra Pradesh', 28),
(80, 'Nirmal', 'Andhra Pradesh', 28),
(81, 'Nizamabad', 'Andhra Pradesh', 28),
(82, 'Nuzvid', 'Andhra Pradesh', 28),
(83, 'Ongole', 'Andhra Pradesh', 28),
(84, 'Palacole', 'Andhra Pradesh', 28),
(85, 'Palasa Kasibugga', 'Andhra Pradesh', 28),
(86, 'Palwancha', 'Andhra Pradesh', 28),
(87, 'Parvathipuram', 'Andhra Pradesh', 28),
(88, 'Pedana', 'Andhra Pradesh', 28),
(89, 'Peddapuram', 'Andhra Pradesh', 28),
(90, 'Pithapuram', 'Andhra Pradesh', 28),
(91, 'Pondur', 'Andhra pradesh', 28),
(92, 'Ponnur', 'Andhra Pradesh', 28),
(93, 'Proddatur', 'Andhra Pradesh', 28),
(94, 'Punganur', 'Andhra Pradesh', 28),
(95, 'Puttur', 'Andhra Pradesh', 28),
(96, 'Rajahmundry', 'Andhra Pradesh', 28),
(97, 'Rajam', 'Andhra Pradesh', 28),
(98, 'Ramachandrapuram', 'Andhra Pradesh', 28),
(99, 'Ramagundam', 'Andhra Pradesh', 28),
(100, 'Rayachoti', 'Andhra Pradesh', 28),
(101, 'Rayadurg', 'Andhra Pradesh', 28),
(102, 'Renigunta', 'Andhra Pradesh', 28),
(103, 'Repalle', 'Andhra Pradesh', 28),
(104, 'Sadasivpet', 'Andhra Pradesh', 28),
(105, 'Salur', 'Andhra Pradesh', 28),
(106, 'Samalkot', 'Andhra Pradesh', 28),
(107, 'Sangareddy', 'Andhra Pradesh', 28),
(108, 'Sattenapalle', 'Andhra Pradesh', 28),
(109, 'Siddipet', 'Andhra Pradesh', 28),
(110, 'Singapur', 'Andhra Pradesh', 28),
(111, 'Sircilla', 'Andhra Pradesh', 28),
(112, 'Srikakulam', 'Andhra Pradesh', 28),
(113, 'Srikalahasti', 'Andhra Pradesh', 28),
(115, 'Suryapet', 'Andhra Pradesh', 28),
(116, 'Tadepalligudem', 'Andhra Pradesh', 28),
(117, 'Tadpatri', 'Andhra Pradesh', 28),
(118, 'Tandur', 'Andhra Pradesh', 28),
(119, 'Tanuku', 'Andhra Pradesh', 28),
(120, 'Tenali', 'Andhra Pradesh', 28),
(121, 'Tirupati', 'Andhra Pradesh', 28),
(122, 'Tuni', 'Andhra Pradesh', 28),
(123, 'Uravakonda', 'Andhra Pradesh', 28),
(124, 'Venkatagiri', 'Andhra Pradesh', 28),
(125, 'Vicarabad', 'Andhra Pradesh', 28),
(126, 'Vijayawada', 'Andhra Pradesh', 28),
(127, 'Vinukonda', 'Andhra Pradesh', 28),
(128, 'Visakhapatnam', 'Andhra Pradesh', 28),
(129, 'Vizianagaram', 'Andhra Pradesh', 28),
(130, 'Wanaparthy', 'Andhra Pradesh', 28),
(131, 'Warangal', 'Andhra Pradesh', 28),
(132, 'Yellandu', 'Andhra Pradesh', 28),
(133, 'Yemmiganur', 'Andhra Pradesh', 28),
(134, 'Yerraguntla', 'Andhra Pradesh', 28),
(135, 'Zahirabad', 'Andhra Pradesh', 28),
(136, 'Rajampet', 'Andhra Pradesh', 28),
(137, 'Along', 'Arunachal Pradesh', 12),
(138, 'Bomdila', 'Arunachal Pradesh', 12),
(139, 'Itanagar', 'Arunachal Pradesh', 12),
(140, 'Naharlagun', 'Arunachal Pradesh', 12),
(141, 'Pasighat', 'Arunachal Pradesh', 12),
(142, 'Abhayapuri', 'Assam', 18),
(143, 'Amguri', 'Assam', 18),
(144, 'Anandnagaar', 'Assam', 18),
(145, 'Barpeta', 'Assam', 18),
(146, 'Barpeta Road', 'Assam', 18),
(147, 'Bilasipara', 'Assam', 18),
(148, 'Bongaigaon', 'Assam', 18),
(149, 'Dhekiajuli', 'Assam', 18),
(150, 'Dhubri', 'Assam', 18),
(151, 'Dibrugarh', 'Assam', 18),
(152, 'Digboi', 'Assam', 18),
(153, 'Diphu', 'Assam', 18),
(154, 'Dispur', 'Assam', 18),
(156, 'Gauripur', 'Assam', 18),
(157, 'Goalpara', 'Assam', 18),
(158, 'Golaghat', 'Assam', 18),
(159, 'Guwahati', 'Assam', 18),
(160, 'Haflong', 'Assam', 18),
(161, 'Hailakandi', 'Assam', 18),
(162, 'Hojai', 'Assam', 18),
(163, 'Jorhat', 'Assam', 18),
(164, 'Karimganj', 'Assam', 18),
(165, 'Kokrajhar', 'Assam', 18),
(166, 'Lanka', 'Assam', 18),
(167, 'Lumding', 'Assam', 18),
(168, 'Mangaldoi', 'Assam', 18),
(169, 'Mankachar', 'Assam', 18),
(170, 'Margherita', 'Assam', 18),
(171, 'Mariani', 'Assam', 18),
(172, 'Marigaon', 'Assam', 18),
(173, 'Nagaon', 'Assam', 18),
(174, 'Nalbari', 'Assam', 18),
(175, 'North Lakhimpur', 'Assam', 18),
(176, 'Rangia', 'Assam', 18),
(177, 'Sibsagar', 'Assam', 18),
(178, 'Silapathar', 'Assam', 18),
(179, 'Silchar', 'Assam', 18),
(180, 'Tezpur', 'Assam', 18),
(181, 'Tinsukia', 'Assam', 18),
(182, 'Amarpur', 'Bihar', 10),
(183, 'Araria', 'Bihar', 10),
(184, 'Areraj', 'Bihar', 10),
(185, 'Arrah', 'Bihar', 10),
(186, 'Asarganj', 'Bihar', 10),
(187, 'Aurangabad', 'Bihar', 10),
(188, 'Bagaha', 'Bihar', 10),
(189, 'Bahadurganj', 'Bihar', 10),
(190, 'Bairgania', 'Bihar', 10),
(191, 'Bakhtiarpur', 'Bihar', 10),
(192, 'Banka', 'Bihar', 10),
(193, 'Banmankhi Bazar', 'Bihar', 10),
(194, 'Barahiya', 'Bihar', 10),
(195, 'Barauli', 'Bihar', 10),
(196, 'Barbigha', 'Bihar', 10),
(197, 'Barh', 'Bihar', 10),
(198, 'Begusarai', 'Bihar', 10),
(199, 'Behea', 'Bihar', 10),
(200, 'Bettiah', 'Bihar', 10),
(201, 'Bhabua', 'Bihar', 10),
(202, 'Bhagalpur', 'Bihar', 10),
(203, 'Bihar Sharif', 'Bihar', 10),
(204, 'Bikramganj', 'Bihar', 10),
(205, 'Bodh Gaya', 'Bihar', 10),
(206, 'Buxar', 'Bihar', 10),
(207, 'Chandan Bara', 'Bihar', 10),
(208, 'Chanpatia', 'Bihar', 10),
(209, 'Chhapra', 'Bihar', 10),
(210, 'Colgong', 'Bihar', 10),
(211, 'Dalsinghsarai', 'Bihar', 10),
(212, 'Darbhanga', 'Bihar', 10),
(213, 'Daudnagar', 'Bihar', 10),
(214, 'Dehri-on-Sone', 'Bihar', 10),
(215, 'Dhaka', 'Bihar', 10),
(216, 'Dighwara', 'Bihar', 10),
(217, 'Dumraon', 'Bihar', 10),
(218, 'Fatwah', 'Bihar', 10),
(219, 'Forbesganj', 'Bihar', 10),
(220, 'Gaya', 'Bihar', 10),
(221, 'Gogri Jamalpur', 'Bihar', 10),
(222, 'Gopalganj', 'Bihar', 10),
(223, 'Hajipur', 'Bihar', 10),
(224, 'Hilsa', 'Bihar', 10),
(225, 'Hisua', 'Bihar', 10),
(226, 'Islampur', 'Bihar', 10),
(227, 'Jagdispur', 'Bihar', 10),
(228, 'Jamalpur', 'Bihar', 10),
(229, 'Jamui', 'Bihar', 10),
(230, 'Jehanabad', 'Bihar', 10),
(231, 'Jhajha', 'Bihar', 10),
(232, 'Jhanjharpur', 'Bihar', 10),
(233, 'Jogabani', 'Bihar', 10),
(234, 'Kanti', 'Bihar', 10),
(235, 'Katihar', 'Bihar', 10),
(236, 'Khagaria', 'Bihar', 10),
(237, 'Kharagpur', 'Bihar', 10),
(238, 'Kishanganj', 'Bihar', 10),
(239, 'Lakhisarai', 'Bihar', 10),
(240, 'Lalganj', 'Bihar', 10),
(241, 'Madhepura', 'Bihar', 10),
(242, 'Madhubani', 'Bihar', 10),
(243, 'Maharajganj', 'Bihar', 10),
(244, 'Mahnar Bazar', 'Bihar', 10),
(245, 'Makhdumpur', 'Bihar', 10),
(246, 'Maner', 'Bihar', 10),
(247, 'Manihari', 'Bihar', 10),
(248, 'Marhaura', 'Bihar', 10),
(249, 'Masaurhi', 'Bihar', 10),
(250, 'Mirganj', 'Bihar', 10),
(251, 'Mokameh', 'Bihar', 10),
(252, 'Motihari', 'Bihar', 10),
(253, 'Motipur', 'Bihar', 10),
(254, 'Munger', 'Bihar', 10),
(255, 'Murliganj', 'Bihar', 10),
(256, 'Muzaffarpur', 'Bihar', 10),
(257, 'Narkatiaganj', 'Bihar', 10),
(258, 'Naugachhia', 'Bihar', 10),
(259, 'Nawada', 'Bihar', 10),
(260, 'Nokha', 'Bihar', 10),
(261, 'Patna', 'Bihar', 10),
(262, 'Piro', 'Bihar', 10),
(263, 'Purnia', 'Bihar', 10),
(264, 'Rafiganj', 'Bihar', 10),
(265, 'Rajgir', 'Bihar', 10),
(266, 'Ramnagar', 'Bihar', 10),
(267, 'Raxaul Bazar', 'Bihar', 10),
(268, 'Revelganj', 'Bihar', 10),
(269, 'Rosera', 'Bihar', 10),
(270, 'Saharsa', 'Bihar', 10),
(271, 'Samastipur', 'Bihar', 10),
(272, 'Sasaram', 'Bihar', 10),
(273, 'Sheikhpura', 'Bihar', 10),
(274, 'Sheohar', 'Bihar', 10),
(275, 'Sherghati', 'Bihar', 10),
(276, 'Silao', 'Bihar', 10),
(277, 'Sitamarhi', 'Bihar', 10),
(278, 'Siwan', 'Bihar', 10),
(279, 'Sonepur', 'Bihar', 10),
(280, 'Sugauli', 'Bihar', 10),
(281, 'Sultanganj', 'Bihar', 10),
(282, 'Supaul', 'Bihar', 10),
(283, 'Warisaliganj', 'Bihar', 10),
(284, 'Ahiwara', 'Chhattisgarh', 22),
(285, 'Akaltara', 'Chhattisgarh', 22),
(286, 'Ambagarh Chowki', 'Chhattisgarh', 22),
(287, 'Ambikapur', 'Chhattisgarh', 22),
(288, 'Arang', 'Chhattisgarh', 22),
(289, 'Bade Bacheli', 'Chhattisgarh', 22),
(290, 'Balod', 'Chhattisgarh', 22),
(291, 'Baloda Bazar', 'Chhattisgarh', 22),
(292, 'Bemetra', 'Chhattisgarh', 22),
(293, 'Bhatapara', 'Chhattisgarh', 22),
(294, 'Bilaspur', 'Chhattisgarh', 22),
(295, 'Birgaon', 'Chhattisgarh', 22),
(296, 'Champa', 'Chhattisgarh', 22),
(297, 'Chirmiri', 'Chhattisgarh', 22),
(298, 'Dalli-Rajhara', 'Chhattisgarh', 22),
(299, 'Dhamtari', 'Chhattisgarh', 22),
(300, 'Dipka', 'Chhattisgarh', 22),
(301, 'Dongargarh', 'Chhattisgarh', 22),
(302, 'Durg-Bhilai Nagar', 'Chhattisgarh', 22),
(303, 'Gobranawapara', 'Chhattisgarh', 22),
(304, 'Jagdalpur', 'Chhattisgarh', 22),
(305, 'Janjgir', 'Chhattisgarh', 22),
(306, 'Jashpurnagar', 'Chhattisgarh', 22),
(307, 'Kanker', 'Chhattisgarh', 22),
(308, 'Kawardha', 'Chhattisgarh', 22),
(309, 'Kondagaon', 'Chhattisgarh', 22),
(310, 'Korba', 'Chhattisgarh', 22),
(311, 'Mahasamund', 'Chhattisgarh', 22),
(312, 'Mahendragarh', 'Chhattisgarh', 22),
(313, 'Mungeli', 'Chhattisgarh', 22),
(314, 'Naila Janjgir', 'Chhattisgarh', 22),
(315, 'Raigarh', 'Chhattisgarh', 22),
(316, 'Raipur', 'Chhattisgarh', 22),
(317, 'Rajnandgaon', 'Chhattisgarh', 22),
(318, 'Sakti', 'Chhattisgarh', 22),
(319, 'Tilda Newra', 'Chhattisgarh', 22),
(320, 'Amli', 'Dadra & Nagar Haveli', 26),
(321, 'Silvassa', 'Dadra & Nagar Haveli', 26),
(322, 'Daman and Diu', 'Daman & Diu', 25),
(323, 'Daman and Diu', 'Daman & Diu', 25),
(324, 'Asola', 'Delhi', 7),
(325, 'Delhi', 'Delhi', 7),
(326, 'Aldona', 'Goa', 30),
(327, 'Curchorem Cacora', 'Goa', 30),
(328, 'Madgaon', 'Goa', 30),
(329, 'Mapusa', 'Goa', 30),
(330, 'Margao', 'Goa', 30),
(331, 'Marmagao', 'Goa', 30),
(332, 'Panaji', 'Goa', 30),
(333, 'Ahmedabad', 'Gujarat', 24),
(334, 'Amreli', 'Gujarat', 24),
(335, 'Anand', 'Gujarat', 24),
(336, 'Ankleshwar', 'Gujarat', 24),
(337, 'Bharuch', 'Gujarat', 24),
(338, 'Bhavnagar', 'Gujarat', 24),
(339, 'Bhuj', 'Gujarat', 24),
(340, 'Cambay', 'Gujarat', 24),
(341, 'Dahod', 'Gujarat', 24),
(342, 'Deesa', 'Gujarat', 24),
(343, 'Dharampur', ' India', NULL),
(344, 'Dholka', 'Gujarat', 24),
(345, 'Gandhinagar', 'Gujarat', 24),
(346, 'Godhra', 'Gujarat', 24),
(347, 'Himatnagar', 'Gujarat', 24),
(348, 'Idar', 'Gujarat', 24),
(349, 'Jamnagar', 'Gujarat', 24),
(350, 'Junagadh', 'Gujarat', 24),
(351, 'Kadi', 'Gujarat', 24),
(352, 'Kalavad', 'Gujarat', 24),
(353, 'Kalol', 'Gujarat', 24),
(354, 'Kapadvanj', 'Gujarat', 24),
(355, 'Karjan', 'Gujarat', 24),
(356, 'Keshod', 'Gujarat', 24),
(357, 'Khambhalia', 'Gujarat', 24),
(358, 'Khambhat', 'Gujarat', 24),
(359, 'Kheda', 'Gujarat', 24),
(360, 'Khedbrahma', 'Gujarat', 24),
(361, 'Kheralu', 'Gujarat', 24),
(362, 'Kodinar', 'Gujarat', 24),
(363, 'Lathi', 'Gujarat', 24),
(364, 'Limbdi', 'Gujarat', 24),
(365, 'Lunawada', 'Gujarat', 24),
(366, 'Mahesana', 'Gujarat', 24),
(367, 'Mahuva', 'Gujarat', 24),
(368, 'Manavadar', 'Gujarat', 24),
(369, 'Mandvi', 'Gujarat', 24),
(370, 'Mangrol', 'Gujarat', 24),
(371, 'Mansa', 'Gujarat', 24),
(372, 'Mehmedabad', 'Gujarat', 24),
(373, 'Modasa', 'Gujarat', 24),
(374, 'Morvi', 'Gujarat', 24),
(375, 'Nadiad', 'Gujarat', 24),
(376, 'Navsari', 'Gujarat', 24),
(377, 'Padra', 'Gujarat', 24),
(378, 'Palanpur', 'Gujarat', 24),
(379, 'Palitana', 'Gujarat', 24),
(380, 'Pardi', 'Gujarat', 24),
(381, 'Patan', 'Gujarat', 24),
(382, 'Petlad', 'Gujarat', 24),
(383, 'Porbandar', 'Gujarat', 24),
(384, 'Radhanpur', 'Gujarat', 24),
(385, 'Rajkot', 'Gujarat', 24),
(386, 'Rajpipla', 'Gujarat', 24),
(387, 'Rajula', 'Gujarat', 24),
(388, 'Ranavav', 'Gujarat', 24),
(389, 'Rapar', 'Gujarat', 24),
(390, 'Salaya', 'Gujarat', 24),
(391, 'Sanand', 'Gujarat', 24),
(392, 'Savarkundla', 'Gujarat', 24),
(393, 'Sidhpur', 'Gujarat', 24),
(394, 'Sihor', 'Gujarat', 24),
(395, 'Songadh', 'Gujarat', 24),
(396, 'Surat', 'Gujarat', 24),
(397, 'Talaja', 'Gujarat', 24),
(398, 'Thangadh', 'Gujarat', 24),
(399, 'Tharad', 'Gujarat', 24),
(400, 'Umbergaon', 'Gujarat', 24),
(401, 'Umreth', 'Gujarat', 24),
(402, 'Una', 'Gujarat', 24),
(403, 'Unjha', 'Gujarat', 24),
(404, 'Upleta', 'Gujarat', 24),
(405, 'Vadnagar', 'Gujarat', 24),
(406, 'Vadodara', 'Gujarat', 24),
(407, 'Valsad', 'Gujarat', 24),
(408, 'Vapi', 'Gujarat', 24),
(409, 'Vapi', 'Gujarat', 24),
(410, 'Veraval', 'Gujarat', 24),
(411, 'Vijapur', 'Gujarat', 24),
(412, 'Viramgam', 'Gujarat', 24),
(413, 'Visnagar', 'Gujarat', 24),
(414, 'Vyara', 'Gujarat', 24),
(415, 'Wadhwan', 'Gujarat', 24),
(416, 'Wankaner', 'Gujarat', 24),
(417, 'Adalaj', 'Gujrat', 24),
(418, 'Adityana', 'Gujrat', 24),
(419, 'Alang', 'Gujrat', 24),
(420, 'Ambaji', 'Gujrat', 24),
(421, 'Ambaliyasan', 'Gujrat', 24),
(422, 'Andada', 'Gujrat', 24),
(423, 'Anjar', 'Gujrat', 24),
(424, 'Anklav', 'Gujrat', 24),
(425, 'Antaliya', 'Gujrat', 24),
(426, 'Arambhada', 'Gujrat', 24),
(427, 'Atul', 'Gujrat', 24),
(428, 'Ballabhgarh', 'Hariyana', 6),
(429, 'Ambala', 'Haryana', 6),
(430, 'Ambala', 'Haryana', 6),
(431, 'Asankhurd', 'Haryana', 6),
(432, 'Assandh', 'Haryana', 6),
(433, 'Ateli', 'Haryana', 6),
(434, 'Babiyal', 'Haryana', 6),
(435, 'Bahadurgarh', 'Haryana', 6),
(436, 'Barwala', 'Haryana', 6),
(437, 'Bhiwani', 'Haryana', 6),
(438, 'Charkhi Dadri', 'Haryana', 6),
(439, 'Cheeka', 'Haryana', 6),
(440, 'Ellenabad 2', 'Haryana', 6),
(441, 'Faridabad', 'Haryana', 6),
(442, 'Fatehabad', 'Haryana', 6),
(443, 'Ganaur', 'Haryana', 6),
(444, 'Gharaunda', 'Haryana', 6),
(445, 'Gohana', 'Haryana', 6),
(446, 'Gurgaon', 'Haryana', 6),
(447, 'Haibat(Yamuna Nagar)', 'Haryana', 6),
(448, 'Hansi', 'Haryana', 6),
(449, 'Hisar', 'Haryana', 6),
(450, 'Hodal', 'Haryana', 6),
(451, 'Jhajjar', 'Haryana', 6),
(452, 'Jind', 'Haryana', 6),
(453, 'Kaithal', 'Haryana', 6),
(454, 'Kalan Wali', 'Haryana', 6),
(455, 'Kalka', 'Haryana', 6),
(456, 'Karnal', 'Haryana', 6),
(457, 'Ladwa', 'Haryana', 6),
(458, 'Mahendragarh', 'Haryana', 6),
(459, 'Mandi Dabwali', 'Haryana', 6),
(460, 'Narnaul', 'Haryana', 6),
(461, 'Narwana', 'Haryana', 6),
(462, 'Palwal', 'Haryana', 6),
(463, 'Panchkula', 'Haryana', 6),
(464, 'Panipat', 'Haryana', 6),
(465, 'Pehowa', 'Haryana', 6),
(466, 'Pinjore', 'Haryana', 6),
(467, 'Rania', 'Haryana', 6),
(468, 'Ratia', 'Haryana', 6),
(469, 'Rewari', 'Haryana', 6),
(470, 'Rohtak', 'Haryana', 6),
(471, 'Safidon', 'Haryana', 6),
(472, 'Samalkha', 'Haryana', 6),
(473, 'Shahbad', 'Haryana', 6),
(474, 'Sirsa', 'Haryana', 6),
(475, 'Sohna', 'Haryana', 6),
(476, 'Sonipat', 'Haryana', 6),
(477, 'Taraori', 'Haryana', 6),
(478, 'Thanesar', 'Haryana', 6),
(479, 'Tohana', 'Haryana', 6),
(480, 'Yamunanagar', 'Haryana', 6),
(481, 'Arki', 'Himachal Pradesh', 2),
(482, 'Baddi', 'Himachal Pradesh', 2),
(483, 'Bilaspur', 'Himachal Pradesh', 2),
(484, 'Chamba', 'Himachal Pradesh', 2),
(485, 'Dalhousie', 'Himachal Pradesh', 2),
(486, 'Dharamsala', 'Himachal Pradesh', 2),
(487, 'Hamirpur', 'Himachal Pradesh', 2),
(488, 'Mandi', 'Himachal Pradesh', 2),
(489, 'Nahan', 'Himachal Pradesh', 2),
(490, 'Shimla', 'Himachal Pradesh', 2),
(491, 'Solan', 'Himachal Pradesh', 2),
(492, 'Sundarnagar', 'Himachal Pradesh', 2),
(493, 'Jammu', 'Jammu & Kashmir', 1),
(494, 'Achabbal', 'Jammu & Kashmir', 1),
(495, 'Akhnoor', 'Jammu & Kashmir', 1),
(496, 'Anantnag', 'Jammu & Kashmir', 1),
(497, 'Arnia', 'Jammu & Kashmir', 1),
(498, 'Awantipora', 'Jammu & Kashmir', 1),
(499, 'Bandipore', 'Jammu & Kashmir', 1),
(500, 'Baramula', 'Jammu & Kashmir', 1),
(501, 'Kathua', 'Jammu & Kashmir', 1),
(502, 'Leh', 'Jammu & Kashmir', 1),
(503, 'Punch', 'Jammu & Kashmir', 1),
(504, 'Rajauri', 'Jammu & Kashmir', 1),
(505, 'Sopore', 'Jammu & Kashmir', 1),
(506, 'Srinagar', 'Jammu & Kashmir', 1),
(507, 'Udhampur', 'Jammu & Kashmir', 1),
(508, 'Amlabad', 'Jharkhand', 20),
(509, 'Ara', 'Jharkhand', 20),
(510, 'Barughutu', 'Jharkhand', 20),
(511, 'Bokaro Steel City', 'Jharkhand', 20),
(512, 'Chaibasa', 'Jharkhand', 20),
(513, 'Chakradharpur', 'Jharkhand', 20),
(514, 'Chandrapura', 'Jharkhand', 20),
(515, 'Chatra', 'Jharkhand', 20),
(516, 'Chirkunda', 'Jharkhand', 20),
(517, 'Churi', 'Jharkhand', 20),
(518, 'Daltonganj', 'Jharkhand', 20),
(519, 'Deoghar', 'Jharkhand', 20),
(520, 'Dhanbad', 'Jharkhand', 20),
(521, 'Dumka', 'Jharkhand', 20),
(522, 'Garhwa', 'Jharkhand', 20),
(523, 'Ghatshila', 'Jharkhand', 20),
(524, 'Giridih', 'Jharkhand', 20),
(525, 'Godda', 'Jharkhand', 20),
(526, 'Gomoh', 'Jharkhand', 20),
(527, 'Gumia', 'Jharkhand', 20),
(528, 'Gumla', 'Jharkhand', 20),
(529, 'Hazaribag', 'Jharkhand', 20),
(530, 'Hussainabad', 'Jharkhand', 20),
(531, 'Jamshedpur', 'Jharkhand', 20),
(532, 'Jamtara', 'Jharkhand', 20),
(533, 'Jhumri Tilaiya', 'Jharkhand', 20),
(534, 'Khunti', 'Jharkhand', 20),
(535, 'Lohardaga', 'Jharkhand', 20),
(536, 'Madhupur', 'Jharkhand', 20),
(537, 'Mihijam', 'Jharkhand', 20),
(538, 'Musabani', 'Jharkhand', 20),
(539, 'Pakaur', 'Jharkhand', 20),
(540, 'Patratu', 'Jharkhand', 20),
(541, 'Phusro', 'Jharkhand', 20),
(542, 'Ramngarh', 'Jharkhand', 20),
(543, 'Ranchi', 'Jharkhand', 20),
(544, 'Sahibganj', 'Jharkhand', 20),
(545, 'Saunda', 'Jharkhand', 20),
(546, 'Simdega', 'Jharkhand', 20),
(547, 'Tenu Dam-cum- Kathhara', 'Jharkhand', 20),
(548, 'Arasikere', 'Karnataka', 29),
(549, 'Bangalore', 'Karnataka', 29),
(550, 'Belgaum', 'Karnataka', 29),
(551, 'Bellary', 'Karnataka', 29),
(552, 'Chamrajnagar', 'Karnataka', 29),
(553, 'Chikkaballapur', 'Karnataka', 29),
(554, 'Chintamani', 'Karnataka', 29),
(555, 'Chitradurga', 'Karnataka', 29),
(556, 'Gulbarga', 'Karnataka', 29),
(557, 'Gundlupet', 'Karnataka', 29),
(558, 'Hassan', 'Karnataka', 29),
(559, 'Hospet', 'Karnataka', 29),
(560, 'Hubli', 'Karnataka', 29),
(561, 'Karkala', 'Karnataka', 29),
(562, 'Karwar', 'Karnataka', 29),
(563, 'Kolar', 'Karnataka', 29),
(564, 'Kota', 'Karnataka', 29),
(565, 'Lakshmeshwar', 'Karnataka', 29),
(566, 'Lingsugur', 'Karnataka', 29),
(567, 'Maddur', 'Karnataka', 29),
(568, 'Madhugiri', 'Karnataka', 29),
(569, 'Madikeri', 'Karnataka', 29),
(570, 'Magadi', 'Karnataka', 29),
(571, 'Mahalingpur', 'Karnataka', 29),
(572, 'Malavalli', 'Karnataka', 29),
(573, 'Malur', 'Karnataka', 29),
(574, 'Mandya', 'Karnataka', 29),
(575, 'Mangalore', 'Karnataka', 29),
(576, 'Manvi', 'Karnataka', 29),
(577, 'Mudalgi', 'Karnataka', 29),
(578, 'Mudbidri', 'Karnataka', 29),
(579, 'Muddebihal', 'Karnataka', 29),
(580, 'Mudhol', 'Karnataka', 29),
(581, 'Mulbagal', 'Karnataka', 29),
(582, 'Mundargi', 'Karnataka', 29),
(583, 'Mysore', 'Karnataka', 29),
(584, 'Nanjangud', 'Karnataka', 29),
(585, 'Pavagada', 'Karnataka', 29),
(586, 'Puttur', 'Karnataka', 29),
(587, 'Rabkavi Banhatti', 'Karnataka', 29),
(588, 'Raichur', 'Karnataka', 29),
(589, 'Ramanagaram', 'Karnataka', 29),
(590, 'Ramdurg', 'Karnataka', 29),
(591, 'Ranibennur', 'Karnataka', 29),
(592, 'Robertson Pet', 'Karnataka', 29),
(593, 'Ron', 'Karnataka', 29),
(594, 'Sadalgi', 'Karnataka', 29),
(595, 'Sagar', 'Karnataka', 29),
(596, 'Sakleshpur', 'Karnataka', 29),
(597, 'Sandur', 'Karnataka', 29),
(598, 'Sankeshwar', 'Karnataka', 29),
(599, 'Saundatti-Yellamma', 'Karnataka', 29),
(600, 'Savanur', 'Karnataka', 29),
(601, 'Sedam', 'Karnataka', 29),
(602, 'Shahabad', 'Karnataka', 29),
(603, 'Shahpur', 'Karnataka', 29),
(604, 'Shiggaon', 'Karnataka', 29),
(605, 'Shikapur', 'Karnataka', 29),
(606, 'Shimoga', 'Karnataka', 29),
(607, 'Shorapur', 'Karnataka', 29),
(608, 'Shrirangapattana', 'Karnataka', 29),
(609, 'Sidlaghatta', 'Karnataka', 29),
(610, 'Sindgi', 'Karnataka', 29),
(611, 'Sindhnur', 'Karnataka', 29),
(612, 'Sira', 'Karnataka', 29),
(613, 'Sirsi', 'Karnataka', 29),
(614, 'Siruguppa', 'Karnataka', 29),
(615, 'Srinivaspur', 'Karnataka', 29),
(616, 'Talikota', 'Karnataka', 29),
(617, 'Tarikere', 'Karnataka', 29),
(618, 'Tekkalakota', 'Karnataka', 29),
(619, 'Terdal', 'Karnataka', 29),
(620, 'Tiptur', 'Karnataka', 29),
(621, 'Tumkur', 'Karnataka', 29),
(622, 'Udupi', 'Karnataka', 29),
(623, 'Vijayapura', 'Karnataka', 29),
(624, 'Wadi', 'Karnataka', 29),
(625, 'Yadgir', 'Karnataka', 29),
(626, 'Adoor', 'Kerala', 32),
(627, 'Akathiyoor', 'Kerala', 32),
(628, 'Alappuzha', 'Kerala', 32),
(629, 'Ancharakandy', 'Kerala', 32),
(630, 'Aroor', 'Kerala', 32),
(631, 'Ashtamichira', 'Kerala', 32),
(632, 'Attingal', 'Kerala', 32),
(633, 'Avinissery', 'Kerala', 32),
(634, 'Chalakudy', 'Kerala', 32),
(635, 'Changanassery', 'Kerala', 32),
(636, 'Chendamangalam', 'Kerala', 32),
(637, 'Chengannur', 'Kerala', 32),
(638, 'Cherthala', 'Kerala', 32),
(639, 'Cheruthazham', 'Kerala', 32),
(640, 'Chittur-Thathamangalam', 'Kerala', 32),
(641, 'Chockli', 'Kerala', 32),
(642, 'Erattupetta', 'Kerala', 32),
(643, 'Guruvayoor', 'Kerala', 32),
(644, 'Irinjalakuda', 'Kerala', 32),
(645, 'Kadirur', 'Kerala', 32),
(646, 'Kalliasseri', 'Kerala', 32),
(647, 'Kalpetta', 'Kerala', 32),
(648, 'Kanhangad', 'Kerala', 32),
(649, 'Kanjikkuzhi', 'Kerala', 32),
(650, 'Kannur', 'Kerala', 32),
(651, 'Kasaragod', 'Kerala', 32),
(652, 'Kayamkulam', 'Kerala', 32),
(653, 'Kochi', 'Kerala', 32),
(654, 'Kodungallur', 'Kerala', 32),
(655, 'Kollam', 'Kerala', 32),
(656, 'Koothuparamba', 'Kerala', 32),
(657, 'Kothamangalam', 'Kerala', 32),
(658, 'Kottayam', 'Kerala', 32),
(659, 'Kozhikode', 'Kerala', 32),
(660, 'Kunnamkulam', 'Kerala', 32),
(661, 'Malappuram', 'Kerala', 32),
(662, 'Mattannur', 'Kerala', 32),
(663, 'Mavelikkara', 'Kerala', 32),
(664, 'Mavoor', 'Kerala', 32),
(665, 'Muvattupuzha', 'Kerala', 32),
(666, 'Nedumangad', 'Kerala', 32),
(667, 'Neyyattinkara', 'Kerala', 32),
(668, 'Ottappalam', 'Kerala', 32),
(669, 'Palai', 'Kerala', 32),
(670, 'Palakkad', 'Kerala', 32),
(671, 'Panniyannur', 'Kerala', 32),
(672, 'Pappinisseri', 'Kerala', 32),
(673, 'Paravoor', 'Kerala', 32),
(674, 'Pathanamthitta', 'Kerala', 32),
(675, 'Payyannur', 'Kerala', 32),
(676, 'Peringathur', 'Kerala', 32),
(677, 'Perinthalmanna', 'Kerala', 32),
(678, 'Perumbavoor', 'Kerala', 32),
(679, 'Ponnani', 'Kerala', 32),
(680, 'Punalur', 'Kerala', 32),
(681, 'Quilandy', 'Kerala', 32),
(682, 'Shoranur', 'Kerala', 32),
(683, 'Taliparamba', 'Kerala', 32),
(684, 'Thiruvalla', 'Kerala', 32),
(685, 'Thiruvananthapuram', 'Kerala', 32),
(686, 'Thodupuzha', 'Kerala', 32),
(687, 'Thrissur', 'Kerala', 32),
(688, 'Tirur', 'Kerala', 32),
(689, 'Vadakara', 'Kerala', 32),
(690, 'Vaikom', 'Kerala', 32),
(691, 'Varkala', 'Kerala', 32),
(692, 'Kavaratti', 'Lakshadweep', NULL),
(693, 'Ashok Nagar', 'Madhya Pradesh', 23),
(694, 'Balaghat', 'Madhya Pradesh', 23),
(695, 'Betul', 'Madhya Pradesh', 23),
(696, 'Bhopal', 'Madhya Pradesh', 23),
(697, 'Burhanpur', 'Madhya Pradesh', 23),
(698, 'Chhatarpur', 'Madhya Pradesh', 23),
(699, 'Dabra', 'Madhya Pradesh', 23),
(700, 'Datia', 'Madhya Pradesh', 23),
(701, 'Dewas', 'Madhya Pradesh', 23),
(702, 'Dhar', 'Madhya Pradesh', 23),
(703, 'Fatehabad', 'Madhya Pradesh', 23),
(704, 'Gwalior', 'Madhya Pradesh', 23),
(705, 'Indore', 'Madhya Pradesh', 23),
(706, 'Itarsi', 'Madhya Pradesh', 23),
(707, 'Jabalpur', 'Madhya Pradesh', 23),
(708, 'Katni', 'Madhya Pradesh', 23),
(709, 'Kotma', 'Madhya Pradesh', 23),
(710, 'Lahar', 'Madhya Pradesh', 23),
(711, 'Lundi', 'Madhya Pradesh', 23),
(712, 'Maharajpur', 'Madhya Pradesh', 23),
(713, 'Mahidpur', 'Madhya Pradesh', 23),
(714, 'Maihar', 'Madhya Pradesh', 23),
(715, 'Malajkhand', 'Madhya Pradesh', 23),
(716, 'Manasa', 'Madhya Pradesh', 23),
(717, 'Manawar', 'Madhya Pradesh', 23),
(718, 'Mandideep', 'Madhya Pradesh', 23),
(719, 'Mandla', 'Madhya Pradesh', 23),
(720, 'Mandsaur', 'Madhya Pradesh', 23),
(721, 'Mauganj', 'Madhya Pradesh', 23),
(722, 'Mhow Cantonment', 'Madhya Pradesh', 23),
(723, 'Mhowgaon', 'Madhya Pradesh', 23),
(724, 'Morena', 'Madhya Pradesh', 23),
(725, 'Multai', 'Madhya Pradesh', 23),
(726, 'Murwara', 'Madhya Pradesh', 23),
(727, 'Nagda', 'Madhya Pradesh', 23),
(728, 'Nainpur', 'Madhya Pradesh', 23),
(729, 'Narsinghgarh', 'Madhya Pradesh', 23),
(730, 'Narsinghgarh', 'Madhya Pradesh', 23),
(731, 'Neemuch', 'Madhya Pradesh', 23),
(732, 'Nepanagar', 'Madhya Pradesh', 23),
(733, 'Niwari', 'Madhya Pradesh', 23),
(734, 'Nowgong', 'Madhya Pradesh', 23),
(735, 'Nowrozabad', 'Madhya Pradesh', 23),
(736, 'Pachore', 'Madhya Pradesh', 23),
(737, 'Pali', 'Madhya Pradesh', 23),
(738, 'Panagar', 'Madhya Pradesh', 23),
(739, 'Pandhurna', 'Madhya Pradesh', 23),
(740, 'Panna', 'Madhya Pradesh', 23),
(741, 'Pasan', 'Madhya Pradesh', 23),
(742, 'Pipariya', 'Madhya Pradesh', 23),
(743, 'Pithampur', 'Madhya Pradesh', 23),
(744, 'Porsa', 'Madhya Pradesh', 23),
(745, 'Prithvipur', 'Madhya Pradesh', 23),
(746, 'Raghogarh-Vijaypur', 'Madhya Pradesh', 23),
(747, 'Rahatgarh', 'Madhya Pradesh', 23),
(748, 'Raisen', 'Madhya Pradesh', 23),
(749, 'Rajgarh', 'Madhya Pradesh', 23),
(750, 'Ratlam', 'Madhya Pradesh', 23),
(751, 'Rau', 'Madhya Pradesh', 23),
(752, 'Rehli', 'Madhya Pradesh', 23),
(753, 'Rewa', 'Madhya Pradesh', 23),
(754, 'Sabalgarh', 'Madhya Pradesh', 23),
(755, 'Sagar', 'Madhya Pradesh', 23),
(756, 'Sanawad', 'Madhya Pradesh', 23),
(757, 'Sarangpur', 'Madhya Pradesh', 23),
(758, 'Sarni', 'Madhya Pradesh', 23),
(759, 'Satna', 'Madhya Pradesh', 23),
(760, 'Sausar', 'Madhya Pradesh', 23),
(761, 'Sehore', 'Madhya Pradesh', 23),
(762, 'Sendhwa', 'Madhya Pradesh', 23),
(763, 'Seoni', 'Madhya Pradesh', 23),
(764, 'Seoni-Malwa', 'Madhya Pradesh', 23),
(765, 'Shahdol', 'Madhya Pradesh', 23),
(766, 'Shajapur', 'Madhya Pradesh', 23),
(767, 'Shamgarh', 'Madhya Pradesh', 23),
(768, 'Sheopur', 'Madhya Pradesh', 23),
(769, 'Shivpuri', 'Madhya Pradesh', 23),
(770, 'Shujalpur', 'Madhya Pradesh', 23),
(771, 'Sidhi', 'Madhya Pradesh', 23),
(772, 'Sihora', 'Madhya Pradesh', 23),
(773, 'Singrauli', 'Madhya Pradesh', 23),
(774, 'Sironj', 'Madhya Pradesh', 23),
(775, 'Sohagpur', 'Madhya Pradesh', 23),
(776, 'Tarana', 'Madhya Pradesh', 23),
(777, 'Tikamgarh', 'Madhya Pradesh', 23),
(778, 'Ujhani', 'Madhya Pradesh', 23),
(779, 'Ujjain', 'Madhya Pradesh', 23),
(780, 'Umaria', 'Madhya Pradesh', 23),
(781, 'Vidisha', 'Madhya Pradesh', 23),
(782, 'Wara Seoni', 'Madhya Pradesh', 23),
(783, 'Ahmednagar', 'Maharashtra', 27),
(784, 'Akola', 'Maharashtra', 27),
(785, 'Amravati', 'Maharashtra', 27),
(786, 'Aurangabad', 'Maharashtra', 27),
(787, 'Baramati', 'Maharashtra', 27),
(788, 'Chalisgaon', 'Maharashtra', 27),
(789, 'Chinchani', 'Maharashtra', 27),
(790, 'Devgarh', 'Maharashtra', 27),
(791, 'Dhule', 'Maharashtra', 27),
(792, 'Dombivli', 'Maharashtra', 27),
(793, 'Durgapur', 'Maharashtra', 27),
(794, 'Ichalkaranji', 'Maharashtra', 27),
(795, 'Jalna', 'Maharashtra', 27),
(796, 'Kalyan', 'Maharashtra', 27),
(797, 'Latur', 'Maharashtra', 27),
(798, 'Loha', 'Maharashtra', 27),
(799, 'Lonar', 'Maharashtra', 27),
(800, 'Lonavla', 'Maharashtra', 27),
(801, 'Mahad', 'Maharashtra', 27),
(802, 'Mahuli', 'Maharashtra', 27),
(803, 'Malegaon', 'Maharashtra', 27),
(804, 'Malkapur', 'Maharashtra', 27),
(805, 'Manchar', 'Maharashtra', 27),
(806, 'Mangalvedhe', 'Maharashtra', 27),
(807, 'Mangrulpir', 'Maharashtra', 27),
(808, 'Manjlegaon', 'Maharashtra', 27),
(809, 'Manmad', 'Maharashtra', 27),
(810, 'Manwath', 'Maharashtra', 27),
(811, 'Mehkar', 'Maharashtra', 27),
(812, 'Mhaswad', 'Maharashtra', 27),
(813, 'Miraj', 'Maharashtra', 27),
(814, 'Morshi', 'Maharashtra', 27),
(815, 'Mukhed', 'Maharashtra', 27),
(816, 'Mul', 'Maharashtra', 27),
(817, 'Mumbai', 'Maharashtra', 27),
(818, 'Murtijapur', 'Maharashtra', 27),
(819, 'Nagpur', 'Maharashtra', 27),
(820, 'Nalasopara', 'Maharashtra', 27),
(821, 'Nanded-Waghala', 'Maharashtra', 27),
(822, 'Nandgaon', 'Maharashtra', 27),
(823, 'Nandura', 'Maharashtra', 27),
(824, 'Nandurbar', 'Maharashtra', 27),
(825, 'Narkhed', 'Maharashtra', 27),
(826, 'Nashik', 'Maharashtra', 27),
(827, 'Navi Mumbai', 'Maharashtra', 27),
(828, 'Nawapur', 'Maharashtra', 27),
(829, 'Nilanga', 'Maharashtra', 27),
(830, 'Osmanabad', 'Maharashtra', 27),
(831, 'Ozar', 'Maharashtra', 27),
(832, 'Pachora', 'Maharashtra', 27),
(833, 'Paithan', 'Maharashtra', 27),
(834, 'Palghar', 'Maharashtra', 27),
(835, 'Pandharkaoda', 'Maharashtra', 27),
(836, 'Pandharpur', 'Maharashtra', 27),
(837, 'Panvel', 'Maharashtra', 27),
(838, 'Parbhani', 'Maharashtra', 27),
(839, 'Parli', 'Maharashtra', 27),
(840, 'Parola', 'Maharashtra', 27),
(841, 'Partur', 'Maharashtra', 27),
(842, 'Pathardi', 'Maharashtra', 27),
(843, 'Pathri', 'Maharashtra', 27),
(844, 'Patur', 'Maharashtra', 27),
(845, 'Pauni', 'Maharashtra', 27),
(846, 'Pen', 'Maharashtra', 27),
(847, 'Phaltan', 'Maharashtra', 27),
(848, 'Pulgaon', 'Maharashtra', 27),
(849, 'Pune', 'Maharashtra', 27),
(850, 'Purna', 'Maharashtra', 27),
(851, 'Pusad', 'Maharashtra', 27),
(852, 'Rahuri', 'Maharashtra', 27),
(853, 'Rajura', 'Maharashtra', 27),
(854, 'Ramtek', 'Maharashtra', 27),
(855, 'Ratnagiri', 'Maharashtra', 27),
(856, 'Raver', 'Maharashtra', 27),
(857, 'Risod', 'Maharashtra', 27),
(858, 'Sailu', 'Maharashtra', 27),
(859, 'Sangamner', 'Maharashtra', 27),
(860, 'Sangli', 'Maharashtra', 27),
(861, 'Sangole', 'Maharashtra', 27),
(862, 'Sasvad', 'Maharashtra', 27),
(863, 'Satana', 'Maharashtra', 27),
(864, 'Satara', 'Maharashtra', 27),
(865, 'Savner', 'Maharashtra', 27),
(866, 'Sawantwadi', 'Maharashtra', 27),
(867, 'Shahade', 'Maharashtra', 27),
(868, 'Shegaon', 'Maharashtra', 27),
(869, 'Shendurjana', 'Maharashtra', 27),
(870, 'Shirdi', 'Maharashtra', 27),
(871, 'Shirpur-Warwade', 'Maharashtra', 27),
(872, 'Shirur', 'Maharashtra', 27),
(873, 'Shrigonda', 'Maharashtra', 27),
(874, 'Shrirampur', 'Maharashtra', 27),
(875, 'Sillod', 'Maharashtra', 27),
(876, 'Sinnar', 'Maharashtra', 27),
(877, 'Solapur', 'Maharashtra', 27),
(878, 'Soyagaon', 'Maharashtra', 27),
(879, 'Talegaon Dabhade', 'Maharashtra', 27),
(880, 'Talode', 'Maharashtra', 27),
(881, 'Tasgaon', 'Maharashtra', 27),
(882, 'Tirora', 'Maharashtra', 27),
(883, 'Tuljapur', 'Maharashtra', 27),
(884, 'Tumsar', 'Maharashtra', 27),
(885, 'Uran', 'Maharashtra', 27),
(886, 'Uran Islampur', 'Maharashtra', 27),
(887, 'Wadgaon Road', 'Maharashtra', 27),
(888, 'Wai', 'Maharashtra', 27),
(889, 'Wani', 'Maharashtra', 27),
(890, 'Wardha', 'Maharashtra', 27),
(891, 'Warora', 'Maharashtra', 27),
(892, 'Warud', 'Maharashtra', 27),
(893, 'Washim', 'Maharashtra', 27),
(894, 'Yevla', 'Maharashtra', 27),
(895, 'Uchgaon', 'Maharashtra', 27),
(896, 'Udgir', 'Maharashtra', 27),
(897, 'Umarga', 'Maharastra', 27),
(898, 'Umarkhed', 'Maharastra', 27),
(899, 'Umred', 'Maharastra', 27),
(900, 'Vadgaon Kasba', 'Maharastra', 27),
(901, 'Vaijapur', 'Maharastra', 27),
(902, 'Vasai', 'Maharastra', 27),
(903, 'Virar', 'Maharastra', 27),
(904, 'Vita', 'Maharastra', 27),
(905, 'Yavatmal', 'Maharastra', 27),
(906, 'Yawal', 'Maharastra', 27),
(907, 'Imphal', 'Manipur', 14),
(908, 'Kakching', 'Manipur', 14),
(909, 'Lilong', 'Manipur', 14),
(910, 'Mayang Imphal', 'Manipur', 14),
(911, 'Thoubal', 'Manipur', 14),
(912, 'Jowai', 'Meghalaya', 17),
(913, 'Nongstoin', 'Meghalaya', 17),
(914, 'Shillong', 'Meghalaya', 17),
(915, 'Tura', 'Meghalaya', 17),
(916, 'Aizawl', 'Mizoram', 15),
(917, 'Champhai', 'Mizoram', 15),
(918, 'Lunglei', 'Mizoram', 15),
(919, 'Saiha', 'Mizoram', 15),
(920, 'Dimapur', 'Nagaland', 13),
(921, 'Kohima', 'Nagaland', 13),
(922, 'Mokokchung', 'Nagaland', 13),
(923, 'Tuensang', 'Nagaland', 13),
(924, 'Wokha', 'Nagaland', 13),
(925, 'Zunheboto', 'Nagaland', 13),
(950, 'Anandapur', 'Orissa', 21),
(951, 'Anugul', 'Orissa', 21),
(952, 'Asika', 'Orissa', 21),
(953, 'Balangir', 'Orissa', 21),
(954, 'Balasore', 'Orissa', 21),
(955, 'Baleshwar', 'Orissa', 21),
(956, 'Bamra', 'Orissa', 21),
(957, 'Barbil', 'Orissa', 21),
(958, 'Bargarh', 'Orissa', 21),
(959, 'Bargarh', 'Orissa', 21),
(960, 'Baripada', 'Orissa', 21),
(961, 'Basudebpur', 'Orissa', 21),
(962, 'Belpahar', 'Orissa', 21),
(963, 'Bhadrak', 'Orissa', 21),
(964, 'Bhawanipatna', 'Orissa', 21),
(965, 'Bhuban', 'Orissa', 21),
(966, 'Bhubaneswar', 'Orissa', 21),
(967, 'Biramitrapur', 'Orissa', 21),
(968, 'Brahmapur', 'Orissa', 21),
(969, 'Brajrajnagar', 'Orissa', 21),
(970, 'Byasanagar', 'Orissa', 21),
(971, 'Cuttack', 'Orissa', 21),
(972, 'Debagarh', 'Orissa', 21),
(973, 'Dhenkanal', 'Orissa', 21),
(974, 'Gunupur', 'Orissa', 21),
(975, 'Hinjilicut', 'Orissa', 21),
(976, 'Jagatsinghapur', 'Orissa', 21),
(977, 'Jajapur', 'Orissa', 21),
(978, 'Jaleswar', 'Orissa', 21),
(979, 'Jatani', 'Orissa', 21),
(980, 'Jeypur', 'Orissa', 21),
(981, 'Jharsuguda', 'Orissa', 21),
(982, 'Joda', 'Orissa', 21),
(983, 'Kantabanji', 'Orissa', 21),
(984, 'Karanjia', 'Orissa', 21),
(985, 'Kendrapara', 'Orissa', 21),
(986, 'Kendujhar', 'Orissa', 21),
(987, 'Khordha', 'Orissa', 21),
(988, 'Koraput', 'Orissa', 21),
(989, 'Malkangiri', 'Orissa', 21),
(990, 'Nabarangapur', 'Orissa', 21),
(991, 'Paradip', 'Orissa', 21),
(992, 'Parlakhemundi', 'Orissa', 21),
(993, 'Pattamundai', 'Orissa', 21),
(994, 'Phulabani', 'Orissa', 21),
(995, 'Puri', 'Orissa', 21),
(996, 'Rairangpur', 'Orissa', 21),
(997, 'Rajagangapur', 'Orissa', 21),
(998, 'Raurkela', 'Orissa', 21),
(999, 'Rayagada', 'Orissa', 21),
(1000, 'Sambalpur', 'Orissa', 21),
(1001, 'Soro', 'Orissa', 21),
(1002, 'Sunabeda', 'Orissa', 21),
(1003, 'Sundargarh', 'Orissa', 21),
(1004, 'Talcher', 'Orissa', 21),
(1005, 'Titlagarh', 'Orissa', 21),
(1006, 'Umarkote', 'Orissa', 21),
(1007, 'Karaikal', 'Pondicherry', 34),
(1008, 'Mahe', 'Pondicherry', 34),
(1009, 'Pondicherry', 'Pondicherry', 34),
(1010, 'Yanam', 'Pondicherry', 34),
(1011, 'Ahmedgarh', 'Punjab', 3),
(1012, 'Amritsar', 'Punjab', 3),
(1013, 'Barnala', 'Punjab', 3),
(1014, 'Batala', 'Punjab', 3),
(1015, 'Bathinda', 'Punjab', 3),
(1016, 'Bhagha Purana', 'Punjab', 3),
(1017, 'Budhlada', 'Punjab', 3),
(1018, 'Chandigarh', 'Punjab', 3),
(1019, 'Dasua', 'Punjab', 3),
(1020, 'Dhuri', 'Punjab', 3),
(1021, 'Dinanagar', 'Punjab', 3),
(1022, 'Faridkot', 'Punjab', 3),
(1023, 'Fazilka', 'Punjab', 3),
(1024, 'Firozpur', 'Punjab', 3),
(1025, 'Firozpur Cantt.', 'Punjab', 3),
(1026, 'Giddarbaha', 'Punjab', 3),
(1027, 'Gobindgarh', 'Punjab', 3),
(1028, 'Gurdaspur', 'Punjab', 3),
(1029, 'Hoshiarpur', 'Punjab', 3),
(1030, 'Jagraon', 'Punjab', 3),
(1031, 'Jaitu', 'Punjab', 3),
(1032, 'Jalalabad', 'Punjab', 3),
(1033, 'Jalandhar', 'Punjab', 3),
(1034, 'Jalandhar Cantt.', 'Punjab', 3),
(1035, 'Jandiala', 'Punjab', 3),
(1036, 'Kapurthala', 'Punjab', 3),
(1037, 'Karoran', 'Punjab', 3),
(1038, 'Kartarpur', 'Punjab', 3),
(1039, 'Khanna', 'Punjab', 3),
(1040, 'Kharar', 'Punjab', 3),
(1041, 'Kot Kapura', 'Punjab', 3),
(1042, 'Kurali', 'Punjab', 3),
(1043, 'Longowal', 'Punjab', 3),
(1044, 'Ludhiana', 'Punjab', 3),
(1045, 'Malerkotla', 'Punjab', 3),
(1046, 'Malout', 'Punjab', 3),
(1047, 'Mansa', 'Punjab', 3),
(1048, 'Maur', 'Punjab', 3),
(1049, 'Moga', 'Punjab', 3),
(1050, 'Mohali', 'Punjab', 3),
(1051, 'Morinda', 'Punjab', 3),
(1052, 'Mukerian', 'Punjab', 3),
(1053, 'Muktsar', 'Punjab', 3),
(1054, 'Nabha', 'Punjab', 3),
(1055, 'Nakodar', 'Punjab', 3),
(1056, 'Nangal', 'Punjab', 3),
(1057, 'Nawanshahr', 'Punjab', 3),
(1058, 'Pathankot', 'Punjab', 3),
(1059, 'Patiala', 'Punjab', 3),
(1060, 'Patran', 'Punjab', 3),
(1061, 'Patti', 'Punjab', 3),
(1062, 'Phagwara', 'Punjab', 3),
(1063, 'Phillaur', 'Punjab', 3),
(1064, 'Qadian', 'Punjab', 3),
(1065, 'Raikot', 'Punjab', 3),
(1066, 'Rajpura', 'Punjab', 3),
(1067, 'Rampura Phul', 'Punjab', 3),
(1068, 'Rupnagar', 'Punjab', 3),
(1069, 'Samana', 'Punjab', 3),
(1070, 'Sangrur', 'Punjab', 3),
(1071, 'Sirhind Fatehgarh Sahib', 'Punjab', 3),
(1072, 'Sujanpur', 'Punjab', 3),
(1073, 'Sunam', 'Punjab', 3),
(1074, 'Talwara', 'Punjab', 3),
(1075, 'Tarn Taran', 'Punjab', 3),
(1076, 'Urmar Tanda', 'Punjab', 3),
(1077, 'Zira', 'Punjab', 3),
(1078, 'Zirakpur', 'Punjab', 3),
(1079, 'Bali', 'Rajasthan', 8),
(1080, 'Banswara', 'Rajastan', 8),
(1081, 'Ajmer', 'Rajasthan', 8),
(1082, 'Alwar', 'Rajasthan', 8),
(1083, 'Bandikui', 'Rajasthan', 8),
(1084, 'Baran', 'Rajasthan', 8),
(1085, 'Barmer', 'Rajasthan', 8),
(1086, 'Bikaner', 'Rajasthan', 8),
(1087, 'Fatehpur', 'Rajasthan', 8),
(1088, 'Jaipur', 'Rajasthan', 8),
(1089, 'Jaisalmer', 'Rajasthan', 8),
(1090, 'Jodhpur', 'Rajasthan', 8),
(1091, 'Kota', 'Rajasthan', 8),
(1092, 'Lachhmangarh', 'Rajasthan', 8),
(1093, 'Ladnu', 'Rajasthan', 8),
(1094, 'Lakheri', 'Rajasthan', 8),
(1095, 'Lalsot', 'Rajasthan', 8),
(1096, 'Losal', 'Rajasthan', 8),
(1097, 'Makrana', 'Rajasthan', 8),
(1098, 'Malpura', 'Rajasthan', 8),
(1099, 'Mandalgarh', 'Rajasthan', 8),
(1100, 'Mandawa', 'Rajasthan', 8),
(1101, 'Mangrol', 'Rajasthan', 8),
(1102, 'Merta City', 'Rajasthan', 8),
(1103, 'Mount Abu', 'Rajasthan', 8),
(1104, 'Nadbai', 'Rajasthan', 8),
(1105, 'Nagar', 'Rajasthan', 8),
(1106, 'Nagaur', 'Rajasthan', 8),
(1107, 'Nargund', 'Rajasthan', 8),
(1108, 'Nasirabad', 'Rajasthan', 8),
(1109, 'Nathdwara', 'Rajasthan', 8),
(1110, 'Navalgund', 'Rajasthan', 8),
(1111, 'Nawalgarh', 'Rajasthan', 8),
(1112, 'Neem-Ka-Thana', 'Rajasthan', 8),
(1113, 'Nelamangala', 'Rajasthan', 8),
(1114, 'Nimbahera', 'Rajasthan', 8),
(1115, 'Nipani', 'Rajasthan', 8),
(1116, 'Niwai', 'Rajasthan', 8),
(1117, 'Nohar', 'Rajasthan', 8),
(1118, 'Nokha', 'Rajasthan', 8),
(1119, 'Pali', 'Rajasthan', 8),
(1120, 'Phalodi', 'Rajasthan', 8),
(1121, 'Phulera', 'Rajasthan', 8),
(1122, 'Pilani', 'Rajasthan', 8),
(1123, 'Pilibanga', 'Rajasthan', 8),
(1124, 'Pindwara', 'Rajasthan', 8),
(1125, 'Pipar City', 'Rajasthan', 8),
(1126, 'Prantij', 'Rajasthan', 8),
(1127, 'Pratapgarh', 'Rajasthan', 8),
(1128, 'Raisinghnagar', 'Rajasthan', 8),
(1129, 'Rajakhera', 'Rajasthan', 8),
(1130, 'Rajaldesar', 'Rajasthan', 8),
(1131, 'Rajgarh (Alwar)', 'Rajasthan', 8),
(1132, 'Rajgarh (Churu', 'Rajasthan', 8),
(1133, 'Rajsamand', 'Rajasthan', 8),
(1134, 'Ramganj Mandi', 'Rajasthan', 8),
(1135, 'Ramngarh', 'Rajasthan', 8),
(1136, 'Ratangarh', 'Rajasthan', 8),
(1137, 'Rawatbhata', 'Rajasthan', 8),
(1138, 'Rawatsar', 'Rajasthan', 8),
(1139, 'Reengus', 'Rajasthan', 8),
(1140, 'Sadri', 'Rajasthan', 8),
(1141, 'Sadulshahar', 'Rajasthan', 8),
(1142, 'Sagwara', 'Rajasthan', 8),
(1143, 'Sambhar', 'Rajasthan', 8),
(1144, 'Sanchore', 'Rajasthan', 8),
(1145, 'Sangaria', 'Rajasthan', 8),
(1146, 'Sardarshahar', 'Rajasthan', 8),
(1147, 'Sawai Madhopur', 'Rajasthan', 8),
(1148, 'Shahpura', 'Rajasthan', 8),
(1149, 'Shahpura', 'Rajasthan', 8),
(1150, 'Sheoganj', 'Rajasthan', 8),
(1151, 'Sikar', 'Rajasthan', 8),
(1152, 'Sirohi', 'Rajasthan', 8),
(1153, 'Sojat', 'Rajasthan', 8),
(1154, 'Sri Madhopur', 'Rajasthan', 8),
(1155, 'Sujangarh', 'Rajasthan', 8),
(1156, 'Sumerpur', 'Rajasthan', 8),
(1157, 'Suratgarh', 'Rajasthan', 8),
(1158, 'Taranagar', 'Rajasthan', 8),
(1159, 'Todabhim', 'Rajasthan', 8),
(1160, 'Todaraisingh', 'Rajasthan', 8),
(1161, 'Tonk', 'Rajasthan', 8),
(1162, 'Udaipur', 'Rajasthan', 8),
(1163, 'Udaipurwati', 'Rajasthan', 8),
(1164, 'Vijainagar', 'Rajasthan', 8),
(1165, 'Gangtok', 'Sikkim', 11),
(1166, 'Calcutta', 'West Bengal', 19),
(1167, 'Arakkonam', 'Tamil Nadu', 33),
(1168, 'Arcot', 'Tamil Nadu', 33),
(1169, 'Aruppukkottai', 'Tamil Nadu', 33),
(1170, 'Bhavani', 'Tamil Nadu', 33),
(1171, 'Chengalpattu', 'Tamil Nadu', 33),
(1172, 'Chennai', 'Tamil Nadu', 33),
(1173, 'Chinna salem', 'Tamil nadu', 33),
(1174, 'Coimbatore', 'Tamil Nadu', 33),
(1175, 'Coonoor', 'Tamil Nadu', 33),
(1176, 'Cuddalore', 'Tamil Nadu', 33),
(1177, 'Dharmapuri', 'Tamil Nadu', 33),
(1178, 'Dindigul', 'Tamil Nadu', 33),
(1179, 'Erode', 'Tamil Nadu', 33),
(1180, 'Gudalur', 'Tamil Nadu', 33),
(1181, 'Gudalur', 'Tamil Nadu', 33),
(1182, 'Gudalur', 'Tamil Nadu', 33),
(1183, 'Kanchipuram', 'Tamil Nadu', 33),
(1184, 'Karaikudi', 'Tamil Nadu', 33),
(1185, 'Karungal', 'Tamil Nadu', 33),
(1186, 'Karur', 'Tamil Nadu', 33),
(1187, 'Kollankodu', 'Tamil Nadu', 33),
(1188, 'Lalgudi', 'Tamil Nadu', 33),
(1189, 'Madurai', 'Tamil Nadu', 33),
(1190, 'Nagapattinam', 'Tamil Nadu', 33),
(1191, 'Nagercoil', 'Tamil Nadu', 33),
(1192, 'Namagiripettai', 'Tamil Nadu', 33),
(1193, 'Namakkal', 'Tamil Nadu', 33),
(1194, 'Nandivaram-Guduvancheri', 'Tamil Nadu', 33),
(1195, 'Nanjikottai', 'Tamil Nadu', 33),
(1196, 'Natham', 'Tamil Nadu', 33),
(1197, 'Nellikuppam', 'Tamil Nadu', 33),
(1198, 'Neyveli', 'Tamil Nadu', 33),
(1199, 'O\' Valley', 'Tamil Nadu', 33),
(1200, 'Oddanchatram', 'Tamil Nadu', 33),
(1201, 'P.N.Patti', 'Tamil Nadu', 33),
(1202, 'Pacode', 'Tamil Nadu', 33),
(1203, 'Padmanabhapuram', 'Tamil Nadu', 33),
(1204, 'Palani', 'Tamil Nadu', 33),
(1205, 'Palladam', 'Tamil Nadu', 33),
(1206, 'Pallapatti', 'Tamil Nadu', 33),
(1207, 'Pallikonda', 'Tamil Nadu', 33),
(1208, 'Panagudi', 'Tamil Nadu', 33),
(1209, 'Panruti', 'Tamil Nadu', 33),
(1210, 'Paramakudi', 'Tamil Nadu', 33),
(1211, 'Parangipettai', 'Tamil Nadu', 33),
(1212, 'Pattukkottai', 'Tamil Nadu', 33),
(1213, 'Perambalur', 'Tamil Nadu', 33),
(1214, 'Peravurani', 'Tamil Nadu', 33),
(1215, 'Periyakulam', 'Tamil Nadu', 33),
(1216, 'Periyasemur', 'Tamil Nadu', 33),
(1217, 'Pernampattu', 'Tamil Nadu', 33),
(1218, 'Pollachi', 'Tamil Nadu', 33),
(1219, 'Polur', 'Tamil Nadu', 33),
(1220, 'Ponneri', 'Tamil Nadu', 33),
(1221, 'Pudukkottai', 'Tamil Nadu', 33),
(1222, 'Pudupattinam', 'Tamil Nadu', 33),
(1223, 'Puliyankudi', 'Tamil Nadu', 33),
(1224, 'Punjaipugalur', 'Tamil Nadu', 33),
(1225, 'Rajapalayam', 'Tamil Nadu', 33),
(1226, 'Ramanathapuram', 'Tamil Nadu', 33),
(1227, 'Rameshwaram', 'Tamil Nadu', 33),
(1228, 'Rasipuram', 'Tamil Nadu', 33),
(1229, 'Salem', 'Tamil Nadu', 33),
(1230, 'Sankarankoil', 'Tamil Nadu', 33),
(1231, 'Sankari', 'Tamil Nadu', 33),
(1232, 'Sathyamangalam', 'Tamil Nadu', 33),
(1233, 'Sattur', 'Tamil Nadu', 33),
(1234, 'Shenkottai', 'Tamil Nadu', 33),
(1235, 'Sholavandan', 'Tamil Nadu', 33),
(1236, 'Sholingur', 'Tamil Nadu', 33),
(1237, 'Sirkali', 'Tamil Nadu', 33),
(1238, 'Sivaganga', 'Tamil Nadu', 33),
(1239, 'Sivagiri', 'Tamil Nadu', 33),
(1240, 'Sivakasi', 'Tamil Nadu', 33),
(1241, 'Srivilliputhur', 'Tamil Nadu', 33),
(1242, 'Surandai', 'Tamil Nadu', 33),
(1243, 'Suriyampalayam', 'Tamil Nadu', 33),
(1244, 'Tenkasi', 'Tamil Nadu', 33),
(1245, 'Thammampatti', 'Tamil Nadu', 33),
(1246, 'Thanjavur', 'Tamil Nadu', 33),
(1247, 'Tharamangalam', 'Tamil Nadu', 33),
(1248, 'Tharangambadi', 'Tamil Nadu', 33),
(1249, 'Theni Allinagaram', 'Tamil Nadu', 33),
(1250, 'Thirumangalam', 'Tamil Nadu', 33),
(1251, 'Thirunindravur', 'Tamil Nadu', 33),
(1252, 'Thiruparappu', 'Tamil Nadu', 33),
(1253, 'Thirupuvanam', 'Tamil Nadu', 33),
(1254, 'Thiruthuraipoondi', 'Tamil Nadu', 33),
(1255, 'Thiruvallur', 'Tamil Nadu', 33),
(1256, 'Thiruvarur', 'Tamil Nadu', 33),
(1257, 'Thoothukudi', 'Tamil Nadu', 33),
(1258, 'Thuraiyur', 'Tamil Nadu', 33),
(1259, 'Tindivanam', 'Tamil Nadu', 33),
(1260, 'Tiruchendur', 'Tamil Nadu', 33),
(1261, 'Tiruchengode', 'Tamil Nadu', 33),
(1262, 'Tiruchirappalli', 'Tamil Nadu', 33),
(1263, 'Tirukalukundram', 'Tamil Nadu', 33),
(1264, 'Tirukkoyilur', 'Tamil Nadu', 33),
(1265, 'Tirunelveli', 'Tamil Nadu', 33),
(1266, 'Tirupathur', 'Tamil Nadu', 33),
(1267, 'Tirupathur', 'Tamil Nadu', 33),
(1268, 'Tiruppur', 'Tamil Nadu', 33),
(1269, 'Tiruttani', 'Tamil Nadu', 33),
(1270, 'Tiruvannamalai', 'Tamil Nadu', 33),
(1271, 'Tiruvethipuram', 'Tamil Nadu', 33),
(1272, 'Tittakudi', 'Tamil Nadu', 33),
(1273, 'Udhagamandalam', 'Tamil Nadu', 33),
(1274, 'Udumalaipettai', 'Tamil Nadu', 33),
(1275, 'Unnamalaikadai', 'Tamil Nadu', 33),
(1276, 'Usilampatti', 'Tamil Nadu', 33),
(1277, 'Uthamapalayam', 'Tamil Nadu', 33),
(1278, 'Uthiramerur', 'Tamil Nadu', 33),
(1279, 'Vadakkuvalliyur', 'Tamil Nadu', 33),
(1280, 'Vadalur', 'Tamil Nadu', 33),
(1281, 'Vadipatti', 'Tamil Nadu', 33),
(1282, 'Valparai', 'Tamil Nadu', 33),
(1283, 'Vandavasi', 'Tamil Nadu', 33),
(1284, 'Vaniyambadi', 'Tamil Nadu', 33),
(1285, 'Vedaranyam', 'Tamil Nadu', 33),
(1286, 'Vellakoil', 'Tamil Nadu', 33),
(1287, 'Vellore', 'Tamil Nadu', 33),
(1288, 'Vikramasingapuram', 'Tamil Nadu', 33),
(1289, 'Viluppuram', 'Tamil Nadu', 33),
(1290, 'Virudhachalam', 'Tamil Nadu', 33),
(1291, 'Virudhunagar', 'Tamil Nadu', 33),
(1292, 'Viswanatham', 'Tamil Nadu', 33),
(1293, 'Agartala', 'Tripura', 16),
(1294, 'Badharghat', 'Tripura', 16),
(1295, 'Dharmanagar', 'Tripura', 16),
(1296, 'Indranagar', 'Tripura', 16),
(1297, 'Jogendranagar', 'Tripura', 16),
(1298, 'Kailasahar', 'Tripura', 16),
(1299, 'Khowai', 'Tripura', 16),
(1300, 'Pratapgarh', 'Tripura', 16),
(1301, 'Udaipur', 'Tripura', 16),
(1302, 'Achhnera', 'Uttar Pradesh', 9),
(1303, 'Adari', 'Uttar Pradesh', 9),
(1304, 'Agra', 'Uttar Pradesh', 9),
(1305, 'Aligarh', 'Uttar Pradesh', 9),
(1306, 'Allahabad', 'Uttar Pradesh', 9),
(1307, 'Amroha', 'Uttar Pradesh', 9),
(1308, 'Azamgarh', 'Uttar Pradesh', 9),
(1309, 'Bahraich', 'Uttar Pradesh', 9),
(1310, 'Ballia', 'Uttar Pradesh', 9),
(1311, 'Balrampur', 'Uttar Pradesh', 9),
(1312, 'Banda', 'Uttar Pradesh', 9),
(1313, 'Bareilly', 'Uttar Pradesh', 9),
(1314, 'Chandausi', 'Uttar Pradesh', 9),
(1315, 'Dadri', 'Uttar Pradesh', 9),
(1316, 'Deoria', 'Uttar Pradesh', 9),
(1317, 'Etawah', 'Uttar Pradesh', 9),
(1318, 'Fatehabad', 'Uttar Pradesh', 9),
(1319, 'Fatehpur', 'Uttar Pradesh', 9),
(1320, 'Fatehpur', 'Uttar Pradesh', 9),
(1321, 'Greater Noida', 'Uttar Pradesh', 9),
(1322, 'Hamirpur', 'Uttar Pradesh', 9),
(1323, 'Hardoi', 'Uttar Pradesh', 9),
(1324, 'Jajmau', 'Uttar Pradesh', 9),
(1325, 'Jaunpur', 'Uttar Pradesh', 9),
(1326, 'Jhansi', 'Uttar Pradesh', 9),
(1327, 'Kalpi', 'Uttar Pradesh', 9),
(1328, 'Kanpur', 'Uttar Pradesh', 9),
(1329, 'Kota', 'Uttar Pradesh', 9),
(1330, 'Laharpur', 'Uttar Pradesh', 9),
(1331, 'Lakhimpur', 'Uttar Pradesh', 9),
(1332, 'Lal Gopalganj Nindaura', 'Uttar Pradesh', 9),
(1333, 'Lalganj', 'Uttar Pradesh', 9),
(1334, 'Lalitpur', 'Uttar Pradesh', 9),
(1335, 'Lar', 'Uttar Pradesh', 9),
(1336, 'Loni', 'Uttar Pradesh', 9),
(1337, 'Lucknow', 'Uttar Pradesh', 9),
(1338, 'Mathura', 'Uttar Pradesh', 9),
(1339, 'Meerut', 'Uttar Pradesh', 9),
(1340, 'Modinagar', 'Uttar Pradesh', 9),
(1341, 'Muradnagar', 'Uttar Pradesh', 9),
(1342, 'Nagina', 'Uttar Pradesh', 9),
(1343, 'Najibabad', 'Uttar Pradesh', 9),
(1344, 'Nakur', 'Uttar Pradesh', 9),
(1345, 'Nanpara', 'Uttar Pradesh', 9),
(1346, 'Naraura', 'Uttar Pradesh', 9),
(1347, 'Naugawan Sadat', 'Uttar Pradesh', 9),
(1348, 'Nautanwa', 'Uttar Pradesh', 9),
(1349, 'Nawabganj', 'Uttar Pradesh', 9),
(1350, 'Nehtaur', 'Uttar Pradesh', 9),
(1351, 'NOIDA', 'Uttar Pradesh', 9),
(1352, 'Noorpur', 'Uttar Pradesh', 9),
(1353, 'Obra', 'Uttar Pradesh', 9),
(1354, 'Orai', 'Uttar Pradesh', 9),
(1355, 'Padrauna', 'Uttar Pradesh', 9),
(1356, 'Palia Kalan', 'Uttar Pradesh', 9),
(1357, 'Parasi', 'Uttar Pradesh', 9),
(1358, 'Phulpur', 'Uttar Pradesh', 9),
(1359, 'Pihani', 'Uttar Pradesh', 9),
(1360, 'Pilibhit', 'Uttar Pradesh', 9),
(1361, 'Pilkhuwa', 'Uttar Pradesh', 9),
(1362, 'Powayan', 'Uttar Pradesh', 9),
(1363, 'Pukhrayan', 'Uttar Pradesh', 9),
(1364, 'Puranpur', 'Uttar Pradesh', 9),
(1365, 'Purquazi', 'Uttar Pradesh', 9),
(1366, 'Purwa', 'Uttar Pradesh', 9),
(1367, 'Rae Bareli', 'Uttar Pradesh', 9),
(1368, 'Rampur', 'Uttar Pradesh', 9),
(1369, 'Rampur Maniharan', 'Uttar Pradesh', 9),
(1370, 'Rasra', 'Uttar Pradesh', 9),
(1371, 'Rath', 'Uttar Pradesh', 9),
(1372, 'Renukoot', 'Uttar Pradesh', 9),
(1373, 'Reoti', 'Uttar Pradesh', 9),
(1374, 'Robertsganj', 'Uttar Pradesh', 9),
(1375, 'Rudauli', 'Uttar Pradesh', 9),
(1376, 'Rudrapur', 'Uttar Pradesh', 9),
(1377, 'Sadabad', 'Uttar Pradesh', 9),
(1378, 'Safipur', 'Uttar Pradesh', 9),
(1379, 'Saharanpur', 'Uttar Pradesh', 9),
(1380, 'Sahaspur', 'Uttar Pradesh', 9),
(1381, 'Sahaswan', 'Uttar Pradesh', 9),
(1382, 'Sahawar', 'Uttar Pradesh', 9),
(1383, 'Sahjanwa', 'Uttar Pradesh', 9),
(1384, 'Saidpur', ' Ghazipur', NULL),
(1385, 'Sambhal', 'Uttar Pradesh', 9),
(1386, 'Samdhan', 'Uttar Pradesh', 9),
(1387, 'Samthar', 'Uttar Pradesh', 9),
(1388, 'Sandi', 'Uttar Pradesh', 9),
(1389, 'Sandila', 'Uttar Pradesh', 9),
(1390, 'Sardhana', 'Uttar Pradesh', 9),
(1391, 'Seohara', 'Uttar Pradesh', 9),
(1392, 'Shahabad', ' Hardoi', NULL),
(1393, 'Shahabad', ' Rampur', NULL),
(1394, 'Shahganj', 'Uttar Pradesh', 9),
(1395, 'Shahjahanpur', 'Uttar Pradesh', 9),
(1396, 'Shamli', 'Uttar Pradesh', 9),
(1397, 'Shamsabad', ' Agra', NULL),
(1398, 'Shamsabad', ' Farrukhabad', NULL),
(1399, 'Sherkot', 'Uttar Pradesh', 9),
(1400, 'Shikarpur', ' Bulandshahr', NULL),
(1401, 'Shikohabad', 'Uttar Pradesh', 9),
(1402, 'Shishgarh', 'Uttar Pradesh', 9),
(1403, 'Siana', 'Uttar Pradesh', 9),
(1404, 'Sikanderpur', 'Uttar Pradesh', 9),
(1405, 'Sikandra Rao', 'Uttar Pradesh', 9),
(1406, 'Sikandrabad', 'Uttar Pradesh', 9),
(1407, 'Sirsaganj', 'Uttar Pradesh', 9),
(1408, 'Sirsi', 'Uttar Pradesh', 9),
(1409, 'Sitapur', 'Uttar Pradesh', 9),
(1410, 'Soron', 'Uttar Pradesh', 9),
(1411, 'Suar', 'Uttar Pradesh', 9),
(1412, 'Sultanpur', 'Uttar Pradesh', 9),
(1413, 'Sumerpur', 'Uttar Pradesh', 9),
(1414, 'Tanda', 'Uttar Pradesh', 9),
(1415, 'Tanda', 'Uttar Pradesh', 9),
(1416, 'Tetri Bazar', 'Uttar Pradesh', 9),
(1417, 'Thakurdwara', 'Uttar Pradesh', 9),
(1418, 'Thana Bhawan', 'Uttar Pradesh', 9),
(1419, 'Tilhar', 'Uttar Pradesh', 9),
(1420, 'Tirwaganj', 'Uttar Pradesh', 9),
(1421, 'Tulsipur', 'Uttar Pradesh', 9),
(1422, 'Tundla', 'Uttar Pradesh', 9),
(1423, 'Unnao', 'Uttar Pradesh', 9),
(1424, 'Utraula', 'Uttar Pradesh', 9),
(1425, 'Varanasi', 'Uttar Pradesh', 9),
(1426, 'Vrindavan', 'Uttar Pradesh', 9),
(1427, 'Warhapur', 'Uttar Pradesh', 9),
(1428, 'Zaidpur', 'Uttar Pradesh', 9),
(1429, 'Zamania', 'Uttar Pradesh', 9),
(1430, 'Almora', 'Uttarakhand', 5),
(1431, 'Bazpur', 'Uttarakhand', 5),
(1432, 'Chamba', 'Uttarakhand', 5),
(1433, 'Dehradun', 'Uttarakhand', 5),
(1434, 'Haldwani', 'Uttarakhand', 5),
(1435, 'Haridwar', 'Uttarakhand', 5),
(1436, 'Jaspur', 'Uttarakhand', 5),
(1437, 'Kashipur', 'Uttarakhand', 5),
(1438, 'kichha', 'Uttarakhand', 5),
(1439, 'Kotdwara', 'Uttarakhand', 5),
(1440, 'Manglaur', 'Uttarakhand', 5),
(1441, 'Mussoorie', 'Uttarakhand', 5),
(1442, 'Nagla', 'Uttarakhand', 5),
(1443, 'Nainital', 'Uttarakhand', 5),
(1444, 'Pauri', 'Uttarakhand', 5),
(1445, 'Pithoragarh', 'Uttarakhand', 5),
(1446, 'Ramnagar', 'Uttarakhand', 5),
(1447, 'Rishikesh', 'Uttarakhand', 5),
(1448, 'Roorkee', 'Uttarakhand', 5),
(1449, 'Rudrapur', 'Uttarakhand', 5),
(1450, 'Sitarganj', 'Uttarakhand', 5),
(1451, 'Tehri', 'Uttarakhand', 5),
(1452, 'Muzaffarnagar', 'Uttar Pradesh', 9),
(1453, 'Adra', ' Purulia', NULL),
(1454, 'Alipurduar', 'West Bengal', 19),
(1455, 'Arambagh', 'West Bengal', 19),
(1456, 'Asansol', 'West Bengal', 19),
(1457, 'Baharampur', 'West Bengal', 19),
(1458, 'Bally', 'West Bengal', 19),
(1459, 'Balurghat', 'West Bengal', 19),
(1460, 'Bankura', 'West Bengal', 19),
(1461, 'Barakar', 'West Bengal', 19),
(1462, 'Barasat', 'West Bengal', 19),
(1463, 'Bardhaman', 'West Bengal', 19);
INSERT INTO `cities` (`city_id`, `city_name`, `city_state`, `state_code`) VALUES
(1464, 'Bidhan Nagar', 'West Bengal', 19),
(1465, 'Chinsura', 'West Bengal', 19),
(1466, 'Contai', 'West Bengal', 19),
(1467, 'Cooch Behar', 'West Bengal', 19),
(1468, 'Darjeeling', 'West Bengal', 19),
(1469, 'Durgapur', 'West Bengal', 19),
(1470, 'Haldia', 'West Bengal', 19),
(1471, 'Howrah', 'West Bengal', 19),
(1472, 'Islampur', 'West Bengal', 19),
(1473, 'Jhargram', 'West Bengal', 19),
(1474, 'Kharagpur', 'West Bengal', 19),
(1475, 'Kolkata', 'West Bengal', 19),
(1476, 'Mainaguri', 'West Bengal', 19),
(1477, 'Mal', 'West Bengal', 19),
(1478, 'Mathabhanga', 'West Bengal', 19),
(1479, 'Medinipur', 'West Bengal', 19),
(1480, 'Memari', 'West Bengal', 19),
(1481, 'Monoharpur', 'West Bengal', 19),
(1482, 'Murshidabad', 'West Bengal', 19),
(1483, 'Nabadwip', 'West Bengal', 19),
(1484, 'Naihati', 'West Bengal', 19),
(1485, 'Panchla', 'West Bengal', 19),
(1486, 'Pandua', 'West Bengal', 19),
(1487, 'Paschim Punropara', 'West Bengal', 19),
(1488, 'Purulia', 'West Bengal', 19),
(1489, 'Raghunathpur', 'West Bengal', 19),
(1490, 'Raiganj', 'West Bengal', 19),
(1491, 'Rampurhat', 'West Bengal', 19),
(1492, 'Ranaghat', 'West Bengal', 19),
(1493, 'Sainthia', 'West Bengal', 19),
(1494, 'Santipur', 'West Bengal', 19),
(1495, 'Siliguri', 'West Bengal', 19),
(1496, 'Sonamukhi', 'West Bengal', 19),
(1497, 'Srirampore', 'West Bengal', 19),
(1498, 'Suri', 'West Bengal', 19),
(1499, 'Taki', 'West Bengal', 19),
(1500, 'Tamluk', 'West Bengal', 19),
(1501, 'Tarakeswar', 'West Bengal', 19),
(1502, 'Chikmagalur', 'Karnataka', 29),
(1503, 'Davanagere', 'Karnataka', 29),
(1504, 'Dharwad', 'Karnataka', 29),
(1505, 'Gadag', 'Karnataka', 29),
(1506, 'Chennai', 'Tamil Nadu', 33),
(1507, 'Coimbatore', 'Tamil Nadu', 33);

-- --------------------------------------------------------

--
-- Table structure for table `communication_tbl`
--

CREATE TABLE `communication_tbl` (
  `com_id` int(50) NOT NULL,
  `com_name` varchar(100) NOT NULL,
  `status` tinyint(1) NOT NULL DEFAULT 1,
  `added_date` datetime NOT NULL DEFAULT current_timestamp()
) ENGINE=InnoDB DEFAULT CHARSET=utf8mb4 COLLATE=utf8mb4_general_ci;

--
-- Dumping data for table `communication_tbl`
--

INSERT INTO `communication_tbl` (`com_id`, `com_name`, `status`, `added_date`) VALUES
(1, 'Phone', 1, '2025-01-27 23:11:01'),
(2, 'Email', 1, '2025-01-27 23:11:13'),
(3, 'SMS', 1, '2025-01-27 23:11:19'),
(4, 'WhatsApp', 1, '2025-01-27 23:11:28'),
(5, 'Twitter', 1, '2025-04-29 15:35:12');

-- --------------------------------------------------------

--
-- Table structure for table `company_setting`
--

CREATE TABLE `company_setting` (
  `comp_sett_id` bigint(20) NOT NULL,
  `company_name` varchar(35) DEFAULT NULL,
  `company_logo` text DEFAULT NULL,
  `bill_logo` varchar(255) DEFAULT NULL,
  `billing_address` text DEFAULT NULL,
  `gst_no` varchar(30) DEFAULT NULL,
  `state_code` varchar(30) DEFAULT NULL,
  `pan_no` varchar(30) DEFAULT NULL,
  `contact` varchar(30) DEFAULT NULL,
  `email` varchar(30) DEFAULT NULL,
  `bank_ac_name` varchar(30) DEFAULT NULL,
  `bank_ac_no` varchar(30) DEFAULT NULL,
  `bank_name` varchar(30) DEFAULT NULL,
  `ifsc_no` varchar(30) DEFAULT NULL,
  `branch` varchar(30) DEFAULT NULL,
  `is_gst` enum('0','1') NOT NULL DEFAULT '0' COMMENT '1=>enable;0=>disable;',
  `watermark` varchar(255) NOT NULL,
  `profile_info_file` varchar(255) NOT NULL
) ENGINE=InnoDB DEFAULT CHARSET=latin1 COLLATE=latin1_swedish_ci;

--
-- Dumping data for table `company_setting`
--

INSERT INTO `company_setting` (`comp_sett_id`, `company_name`, `company_logo`, `bill_logo`, `billing_address`, `gst_no`, `state_code`, `pan_no`, `contact`, `email`, `bank_ac_name`, `bank_ac_no`, `bank_name`, `ifsc_no`, `branch`, `is_gst`, `watermark`, `profile_info_file`) VALUES
(1, 'MICROLAN IT SERVICES PVT. LTD.', '839149512colorful-fruits-tasty-fresh-ripe-juicy-white-desk.jpg', '1727258509logo (1).png', 'PUNJANI INDUSTRIAL ESTATE, UNIT NO.113, 2ND FLOOR,Pokhran Road NO.01, Khopat, Thane West, 400601', '27AAHCM8083D2Z9', '27', 'AAHCM8083D', '2323232323', 'sachin.godage@microlan.in', 'gauri1', '102105500093', 'dumy', 'ICIC0001021', 'Koparkhairane', '1', 'MICROLAN', '1582907035Microcrm.pdf');

-- --------------------------------------------------------

--
-- Table structure for table `customer`
--

CREATE TABLE `customer` (
  `cust_id` int(11) NOT NULL,
  `company` varchar(255) NOT NULL,
  `contact_person` varchar(255) NOT NULL,
  `email` varchar(255) NOT NULL,
  `password` varchar(100) NOT NULL,
  `phone` varchar(50) NOT NULL,
  `country` varchar(50) DEFAULT NULL,
  `state` int(11) NOT NULL,
  `state_code` int(11) NOT NULL,
  `city` int(11) NOT NULL,
  `pincode` varchar(50) NOT NULL,
  `zip_code` varchar(50) NOT NULL,
  `address` text NOT NULL,
  `leandmark` varchar(255) NOT NULL,
  `area` text NOT NULL,
  `vat_number` varchar(100) NOT NULL,
  `website` varchar(255) NOT NULL,
  `groups` int(11) NOT NULL,
  `currency` varchar(50) NOT NULL,
  `bill_same_as_address` varchar(50) NOT NULL,
  `bill_street` text NOT NULL,
  `bill_city` int(11) NOT NULL,
  `bill_state` int(11) NOT NULL,
  `bill_zip_code` varchar(50) NOT NULL,
  `bill_country` varchar(50) NOT NULL,
  `shipping_same_as_address` varchar(50) NOT NULL,
  `shipping_street` text NOT NULL,
  `shipping_city` int(11) NOT NULL,
  `shipping_state` int(11) NOT NULL,
  `shipping_zip_code` varchar(50) NOT NULL,
  `shipping_country` varchar(50) NOT NULL,
  `audit_reports` text NOT NULL,
  `agreement` text NOT NULL,
  `others_doc` text NOT NULL,
  `pan_cart` varchar(255) NOT NULL,
  `cin_no` varchar(255) NOT NULL,
  `created_date` datetime NOT NULL DEFAULT current_timestamp(),
  `status` enum('1','0') NOT NULL DEFAULT '1'
) ENGINE=InnoDB DEFAULT CHARSET=latin1 COLLATE=latin1_swedish_ci;

--
-- Dumping data for table `customer`
--

INSERT INTO `customer` (`cust_id`, `company`, `contact_person`, `email`, `password`, `phone`, `country`, `state`, `state_code`, `city`, `pincode`, `zip_code`, `address`, `leandmark`, `area`, `vat_number`, `website`, `groups`, `currency`, `bill_same_as_address`, `bill_street`, `bill_city`, `bill_state`, `bill_zip_code`, `bill_country`, `shipping_same_as_address`, `shipping_street`, `shipping_city`, `shipping_state`, `shipping_zip_code`, `shipping_country`, `audit_reports`, `agreement`, `others_doc`, `pan_cart`, `cin_no`, `created_date`, `status`) VALUES
(1, 'Oxstern Wearble Technologies', '', 'tushar.patil@actofit.com', '', '9819401006', '', 0, 27, 798, '', '', 'Office No 501/502, Ideal Trade Center , Plot No - 64, Sect -11,CBD Belapur, Navi Mumbai, Maharashtra 400614', '', '', '27AACCO1516C1ZZ', '', 0, '', '', 'dvsdvsdvs', 2, 35, 'vsdv', 'India', 'on', 'Near uran main road, Dronagiri, Bokadvira, Raigad,', 795, 27, '400702', 'India', '', '', '', 'AACCO1516C', '', '2017-09-12 22:44:51', '0'),
(2, 'NETSOFT CONSULTING SERVICES PVT. LTD.', '', 'dheeraj.maheshwari@netsoftit.com', '', '9878787878', '0', 7, 7, 324, '', '778778777778', '24, 2ND Floor, Community Center East of Kailash, New Delhi-110065', '', '', '07AACCN0443R1Z7', '', 0, '', '', '', 0, 0, '', '0', '', '0', 0, 0, '', '0', '', '', '', 'AACCN0443R', '0', '2017-09-05 17:15:30', '1'),
(3, 'Soujanya Color Pvt Ltd', '', 'account@soujanya.com', '', '0', '0', 0, 27, 0, '', '', 'C-35/36, Opp. Pawaneshwar Mandir, T.T.C. Industrial Area, Pawne, Navi Mumbai, Maharashtra 400705', '', '', '27AAMCS0859G1Z1', '', 0, '', '', '', 0, 0, '', '0', '', '0', 0, 0, '', '0', '', '', '', 'AAMCS0859G', '0', '2017-09-05 17:11:31', '1'),
(4, 'AOC, Indian Air Force', '', 'sanchar_hills@nic.in ', '', '9869776489', '0', 0, 27, 0, '', '', 'Air Force Station Kanheri Hills    Yeour, Thane(W)-400606', '', '', '27AAAGA0656H1ZQ', '', 0, '', '', '', 0, 0, '', '0', '', '0', 0, 0, '', '0', '', '', '', 'AAAGA0656H', '', '2018-11-15 14:31:48', '1'),
(5, 'S.K. Somaiya ', '', 'marieliaa@yahoo.co.in', '', '9892952340', '0', 0, 0, 0, '', '', 'Sarvoday Buddh Vihar Marg, Vidyanagar, Vidyavihar, Mumbai, Maharashtra 400077', '', '', '', '', 0, '', '', '', 0, 0, '', '0', '', '0', 0, 0, '', '0', '', '', '', '', '', '2017-10-07 15:06:10', '1'),
(6, 'CredenTek Software & Consultancy Pvt. Ltd.', '', 'finance@credentek.com', '', '9987446660', '0', 0, 27, 0, '', '', '303-304, 3rd Floor, Pride Purple Accord, Baner, Pune - 411045. INDIA', '', '', '27AADCC5337L1ZG', '', 0, '', '', '', 0, 0, '', '0', '', '0', 0, 0, '', '0', '', '', '', 'AADCC5337L', 'U72400PN2008PTC133085', '2017-09-19 12:59:30', '1'),
(7, 'kalpitas Ayurvade Pvt ltd', '', 'kalpitasayurved@gmail.com ', '', '8169039684', '0', 0, 27, 0, '', '', 'Borivali', '', '', '27AAGCK4801N1ZA', '', 0, '', '', '', 0, 0, '', '0', '', '0', 0, 0, '', '0', '', '', '', '', '', '2017-10-07 15:14:20', '1'),
(8, 'Morpheus TechSol LLP', '', 'krishna@morpheus.net.in', '', '0', '0', 0, 27, 0, '', '', '002, B-14, Moxa Shanti Nagar  Sector 11, Miraroad (East)  Thane - 401107', '', '', '27ABAFM0445L1ZA', '', 0, '', '', '', 0, 0, '', '0', '', '0', 0, 0, '', '0', '', '', '', 'ABAFM0445L', '', '2017-10-07 13:54:31', '1'),
(9, 'ISHA AGRO DEVELOPERS PVT. LTD.', '', 'networking@herbalhills.in', '', '2228686868', '0', 0, 27, 0, '', '', 'Plot No.33, ABCD Govt. Industrial Estate, Charhop, Kandivali (W), Mumbai - 400067', '', '', '27AABCI7114H1ZQ', '', 0, '', '', '', 0, 0, '', '0', '', '0', 0, 0, '', '0', '', '', '', '', '', '2017-10-24 17:04:46', '1'),
(10, 'SHRADDHA SAUMIL KADAKIA', '', 'shraddha.kadakia@justclicksolutions.com', '', '9892265363', '0', 0, 27, 0, '', '', '14, Municipal Industrial Estate, V.P. Road, Vile parle(W), Mumbai - 400056 India.', '', '', '27AMPPK2130C1ZE', '', 0, '', '', '', 0, 0, '', '0', '', '0', 0, 0, '', '0', '', '', '', 'AMPPK2130C1', '', '2017-11-01 13:50:49', '1'),
(11, 'MR SACHIN LAXMAN PAWAR', '', 'sachinlpawar24@gmail.com', '', '9158573111', '0', 0, 27, 0, '', '', 'At Post: Khadpoli Bhramanwadi, Taluka: Chiplun District: Ratnagiri', '', '', '27AOSPP3865Q1ZP', '', 0, '', '', '', 0, 0, '', '0', '', '0', 0, 0, '', '0', '', '', '', 'AOSPP3865Q', '', '2017-12-22 17:06:50', '1'),
(12, 'RAJESHRI C SHAH', '', 'conceptelect@yahoo.co.in', '', '9223903999', '0', 0, 27, 0, '', '', '204 DEV MILAN L B S MARG NEXT TO TIP TOP PLAZA THANE (W) 400604', '', '', '27AOQPS9451P1ZO', '', 0, '', '', '', 0, 0, '', '0', '', '0', 0, 0, '', '0', '', '', '', 'AOQPS9451P', '', '2018-01-16 22:52:47', '1'),
(13, 'Anand Sawant', '', 'anand.sawant7790@gmail.com', '', '9820182552', '0', 0, 27, 0, '', '', 'Mumbai, Maharashtra, India', '', '', '', '', 0, '', '', '', 0, 0, '', '0', '', '0', 0, 0, '', '0', '', '', '', '', '', '2018-01-19 17:14:59', '1'),
(14, 'Manish M. Bhagnari', '', 'mail@mblaw.co.in', '', '9226745922', '0', 0, 27, 0, '', '', '6, Kermani Bldg, 4th Floor, 27, Sir PM Road, Fort, Mumbai- 400001, Maharashtra, INDIA', '', '', '', '', 0, '', '', '', 0, 0, '', '0', '', '0', 0, 0, '', '0', '', '', '', '', '', '2018-02-07 20:40:07', '1'),
(15, 'Dr. Suneet Shende', '', 'drsuneetshende@gmail.com', '', '9664386346', '0', 0, 27, 0, '', '', 'Kshitij Bungalow , D 42 , Sector 12, Near Gokhale School , Kharghar, Opposite to Swastik Caterers, Navi Mumbai, Maharashtra 410210', '', '', '', '', 0, '', '', '', 0, 0, '', '0', '', '0', 0, 0, '', '0', '', '', '', '', '', '2018-02-07 21:08:53', '1'),
(16, 'S M CONTAINER LINES PRIVATE LIMITED', '', 'mohan@smcontainerlines.com', '', '8879650244', '0', 0, 27, 0, '', '', '5TH FLOOR, B/501, BUILDING NO. 12, OLIVE, KAUL HERITAGE CITY, BASSEIN ROAD, BARAMPUR, VASAI', '', '', '27AAQCS2565P1ZF', '', 0, '', '', '', 0, 0, '', '0', '', '0', 0, 0, '', '0', '', '', '', 'AAQCS2565P', '', '2018-02-09 14:00:30', '1'),
(17, 'OMNITRIX BUSINESS SERVICES PRIVATE LIMITED', '', 'om@omnitrix.in', '', '9560010759', '0', 0, 7, 0, '', '', 'S-490 , School Block Shakarpur , Delhi - 110092 ', '', '', '07AACCO3181B1ZU', '', 0, '', '', '', 0, 0, '', '0', '', '0', 0, 0, '', '0', '', '', '', 'AACCO3181B', 'U74999DL2016PTC299759', '2018-02-22 12:23:17', '1'),
(18, 'LAXMI PRINT-O-PACK', '', 'rajesh@lpp.co.in', '', '9619920921', '0', 0, 27, 0, '', '', 'Unit No. 112, Bldg. No. A-2, Kripa Industrial Park, Sonale Village, Kalyan, Bhivandi - 421302 ', '', '', '27AAFFL1302B1Z3', '', 0, '', '', '', 0, 0, '', '0', '', '0', 0, 0, '', '0', '', '', '', 'AAFFL1302B', '', '2018-03-01 11:44:07', '1'),
(19, 'Santosh Dange', '', 'sdange1981@gmail.com', '', '7738272136', '0', 0, 27, 0, '', '', 'Flat No. 202, Bldg no. A2, Krishna Vihar Complex, Behind Pentacoastal Mission Church, Adarsh Nagar, Palaspa, Panvel, 410206, Dist: Raigad', '', '', '', '', 0, '', '', '', 0, 0, '', '0', '', '0', 0, 0, '', '0', '', '', '', 'AHUPD3175G', '', '2018-03-02 14:16:43', '1'),
(20, 'DAS LOGISTIC SOLUTIONS', '', 'accounts.dls@yahoo.com', '', '22', '0', 0, 27, 0, '', '', 'Off. No. 4, Mastan Cottage, Near Sahar Pipe Line,  International Airport Road, Sahar Village,  Andheri (E),  Mumbai - 400099.', '', '', '27AAIFD9355M1ZS', '', 0, '', '', '', 0, 0, '', '0', '', '0', 0, 0, '', '0', '', '', '', 'AAIFD9355M', '', '2018-03-22 12:22:13', '1'),
(21, 'KAUFLAND WARENHANDEL GMBH & CO. KG', '', 'nagarajan.baskar@kaufland.com', '', '9833875237', '0', 0, 0, 0, '', '', 'POSTFACH 12 53  74149 NECKARSULM KOMMANDITGESELLSCHAFT, GERMANY', '', '', '', '', 0, '', '', '', 0, 0, '', '0', '', '0', 0, 0, '', '0', '', '', '', '', '', '2018-04-06 11:08:14', '1'),
(22, 'OZONETEL COMMUNICATIONS PRIVATE LIMITED', '', 'amar.pandhare@ozonetel.com', '', '9820227080', '0', 0, 36, 0, '', '', '1 st floor, 6-3- 1090/b/2, Above Yes Bank,  Raj Bhavan Road, Somajiguda, Hyderabad- 500082', '', '', '36AACCO2603E2ZX', '', 0, '', '', '', 0, 0, '', '0', '', '0', 0, 0, '', '0', '', '', '', 'AACCO2603E', '', '2018-05-05 11:47:25', '1'),
(23, 'TRUPTI D BHANUSHALI', '', 'deven@jayshreeshipping.in', '', '9619066033', '0', 0, 27, 0, '', '', 'Room No.1 Oswal Nivas, S.N Road, Mulund West  - 400080 Mumbai (India)', '', '', '', '', 0, '', '', '', 0, 0, '', '0', '', '0', 0, 0, '', '0', '', '', '', '', '', '2018-05-22 21:40:22', '1'),
(24, 'Pioneer Research Bureau', '', 'shivam.yadav@pioneerresearch.in', '', '9320299336', '0', 0, 27, 0, '', '', 'B-720, 7th floor, Laxmi Niwas Bldg,  Opp Vishnu Park, Rawalpada,  Dahisar (East) Mumbai  400068', '', '', '27AAPFP9161N1ZB', '', 0, '', '', '', 0, 0, '', '0', '', '0', 0, 0, '', '0', '', '', '', 'AAPFP9161N', '', '2019-05-23 14:02:12', '1'),
(25, 'CHANAKYA EDUTECH', '', 'dheeraj.gupta13@yahoo.com', '', '7276329399', '0', 0, 27, 0, '', '', 'GANESH APT; SHOP NO. 1, NEAR NAGRANI MANDIR, ULHASNAGAR NO. 4 ', '', '', '', '', 0, '', '', '', 0, 0, '', '0', '', '0', 0, 0, '', '0', '', '', '', '', '', '2018-05-23 11:52:40', '1'),
(26, 'ZESTY PARMA PIZZA AND PASTA (ASHISH DANG) ', '', 'ashish.dang91@gmail.com', '', '359968787', '0', 0, 0, 0, '', '', '19 CAMMS ROAD, CRANBOURNE, VIC 3977, Australia', '', '', '', '', 0, '', '', '', 0, 0, '', '0', '', '0', 0, 0, '', '0', '', '', '', '', '', '2018-06-08 09:53:23', '1'),
(27, 'Ucare herbal', '', 'santoshkadam2103@gmail.com', '', '0', '0', 0, 27, 0, '', '', 'Bhandup, Mumbai', '', '', '', '', 0, '', '', '', 0, 0, '', '0', '', '0', 0, 0, '', '0', '', '', '', '', '', '2018-05-31 17:29:32', '1'),
(28, 'Vara United Private Limited', '', 'balasubramanian.yadavar@varaunited.com', '', '2245420041', '0', 0, 27, 0, '', '', 'B-407 BSEL Techpark, Sector 30A, Vashi, Navi Mumbai - 400703', '', '', '27AAMCA3707H1ZO', '', 0, '', '', '', 0, 0, '', '0', '', '0', 0, 0, '', '0', '', '', '', 'AAMCA3707H', '', '2018-06-14 15:53:01', '1'),
(29, 'PRIYA DHIRESH PATIL ', '', '', '', '0', '0', 0, 27, 0, '', '', 'AYODHYA NAGAR, C/002, AMBIKA TOWER CHS; MANPADA ROAD, DOMBIWALI EAST, THANE MAHARASHTRA - 421201', '', '', '27AUUPK3477F1Z3', '', 0, '', '', '', 0, 0, '', '0', '', '0', 0, 0, '', '0', '', '', '', 'AUUPK3477F', '', '2018-07-06 20:59:17', '1'),
(30, 'SHREEYOG ENTERPRISES', '', '', '', '0', '0', 0, 27, 0, '', '', 'Sr no 01, Katraj bypass road, Ambegao bk, PUNE 411046', '', '', '', '', 0, '', '', '', 0, 0, '', '0', '', '0', 0, 0, '', '0', '', '', '', '', '', '2018-07-06 21:01:36', '1'),
(31, 'Vertical Technology Services Ltd.', '', 'sales@verticaltechservices.com', '', '230', '0', 0, 0, 0, '', '', '2nd floor, MTML Building,  2 Osman Avenue Quatre-Bornes, Mauritius', '', '', '', '', 0, '', '', '', 0, 0, '', '0', '', '0', 0, 0, '', '0', '', '', '', '', '', '2018-07-06 21:08:43', '1'),
(32, 'DIVYAM PRADIP LOHIA', '', 'marketing@divslabs.com', '', '9930983882', '0', 0, 27, 0, '', '', '142, DHAVALGIRI CHS; GEN. A. K. VIDYA MARG, MEGHMLHAR COMPLEX, GOREGAON EAST, MUMBAI, MAHARASHTRA - 400063', '', '', '27AJQPL1237M1ZR', '', 0, '', '', '', 0, 0, '', '0', '', '0', 0, 0, '', '0', '', '', '', 'AJQPL1237M', '', '2018-07-10 14:03:34', '1'),
(33, 'ASHRAF ALI JAUHAR ALI KHAN', '', 'reloadednuritionshop@gmail.com', '', '9833903421', '0', 0, 27, 0, '', '', 'OPP AISHWARYA BLDG; NEXT TO SARASWATI DAIRY, ROAD NO.04, CHEMBUR WEST, MUMBAI,  MAHARASHTRA - 400089', '', '', '27BULPK6769A1ZC', '', 0, '', '', '', 0, 0, '', '0', '', '0', 0, 0, '', '0', '', '', '', 'BULPK6769A', '', '2018-07-12 18:38:17', '1'),
(34, 'ADVISIT CONSULTANTS', '', 'anjali@advisitconsultants.com', '', '7738903181', '0', 0, 9, 0, '', '', 'T-501, PLUMERIA GARDEN ESTATE,  GH-01,SECTOR OMICRON III,  GREATER NOIDA  201310', '', '', '09AAFPD6736P1Z7', '', 0, '', '', '', 0, 0, '', '0', '', '0', 0, 0, '', '0', '', '', '', 'AAFPD6736P', '', '2018-07-14 16:39:40', '1'),
(35, 'URJA AGRO FOOD AND DAIRY LLP', '', 'urjanaturals11@gmail.com ', '', '0', '0', 0, 27, 0, '', '', '11, TIARRA MALL G A ROAD,, POKHARAN ROAD NO2, VASANT VIHAR, Thane, Maharashtra, 400601', '', '', '27AAEFU5680N1ZH', '', 0, '', '', '', 0, 0, '', '0', '', '0', 0, 0, '', '0', '', '', '', 'AAEFU5680N', '', '2018-08-02 15:36:55', '1'),
(36, 'Tac Enterprises Pvt Ltd.', '', '', '', '0', '0', 0, 27, 0, '', '', '101-B, Swati Sagar Industrial Estate,  Pokharan Road No.2,  Majiwada Naka,  Thane (W) -400 601.', '', '', '', '', 0, '', '', '', 0, 0, '', '0', '', '0', 0, 0, '', '0', '', '', '', '', '', '2018-08-25 22:24:17', '1'),
(37, 'Sahyog College Of Management Studies', '', 'vpmgt@sahyogcollege.com', '', '0', '0', 0, 27, 0, '', '', 'Sahyog College Indraratna Palace, \"B\" Wing, 2nd Floor, Jambhali Naka, Near Sidhhivinayak Temple,Thane (West)', '', '', '', '', 0, '', '', '', 0, 0, '', '0', '', '0', 0, 0, '', '0', '', '', '', '', '', '2018-08-27 12:16:38', '1'),
(38, 'S S Facility Services', '', 'sandeep_sanas@yahoo.com', '', '0', '0', 0, 27, 0, '', '', 'Sr. No. 10/B, Plot no. 47/48, Golf club road, pune 411006', '', '', '27HMWPS1455L1ZZ', '', 0, '', '', '', 0, 0, '', '0', '', '0', 0, 0, '', '0', '', '', '', '', '', '2018-08-27 12:56:03', '1'),
(39, 'Institute for Technology & Management Trust', '', 'deepan@itm.edu', '', '0', '0', 0, 27, 0, '', '', 'Plot 25 & 26, Institutional Area, Sector 4, Kharghar, Mumbai, Maharashtra 410210', '', '', '', '', 0, '', '', '', 0, 0, '', '0', '', '0', 0, 0, '', '0', '', '', '', '', '', '2018-08-30 23:15:48', '1'),
(40, 'Marcos', '', 'dphulwar@yahoo.com', '', '9820089127', '0', 0, 27, 0, '', '', 'Unit 11A, Sita Estate, 1st Floor, A-Wing, Azizbaug, Chembur,Mumbai 400071', '', '', '', '', 0, '', '', '', 0, 0, '', '0', '', '0', 0, 0, '', '0', '', '', '', '', '', '2018-09-26 18:22:31', '1'),
(41, 'HERSH CONSTRUCTION', '', 'manish_more@ajmera.co.in', '', '91', '0', 0, 27, 0, '', '', 'Ajmera House, Pathakwadi Road, Opp. G. T. Hospital, Mumbai  400 002.', '', '', '27AADFH2631P1Z6', '', 0, '', '', '', 0, 0, '', '0', '', '0', 0, 0, '', '0', '', '', '', 'AADFH2631P1', '', '2018-10-10 16:13:57', '1'),
(42, 'INFORMATICS E-TECH (INDIA) LTD', '', '', '', '0', '0', 0, 27, 0, '', '', 'Address: 501, Kasam Commercial Bldg., Jambhali naka,Thane (west) 400601', '', '', '27AABCI3289B1ZQ', '', 0, '', '', '', 0, 0, '', '0', '', '0', 0, 0, '', '0', '', '', '', '', '', '2018-10-20 21:42:03', '1'),
(43, 'CONNECT AND HEAL PRIMARY CARE PRIVATE LIMITED', '', 'gautam@connectandheal.com', '', '0', '0', 0, 27, 0, '', '', 'Plot No C 66 G Block, One BKC, Unit No 406, 4th floor C Wing, Bandra West Mumbai, Bandra Kurla Complex, Mumbai City,', '', '', '27AAGCC3152Q1ZA', '', 0, '', '', '', 0, 0, '', '0', '', '0', 0, 0, '', '0', '', '', '', '', '', '2018-11-01 08:32:24', '1'),
(44, 'FOURYOU E-SOLUTIONS', '', 'kuldeep@4ues.com', '', '9833088689', '0', 0, 27, 0, '', '', 'B07 - Swami Samarth CHS Ltd,  Plot No. 99-100, Sector 1,  Sanpada, New Mumbai 400 705', '', '', '27AAEFF6098B1ZF', '', 0, '', '', '', 0, 0, '', '0', '', '0', 0, 0, '', '0', '', '', '', 'AAEFF6098B', '', '2018-11-01 15:48:00', '1'),
(45, 'MARIYAM HAMID SHAIKH', '', 'abbysperfumes@gmail.com', '', '0', '0', 0, 27, 0, '', '', '1ST FLOOR, 6, ADAM HOUSE, MAROL VILLAGE, BHANDARWADA, OPP BORI COLONY, ANDHERI EAST, Mumbai Suburban, Maharashtra, 400059', '', '', '27ENKPS2932A1ZZ', '', 0, '', '', '', 0, 0, '', '0', '', '0', 0, 0, '', '0', '', '', '', 'ENKPS2932A', '', '2018-11-03 20:34:51', '1'),
(46, 'JET CLEAN CLEANING PRODUCTS', '', 'jetcleanproducts@gmail.com', '', '9820435981', '0', 0, 27, 0, '', '', 'Gala No.8, Building No.A-4,  Prithvi Complex, Reti-Bunder Road,  Kalher Village, Bhiwandi - 421302 ', '', '', '27AAYHS2260Q1Z3', '', 0, '', '', '', 0, 0, '', '0', '', '0', 0, 0, '', '0', '', '', '', 'AAYHS2260Q', '', '2018-11-21 19:34:30', '1'),
(47, 'TEAMEDGE SERVICES PRIVATE LIMITED', '', 'ravi.nair@teamedge.in', '', '9137281127', '0', 29, 0, 549, '', '560079', 'No 326, Veerabhadra, 4th Block 3rd Stage, Basaveshwaranagar, Bengaluru (Bangalore) Urban, Karnataka, 560079', '', '', '29AAGCT9350B1Z8', 'www.teamedge.in', 0, '', '', 'No 326, Veerabhadra, 4th Block 3rd Stage, Basaveshwaranagar, Bengaluru (Bangalore) Urban, Karnataka,', 549, 29, '560079', '0', '', '0', 0, 0, '', '0', '', '', '', '29', '', '2018-12-22 13:39:08', '1'),
(48, 'Jade Housing Management Services', '', 'jadesocieties@gmail.com', '', '7453015555', '0', 0, 27, 0, '', '', 'Panvel, Navi-Mumbai', '', '', '', '', 0, '', '', '', 0, 0, '', '0', '', '0', 0, 0, '', '0', '', '', '', '', '', '2019-01-08 21:09:04', '1'),
(49, 'The Commanding Officer, INS HAMLA', '', '', '', '0', '0', 0, 27, 0, '', '', 'MARVE MALAD WEST MUMBAI 400095', '', '', '27', '', 0, '', '', '', 0, 0, '', '0', '', '0', 0, 0, '', '0', '', '', '', '', '', '2019-01-08 21:51:25', '1'),
(50, 'TRIKAY CREATION', '', '', '', '0', '0', 0, 27, 0, '', '', 'OFFICE-2, NATIONAL GALAXY, PL NO.443, TAKKA, PANVEL, Raigad, Maharashtra, 410206', '', '', '27AKIPB8462H1Z1', '', 0, '', '', '', 0, 0, '', '0', '', '0', 0, 0, '', '0', '', '', '', 'AKIPB8462H1', '', '2019-01-15 16:12:49', '1'),
(51, 'PRATIK MUKESH SHETH', '', 'kreativenest.ps@gmail.com', '', '0', '0', 0, 27, 0, '', '', '1ST FLOOR, PLOT NO. 167, FLAT NO.1, JITIN VILLA CHSL, NAMDEO KOLI ROAD, NEAR MANIBA HALL, SION MUMBAI EAST, MUMBAI- 400022', '', '', '27BHAPS0005B1Z3', '', 0, '', '', '', 0, 0, '', '0', '', '0', 0, 0, '', '0', '', '', '', 'BHAPS0005B', '', '2019-01-19 12:56:19', '1'),
(52, 'Alpha National Fire Safety Services Pvt.Ltd.', '', 'project.nfstservices@gmail.com', '', '0', '0', 0, 27, 0, '', '', 'A-214, Amargian Industrial Premises,LBS Road, Khopat, Thane West - 400 601.', '', '', '27AAJCA0411F1Z8', '', 0, '', '', '', 0, 0, '', '0', '', '0', 0, 0, '', '0', '', '', '', 'AAJCA0411F', '', '2019-02-16 20:16:52', '1'),
(53, 'PARVEEN INDUSTRIES PVT.LTD.', '', 'ankur@parveen.in', '', '9870999688', '0', 0, 27, 0, '', '', 'ADD:R-55 , TTC-MIDC, THANE BELAPUR ROAD, RABALE NAVI MUMBAI ( INDIA )- 400 701', '', '', '27AAACP4029K1ZD', '', 0, '', '', '', 0, 0, '', '0', '', '0', 0, 0, '', '0', '', '', '', 'AAACP4029K', '', '2019-03-05 17:02:20', '1'),
(54, 'Rainshed Poly Tarpaulins LLP', '', 'nisar.karan1@gmail.com', '', '7666660555', '0', 0, 27, 0, '', '', 'C-6 Oswal Industrial Complex, Sonale, Bhiwandi, Thane 421302', '', '', '27AATFR8838G1ZE', '', 0, '', '', '', 0, 0, '', '0', '', '0', 0, 0, '', '0', '', '', '', 'AATFR8838G', '', '2019-03-07 18:45:05', '1'),
(55, 'Ahmed Shafiparveez', '', 'sha4149@gmail.com ', '', '968', '0', 0, 29, 0, '', '', '80, HUBBALPUR ANNUGONDANAHALLI, HONLI, CHITIRUPATHI MAIN ROAD, HOSKOTE, TALUK - BENGALORE - 560 067', '', '', '29AONPS5043N2Z2', '', 0, '', '', '', 0, 0, '', '0', '', '0', 0, 0, '', '0', '', '', '', 'AONPS5043N', '', '2019-03-26 12:01:31', '1'),
(56, 'MANOJ RAVINDRA MODI', '', 'appliedsystem@gmail.com', '', '0', '0', 0, 27, 0, '', '', 'Gala No. 128 Shanti Industrial Estate, Sarojini Naidu Road, Mulund (W), Mumbai 400080. INDIA', '', '', '27AADPM9602P1Z7', '', 0, '', '', '', 0, 0, '', '0', '', '0', 0, 0, '', '0', '', '', '', 'AADPM9602P', '', '2019-04-01 14:42:39', '1'),
(57, 'Society for professional education industry and research', '', '', '', '99550', '0', 0, 27, 0, '', '', 'Borhadewadi Moshi, Pune Pin- 412105.', '', '', '', '', 0, '', '', '', 0, 0, '', '0', '', '0', 0, 0, '', '0', '', '', '', '', '', '2019-04-16 12:48:02', '1'),
(58, 'Payal Mehandi Centre', '', '', '', '0', '0', 0, 27, 0, '', '', 'Shop No 13 Gulab park sharifa Road  Mumbra thane 400612', '', '', '27AIRPC6856H1ZT', '', 0, '', '', '', 0, 0, '', '0', '', '0', 0, 0, '', '0', '', '', '', 'AIRPC6856H', '', '2019-05-23 13:15:16', '1'),
(59, 'BLUTEC INDUSTRIES PRIVATE LIMITED', '', 'admin.madhuri@blutec.asia', '', '0', '0', 0, 27, 0, '', '', 'B wing Unit no 406,4tn Floor, Cello Truimph, I B Patel Road, Opp Laghu Udyog, off western express Highway, Goregaon (E) Mumbai400063', '', '', '27AAECT2926P1ZT', '', 0, '', '', '', 0, 0, '', '0', '', '0', 0, 0, '', '0', '', '', '', 'AAECT2926P', '', '2019-07-05 18:45:06', '1'),
(60, 'PURETRONICS', '', '', '', '0', '0', 0, 27, 0, '', '', 'A-37,VIRWANI INDL.ESTATE W.EXP.HIGHWAY, GOREGAON(EAST) MUMBAI MAHARASHTRA', '', '', '27ADRPG9912B1ZH', '', 0, '', '', '', 0, 0, '', '0', '', '0', 0, 0, '', '0', '', '', '', 'ADRPG9912B', '', '2019-07-18 15:31:58', '1'),
(61, 'Real Security Services (I) Pvt Ltd', '', 'realsecurityservices@gmail.com', '', '9987549223', '0', 0, 27, 0, '', '', 'Vandana Cottage, Carvalloh Nagar, Nr Maszid, Rd No- 22 Behind Vishwkarma Bhawan JK Gram Thane (W) ( MH) Thane, Maharashtra - 400606', '', '', '27AAECR9416J1Z0', '', 0, '', '', '', 0, 0, '', '0', '', '0', 0, 0, '', '0', '', '', '', 'AAECR9416J', '', '2019-08-12 19:59:14', '1'),
(62, 'Jay Laxmi Enterprises', '', 'fmvishal22@gmail.com', '', '9833307357', '0', 0, 27, 0, '', '', 'Room No-61 6/6, Adarsha Nagar, Shell Colony Road, Chembur, Mumbai-400071', '', '', '27ACBPF9302K1ZP', '', 0, '', '', '', 0, 0, '', '0', '', '0', 0, 0, '', '0', '', '', '', 'ACBPF9302K', '', '2019-08-21 19:40:08', '1'),
(63, 'AATMIYA FOODS', '', 'ajay@ajays.co.in', '', '9923', '0', 0, 24, 0, '', '', 'Plot No. 46, GIDC Kabilpore, Sisodra, Navsari, Gujarat396424', '', '', '24ABMFA6804F1ZM', '', 0, '', '', '', 0, 0, '', '0', '', '0', 0, 0, '', '0', '', '', '', 'ABMFA6804F', '', '2019-09-04 19:36:07', '1'),
(64, 'HOMEMART SHOP', '', 'vikas_shinde1@ymail.com', '', '9664154221', '0', 0, 27, 0, '', '', 'D/201, MORESHWAR COMPLEX CHS LTD, SEC- 18, OPP- ASHVITA HOTEL,PLOT- 66,67,71&72, KAMOTHE, NAVI MUMBAI - 410209', '', '', '27ESNPS1551M1Z0', '', 0, '', '', '', 0, 0, '', '0', '', '0', 0, 0, '', '0', '', '', '', 'AACAH6594B', '', '2019-09-14 16:36:47', '1'),
(65, 'PUDHARI VASTRA BHANDAR ', '', 'alambashir6497@gmail.com', '', '8888448867', '0', 0, 27, 0, '', '', 'AKASHWANI AMDAR NIWAS, NEAR MANTRALAY, MUMBAI-4000', '', '', '', '', 0, '', '', '', 0, 0, '', '0', '', '0', 0, 0, '', '0', '', '', '', '', '', '2019-10-07 10:34:07', '1'),
(66, 'ANSHU SRIVASTAVA', '', 'ceo.akshay@gmail.com', '', '0', '0', 0, 27, 0, '', '', '4, 403, MANAV NIVAS CHSL, PLOT NO. 7, SECTOR -19, NEW PANVEL, RAIGAD, MAHARASHTRA', '', '', '27CGKPS1831D1ZE', '', 0, '', '', '', 0, 0, '', '0', '', '0', 0, 0, '', '0', '', '', '', 'CGKPS1831D', '', '2019-10-09 18:51:05', '1'),
(67, 'Real Security & Facility Management India Pvt. Ltd.', '', 'shivi.pandey@realsecurityindia.org', '', '9987549223', '0', 0, 27, 0, '', '', 'Vandana Cottage, Carvalloh Nagar, Nr Maszid, Rd No- 22 Behind Vishwkarma Bhawan JK Gram Thane (W) ( MH) Thane, Maharashtra - 400606', '', '', '27AAJCR5411N1Z0', '', 0, '', '', '', 0, 0, '', '0', '', '0', 0, 0, '', '0', '', '', '', 'AAJCR5411N1', '', '2019-10-22 19:40:03', '1'),
(68, 'PEOPLE RISE ENTERPRISES', '', 'gji23538@gmail.com', '', '8105709268', '0', 0, 27, 0, '', '', 'Shop No. 10  Shree Krishna  Paradise  C. H. S. Ltd. Plot No D - 69 Sector - 12 Kharghar,  Navi Mumbai  410210', '', '', '27ACIPL1791K1Z7', '', 0, '', '', '', 0, 0, '', '0', '', '0', 0, 0, '', '0', '', '', '', 'ACIPL1791K', '', '2019-10-31 19:02:10', '1'),
(69, 'Prolife speciality vet clinic', '', 'drsmgadge@yahoo.com', '', '8928478370', '0', 0, 27, 0, '', '', 'Shop no 10 & 11  kirit building Evershine Nagar movie time lane  Malad West Mumbai 400064', '', '', '', '', 0, '', '', '', 0, 0, '', '0', '', '0', 0, 0, '', '0', '', '', '', '', '', '2019-11-19 21:31:18', '1'),
(70, 'Manuware Consultancy LLP', '', 'priyamanjuran@rupeemax.in', '', '9004517483', '0', 0, 27, 0, '', '', 'Room no 959, Road no . 33, Shivshakti Galli, Opp MSSIDC, Savarkar Nagar, Thane (w) -400604', '', '', '', '', 0, '', '', '', 0, 0, '', '0', '', '0', 0, 0, '', '0', '', '', '', 'ABMFM8539M', '', '2020-03-10 16:46:23', '1'),
(71, 'M/S SWAMI ENTERPRISES', '', 'ganesh@sentcart.com', '', '9167604778', '0', 0, 27, 0, '', '', '1St FL, S.No.3 Shivkripa Sainathnagar Road, Indiranagar, Ghatkoper West Mumbai -400086 Maharashtra', '', '', '27AXYPB3542R1ZN', '', 0, '', '', '', 0, 0, '', '0', '', '0', 0, 0, '', '0', '', '', '', 'AXYPB3542R', '', '2020-03-11 15:40:16', '1'),
(72, 'S S Enterprises', '', 'shree143b@gmail.com', '', '8655351009', '0', 0, 27, 0, '', '', 'A2/5 Sai Krupa Society, Evershine Vasai (e), Thane 401208', '', '', '', '', 0, '', '', '', 0, 0, '', '0', '', '0', 0, 0, '', '0', '', '', '', 'ACXFS5077L', '', '2020-03-11 16:20:31', '1'),
(73, 'MicroDot Softwares', '', 'mota_mitesh@yahoo.com', '', '9819792287', '0', 0, 27, 0, '', '', 'UG-247, Dreams The Mall, Bhandup West', '', '', '27AJXPM3092Q1Z2', '', 0, '', '', '', 0, 0, '', '0', '', '0', 0, 0, '', '0', '', '', '', 'AJXPM3092Q', '', '2020-03-11 16:29:22', '1'),
(74, 'FLQ MANAGEMENT SERVICE PVT LTD ', '', 'habib@flq.co.in', '', '9820142248', '0', 0, 27, 0, '', '', 'c: 14 nANDJYOTH IND ESTATE ,SAFEED POOL,ANDHERI KURAL RD ,SAKINAKA ANDHERI EAST ', '', '', '27AADCF3479L1Z6', '', 0, '', '', '', 0, 0, '', '0', '', '0', 0, 0, '', '0', '', '', '', 'AADCF3479L', '', '2020-03-11 16:35:24', '1'),
(75, 'VASANTS LABELS PVT LTD', '', 'info@vasantslabels.com', '', '9820892324', '0', 0, 27, 0, '', '', 'Unit no a 16 . Midc industrial area old bhendipada near ice factory ambaenath west thane 421501', '', '', '27AAA CV1308D1ZU', '', 0, '', '', '', 0, 0, '', '0', '', '0', 0, 0, '', '0', '', '', '', 'AAACV1308D ', '', '2020-03-11 17:04:12', '1'),
(76, 'Sapat International Pvt. Ltd.', '', 'npawar@sapat.com', '', '9152026650', '0', 0, 27, 0, '', '', '201, T.V. Industrial Estate, S.K. Ahire Marg, Behind Glaxo Lab., Worli, 400030', '', '', '27AAACS7337P1ZR', '', 0, '', '', '', 0, 0, '', '0', '', '0', 0, 0, '', '0', '', '', '', 'AAACS7337', '', '2020-03-11 17:09:01', '1'),
(77, 'S.H.Kelkar & Co. Ltd. ', '', 'parag.ghate@keva.co.in', '', '2221677741', '0', 0, 27, 0, '', '', 'LBS Marg, Near Balrajeshwar Mandir, Mulund-West,Mumbai', '', '', '27AAACS9778G1ZT', '', 0, '', '', '', 0, 0, '', '0', '', '0', 0, 0, '', '0', '', '', '', 'AAACS9778G', '', '2020-03-11 17:19:29', '1'),
(78, 'ASHTECH (INDIA) PRIVATE LIMITED', '', 'hr@ashtechindia.net', '', '2261490200', '0', 0, 27, 0, '', '', '30, Popatwadi, Kalbadevi Road, Mumbai 400 002', '', '', '27AAECA4133B1ZA', '', 0, '', '', '', 0, 0, '', '0', '', '0', 0, 0, '', '0', '', '', '', 'AAECA4133B', '', '2020-03-11 17:28:23', '1'),
(79, 'Insight indiabusiness', '', 'rajesh.bhuwad@insightindia.com', '', '9892065217', '0', 0, 27, 0, '', '', '\"INSIGHT BUSINESS MACHINES PVT LTD B-210 Rajratna Industrial Estate Ramchandra  Malad West Mumbai 400064\"', '', '', '27AAACI8491E1ZF', '', 0, '', '', '', 0, 0, '', '0', '', '0', 0, 0, '', '0', '', '', '', 'AAAC18491E', '', '2020-03-11 18:32:03', '1'),
(80, 'Ajay Arya', '', 'ajay@manschaft.com', '', '7506684664', '0', 0, 27, 0, '', '', 'Unit 504, 5th Floor, Avior Corporate Park, LBS Road,Mulund West, Mumbai, Maharashtra 400080', '', '', '27AAICM8211C1ZP', '', 0, '', '', '', 0, 0, '', '0', '', '0', 0, 0, '', '0', '', '', '', 'AAICM8211C', '', '2020-03-11 21:35:36', '1'),
(81, 'MARCOS GLOBAL ONLINE SERVICES PRIVATE LIMITED', '', 'dentist.32pearls@gmail.com', '', '9820089127', '0', 27, 27, 817, '', '400071', 'Ground Floor, Plot No39/B,Flat No1business of on line shopping, Internet a, Sindhi Immigrants, Sindhi Society, Chembur', '', '', '27AANCM1128K1Z9', 'marcos.in', 0, '', '', 'Ground Floor, Plot No39/B,Flat No1business of on line shopping, Internet a, Sindhi Immigrants, Sindh', 817, 27, '400071', '0', '', '0', 0, 0, '', '0', '', '', '', 'AANCM1128K', '0', '2020-07-21 17:39:52', '1'),
(82, 'SKY AGRO', '', 'skyagrobaramati@gmail.com', '', '9850969621', '0', 0, 27, 0, '', '', 'Plot NO- G-38 ,39  M.I.D.C Baramati, Baramati, Dist -Pune Maharashtra- 413133 India', '', '', '27ACHFS3812K1ZW', '', 0, '', '', '', 0, 0, '', '0', '', '0', 0, 0, '', '0', '', '', '', 'ACHFS3812K', '', '2020-08-05 12:37:49', '1'),
(83, 'Papas Mart', '', 'yusuf_gps@yahoo.com', '', '9940108599', '0', 0, 33, 0, '', '', 'No:1, Parameswaran Nagar, 2nd Street, Shilinganallur. Chennai 600119', '', '', '', '', 0, '', '', '', 0, 0, '', '0', '', '0', 0, 0, '', '0', '', '', '', 'ANMPM0031G', '', '2020-08-14 17:04:51', '1'),
(84, 'kiran', '', 'sachultra156@gmail.com', '', '9867581943', '0', 0, 27, 0, '', '', ' 201, Kohinoor Corporate, Tata Lane, Ram Nagar, Dombivli East 421201', '', '', '27AAQFB6988C1ZY', '', 0, '', '', '', 0, 0, '', '0', '', '0', 0, 0, '', '0', '', '', '', 'AAQFB6988C', '', '2020-08-17 18:59:38', '1'),
(85, 'Amtrex Nature Care Pvt Ltd', '', 'info@amtrexnaturecare.com', '', '9820396131', '0', 0, 27, 0, '', '', '501, Avarsekar Residency  Ganesh Peth Lane, Dadar (W) Mumbai-400028.', '', '', '27AAHCA9089R1ZL', '', 0, '', '', '', 0, 0, '', '0', '', '0', 0, 0, '', '0', '', '', '', 'AAHCA9089R', '', '2020-08-21 17:16:14', '1'),
(86, 'Indianapoli Hospitality Pvt Ltd', '', '', '', '9870094555', '0', 0, 27, 0, '', '', 'N.K.Mehta International House, 178, Backbay Reclamation, Nariman Point, Mumbai 400020', '', '', '27AADCG2440E1Z1', '', 0, '', '', '', 0, 0, '', '0', '', '0', 0, 0, '', '0', '', '', '', 'AADCG2440E', '', '2020-08-27 15:49:02', '1'),
(87, 'Hopefloats Technologeis Pvt ltd ', '', 'vishal.gupta@mymobiforce.com', '', '8510931273', '0', 0, 9, 0, '', '', 'ONE CABIN, C 22A, SECTOR 57, NOIDA, GAUTAM BUDDHA NAGAR, Gautam Buddha Nagar, Uttar Pradesh, 201301', '', '', '09AAECH3958F1ZE', '', 0, '', '', '', 0, 0, '', '0', '', '0', 0, 0, '', '0', '', '', '', 'AAECH3958F', '', '2020-09-21 16:06:36', '1'),
(88, 'Max Supermarket', '', 'swapnilgaikar1@gmail.com', '', '91697555555', '0', 0, 27, 0, '', '', '01, Lakshmi Nivas, Diva station, Diva East', '', '', '27ABOFM8062D1Z0', '', 0, '', '', '', 0, 0, '', '0', '', '0', 0, 0, '', '0', '', '', '', 'ABOFM8062D', '', '2020-10-15 21:56:43', '1'),
(89, 'Mahesh Patil', '', 'shreegrc99@gmail.com', '', '9527006836', '0', 0, 27, 0, '', '', 'Near Varap Bus Stop , Kalyan-Murbad Road, Kalyan West 421301', '', '', '27FKDPS2059R2Z9', '', 0, '', '', '', 0, 0, '', '0', '', '0', 0, 0, '', '0', '', '', '', 'FKDPS2059R', '', '2020-11-03 13:44:30', '1'),
(90, 'TECHNO DREAMS CREATION PVT LTD', '', 'ceomc77@gmail.com', '', '9890169838', '0', 0, 27, 0, '', '', 'E 210 2nd floor Tower No3 International Infotech Park Station Complex Vashi Navi Mumbai Maharashtra 400703', '', '', '27AAHCT5642F1Z8', '', 0, '', '', '', 0, 0, '', '0', '', '0', 0, 0, '', '0', '', '', '', 'AAHCT5642F', '', '2020-12-02 17:27:06', '1'),
(91, 'BITSY INFOTECH PVT LTD', '', 'bdm@bitsy.biz', '', '9930373753', '0', 0, 27, 0, '', '', '201.202 DHARMKSHETRA CHS LTD,NEAR MABA MATA TEMPLE,FACTORY LANE,BORIVALI WEST,MUMBAI 400092', '', '', '27AACCB0250G1Z7', '', 0, '', '', '', 0, 0, '', '0', '', '0', 0, 0, '', '0', '', '', '', 'AACCB0250G', '', '2020-12-02 17:38:34', '1'),
(92, 'Amit', '', 'amit@aishwarya.cc ', '', '9594449993', '0', 0, 27, 0, '', '', '2nd Hasnabad Lane Station road Santacruz West Mumbai - 400054', '', '', '27AAJCA3221F1Z2', '', 0, '', '', '', 0, 0, '', '0', '', '0', 0, 0, '', '0', '', '', '', '', '', '2020-12-19 21:20:14', '1'),
(93, 'Abba A South Indian Super Bazar', '', 'abbassuperbazar@gmail.com', '', '8828837933', '0', 0, 27, 0, '', '', 'A 11, Mafco Market, Sector 18, Vashi, Navimumbai 400705', '', '', '27ABSFA8109P1ZN', '', 0, '', '', '', 0, 0, '', '0', '', '0', 0, 0, '', '0', '', '', '', 'ABSFA8109P', '', '2020-12-23 21:45:03', '1'),
(94, 'Shree Hospital', '', 'drrgware@gmail.com', '', '7588587808', '0', 0, 27, 0, '', '', 'Shree Hospital, Near Modern school, Vita 415311, Dist Sangli , Maharashtra.', '', '', '', '', 0, '', '', '', 0, 0, '', '0', '', '0', 0, 0, '', '0', '', '', '', 'AAWPW0448A', '', '2021-01-29 19:31:01', '1'),
(95, 'AMOL BEDRE', '', 'abenterprises1984@gmail.com', '', '7755990964', '0', 0, 27, 0, '', '', 'J-302,2NDFLOOR ,MEGA CENTER,HADAPSAR ,PUNE- 411028', '', '', '27ALTPB0788L1ZI', '', 0, '', '', '', 0, 0, '', '0', '', '0', 0, 0, '', '0', '', '', '', 'ALTPB0788L', '', '2021-02-16 14:48:54', '1'),
(96, 'RENUKA DHANANJAY MALVADE', '', 'renukamalvade1673@gmail.com', '', '9324763745', '0', 0, 27, 0, '', '', '6/13 SHREE SAHYADRI CHS OLD MUMBAI PUNE ROAD KALWA WEST THANE 400605', '', '', '', '', 0, '', '', '', 0, 0, '', '0', '', '0', 0, 0, '', '0', '', '', '', 'AKDPM8261G', '', '2021-03-24 18:21:42', '1'),
(97, 'Asian Paints Ltd.', '', 'rajeshvarma.epuri@asianpaints.com', '', '8455264226', '0', 0, 36, 0, '', '', 'Pl Nos 50-55,Industrial Development Area Patancheru, Telangana India 502319', '', '', '36AAACA3622K1ZW', '', 0, '', '', '', 0, 0, '', '0', '', '0', 0, 0, '', '0', '', '', '', 'AAACA3622K', 'L24220MH1945PLC004598', '2021-04-05 16:04:14', '1'),
(98, 'BLUTEC VANBUREN INDUSTRIES (INDIA) PRIVATE LIMITED', '', 'siddharth@blutec.co.in', '', '9930947471', '0', 0, 27, 0, '', '', 'Unit No: 406, B Wing, 4th Floor, Cello Triumph,  Opp: Laghu Udyog, I.B Patel Road, Goregaon (East), Mumbai - 400063. Maharashtra India', '', '', '27AAECT2926P1ZT', '', 0, '', '', '', 0, 0, '', '0', '', '0', 0, 0, '', '0', '', '', '', 'AAECT2926P', '', '2021-04-25 13:02:25', '1'),
(99, 'Badshah ', '', 'badshah9920557890@gmail.com', '', '9867493007', '0', 0, 27, 0, '', '', 'A/503, Reshma Co Op HSC Mhada Malwani Malad West Mumbai Maharashtra', '', '', '', '', 0, '', '', '', 0, 0, '', '0', '', '0', 0, 0, '', '0', '', '', '', 'AVZPS8050N', '', '2021-05-07 12:11:18', '1'),
(100, 'Wasim', '', 'wasimdastan246@gmail.com', '', '7903667742', '0', 0, 20, 0, '', '', 'Masjid lane doranda bazaar near high court Ranchi jharkhand pin 834002', '', '', '20AAXPW2479G1Z5', '', 0, '', '', '', 0, 0, '', '0', '', '0', 0, 0, '', '0', '', '', '', 'AAXPW2479G', '', '2021-05-24 19:15:12', '1'),
(101, 'Sadhana Chauhan', '', 'servesurabhi.realtor@gmail.com', '', '9819485040', '0', 0, 27, 0, '', '', 'OFFICE NO. 9A 4TH FLOOR  HIGHLAND CORPORATE CENTRE KAPURBAWDI  G B ROAD,THANE WEST 400607', '', '', '27ADJFS9410L1ZK', '', 0, '', '', '', 0, 0, '', '0', '', '0', 0, 0, '', '0', '', '', '', 'ADJFS9410L', '', '2021-06-17 19:21:29', '1'),
(102, 'Samuel  Suvarna', '', 'samuel@webtelindia.com', '', '9223331772', '0', 0, 27, 0, '', '', '702 Rupa Solitaire MBP Mahape Navi Mumbai', '', '', '27AAAFW5542M1ZS', '', 0, '', '', '', 0, 0, '', '0', '', '0', 0, 0, '', '0', '', '', '', 'AAAFW5542M', '', '2021-06-22 15:16:45', '1'),
(103, 'Pratik Shah', '', 'theistrihouse@gmail.com', '', '9930883085', '0', 0, 27, 0, '', '', '2 A 111 9th Floor Ganjawala CHSL SVP Road Borivali West Mumbai 400092', '', '', '', '', 0, '', '', '', 0, 0, '', '0', '', '0', 0, 0, '', '0', '', '', '', 'AAQFC0382D', '', '2021-06-30 14:33:01', '1'),
(104, 'ARVIND KUMAR', '', 'arvind.kumar@averda.com', '', '9311470305', '0', 0, 3, 0, '', '', 'SCO 113 5th Floor Ranjeet Avenue Block B Amritsar  Punjab 144001', '', '', '03AADCE6139N1ZI', '', 0, '', '', '', 0, 0, '', '0', '', '0', 0, 0, '', '0', '', '', '', 'AADCE6139N', '', '2021-07-03 13:05:32', '1'),
(105, 'KHUSHBU SUNHA (Knowlarity)', '', 'khushbu.sinha@knowlarity.com', '', '8178394468', '0', 0, 27, 0, '', '', '5th Floor, AWFIS, SCHINDER HOUSE, NEAR MAIN STREET, CHEMTEX LANE, HIRANANDANI GARDENS, SAINATH NAGAR, POWAI, MUMBAI CITY, MAHARASHTRA, 400076', '', '', '27AADCK7606G1ZJ', '', 0, '', '', '', 0, 0, '', '0', '', '0', 0, 0, '', '0', '', '', '', 'AADCK7606G', '', '2021-07-28 00:26:46', '1'),
(106, 'Dr. Sandeep Chalke (ISOmantra)', '', 'sandeep.chalke@isomantra.com', '', '8425906665', '0', 0, 27, 0, '', '', '58, Arihant Industrial Estate, Laxmi Nagar, Link Road, Goregaon (West), Mumbai-400090', '', '', '27ACDPC4249C2Z2', '', 0, '', '', '', 0, 0, '', '0', '', '0', 0, 0, '', '0', '', '', '', 'ACDPC4249C', '', '2021-08-17 20:25:13', '1'),
(107, 'Hemant Pawar (KDL Logistic)', '', 'hemant.pawar@kdlogistics.co.in', '', '8082158353', '0', 0, 27, 0, '', '', 'K.D.LOGISTICS SERVICES,Near Harihar complex Mankoli,Bhiwandi- 421302', '', '', '27AALFK0313K1ZE', '', 0, '', '', '', 0, 0, '', '0', '', '0', 0, 0, '', '0', '', '', '', 'AALFK0313K', '', '2021-09-01 15:26:02', '1'),
(108, 'Adinath light industries ', '', 'sharadfa14@gmail.com', '', '8080331414', '0', 0, 27, 0, '', '', 'At Post Dadegaon, Ashti, Beed, Beed, MAHARASHTRA', '', '', '27ACYPF0815C1ZR', '', 0, '', '', '', 0, 0, '', '0', '', '0', 0, 0, '', '0', '', '', '', 'ACYPF0815C', '', '2021-09-06 18:21:40', '1'),
(109, 'Sundar (Ankleshwar AP)', '', 'sundaravadivelu.r@asianpaints.com', '', '9080726277', '0', 0, 24, 0, '', '', 'Asian Paints Limited, Plot no. 2602, GIDC, Ankleshwar  393 002', '', '', '24AAACA3622K1Z1', '', 0, '', '', '', 0, 0, '', '0', '', '0', 0, 0, '', '0', '', '', '', 'AAACA3622K', '', '2021-09-07 14:35:54', '1'),
(110, 'Vibrant Corporation(Raees Dakhway)', '', 'vibrantcorp3@gmail.com', '', '9920114431', '0', 0, 27, 0, '', '', 'CR Buildage House, 146 V.S. Marg, Mahim, Mumbai - 400 016, INDIA', '', '', '27AAFFV9393L1Z9  ', '', 0, '', '', '', 0, 0, '', '0', '', '0', 0, 0, '', '0', '', '', '', 'AAFFV9393L', '', '2021-09-21 14:26:59', '1'),
(111, 'Hemant Karare (SAIANSHI ASSOCIATES)', '', 'hemaant44@gmail.com', '', '9826948881', '0', 0, 23, 0, '', '', 'NO-19 COUNTYWALK JLAREYA Indore M.P. ', '', '', '23ALFPK8223R2Z0', '', 0, '', '', '', 0, 0, '', '0', '', '0', 0, 0, '', '0', '', '', '', 'ALFPK8223R', '', '2021-10-28 07:53:28', '1'),
(112, 'Gulkit(Nakoda Infotech)', '', 'sales@nakodainfotech.com', '', '9987603607', '0', 0, 27, 0, '', '', '38/40, 3rd Floor, Office No 23A, Champa Gali Cross Lane, Near M.J. Market, Kalbadevi Road, Mumbai - 400002 ', '', '', '27AJEPJ9011B1ZO', '', 0, '', '', '', 0, 0, '', '0', '', '0', 0, 0, '', '0', '', '', '', 'AJEPJ9011B', '', '2021-10-29 14:36:30', '1'),
(113, 'Brihat Buildtech Pvt. Ltd. (Raviraj)', '', 'info@brihatbuildtech.com', '', '9867881010', '0', 0, 27, 0, '', '', 'V1220, New APMC Market, Opposite Akshar Business Park, Sector 19, Vashi, Navi Mumbai. 400705.', '', '', '27AAJCB5349R1ZV', '', 0, '', '', '', 0, 0, '', '0', '', '0', 0, 0, '', '0', '', '', '', 'AAJCB5349R', '', '2021-10-29 15:28:37', '1'),
(114, 'Pawan Jain Viraat Enterprise', '', 'writetopawanjain@gmail.com', '', '9699870507', '0', 0, 27, 0, '', '', 'Shop No 1 to 5 Trivedi Centre Mira Bhayandar Road Opposite McDonalds Mira Road East 401107', '', '', '27AGAPJ6040R1Z3', '', 0, '', '', '', 0, 0, '', '0', '', '0', 0, 0, '', '0', '', '', '', 'AGAPJ6040R', '', '2021-12-13 21:45:02', '1'),
(115, 'Trayaksh Technology', '', 'info@trayakshtech.com', '', '9321832011', '0', 0, 27, 0, '', '', '304, A-wing, Vaishnavi Guru, Adai rd, oppo. St. George School Panvel, Maharashtra (MH - 27), PIN Code 410206, India', '', '', '27AWVPG6166G1Z0', '', 0, '', '', '', 0, 0, '', '0', '', '0', 0, 0, '', '0', '', '', '', 'AWVPG6166G', '', '2022-02-09 18:39:31', '1'),
(116, 'Guest', '', '', '', '', '0', 0, 0, 0, '', '', '', '', '', '', '', 0, '', '', '', 0, 0, '', '0', '', '0', 0, 0, '', '0', '', '', '', '', '', '2022-04-14 12:03:47', '1'),
(128, 'PAGAN LIFESTYLES (magnolia)', 'Maulika Gandhi', 'accounts@magnoliahome.co.in', 'PA@0612615', '9372752771', 'India', 27, 27, 817, '', '400018', 'GROUND FLOOR, 83/C, HANSRAJ PRAGJI WAREHOUSE, OFF DR E MOSES ROAD, WORLI NAKA', '', '', '27AANFP7443F1ZX', 'magnoliahome.co.in', 0, '', 'on', '', 817, 27, '400018', 'India', 'on', '', 817, 27, '400018', 'India', '', '', '', '', '', '2022-12-29 09:21:25', '1'),
(129, 'Reytek', '', 'suvarna.ilag@microlan.in', 'Re@3984104', '09850231806', 'India', 0, 0, 0, '', '123456', 'dfefcd\r\nfsdfsd', '', '', '', '', 0, '', '', '', 0, 0, '', '', '', '', 0, 0, '', '', '', '', '', '', '', '2024-12-02 02:49:13', '1'),
(130, 'demo', 'demo 123 ', 'demo@gmail.com', 'de@6233622', '1111111122', '', 0, 0, 0, '', '', '', '', '', '', '', 0, '', '', '', 0, 0, '', '', '', '', 0, 0, '', '', '', '', '', '', '', '2024-12-14 11:35:14', '1'),
(131, 'ABC', 'Minal pande', 'abc14@gmail.com', 'AB@1087408', '7856222222', 'mumbai', 27, 0, 817, '', '4562333', 'abc', '', '', '', '', 0, '', '', 'Link road', 817, 27, '456123', 'Mumbai', '', 'aaa', 817, 27, '4522', 'ss', '', '', '', '', '', '2025-02-15 13:08:15', '1'),
(132, 'microlan', 'suvarna', 'suvarna@mailinator.com', 'mi@1715525', '9876123457', 'India', 27, 27, 1, '', '400604', 'Thane west', '', '', '27ttet55346367', 'www.microlan.in', 0, '', '', '', 0, 0, '', '', '', '', 0, 0, '', '', '', '', '', '', '', '2025-04-25 11:32:33', '1');

-- --------------------------------------------------------

--
-- Table structure for table `customer_audit_report`
--

CREATE TABLE `customer_audit_report` (
  `af_id` int(11) NOT NULL,
  `project_id` int(11) NOT NULL,
  `cust_id` int(11) NOT NULL,
  `member_type` int(11) NOT NULL,
  `unit_member_id` int(11) NOT NULL COMMENT 'Unit (Flat member ,Society member',
  `unit` varchar(100) NOT NULL,
  `doc_type` int(11) NOT NULL,
  `audit_file` varchar(255) NOT NULL,
  `file_type` varchar(255) NOT NULL,
  `created_date` datetime NOT NULL DEFAULT current_timestamp(),
  `updated_date` datetime NOT NULL,
  `status` enum('1','0') NOT NULL DEFAULT '1'
) ENGINE=InnoDB DEFAULT CHARSET=latin1 COLLATE=latin1_swedish_ci;

-- --------------------------------------------------------

--
-- Table structure for table `db_forgot_password`
--

CREATE TABLE `db_forgot_password` (
  `f_id` int(50) NOT NULL,
  `user_id` int(50) NOT NULL,
  `email_address` varchar(255) NOT NULL,
  `otp_code` int(50) NOT NULL,
  `added_date` datetime NOT NULL DEFAULT current_timestamp()
) ENGINE=InnoDB DEFAULT CHARSET=utf8mb4 COLLATE=utf8mb4_general_ci;

-- --------------------------------------------------------

--
-- Table structure for table `deduction`
--

CREATE TABLE `deduction` (
  `de_id` int(14) NOT NULL,
  `salary_id` int(14) NOT NULL,
  `provident_fund` varchar(64) DEFAULT NULL,
  `bima` varchar(64) DEFAULT NULL,
  `tax` varchar(64) DEFAULT NULL,
  `others` varchar(64) DEFAULT NULL
) ENGINE=InnoDB DEFAULT CHARSET=utf8 COLLATE=utf8_general_ci;

--
-- Dumping data for table `deduction`
--

INSERT INTO `deduction` (`de_id`, `salary_id`, `provident_fund`, `bima`, `tax`, `others`) VALUES
(25, 25, '11', '11', '11', '11'),
(26, 26, '11', '11', '11', '11');

-- --------------------------------------------------------

--
-- Table structure for table `designation`
--

CREATE TABLE `designation` (
  `id` int(11) NOT NULL,
  `des_name` varchar(64) NOT NULL
) ENGINE=InnoDB DEFAULT CHARSET=latin1 COLLATE=latin1_swedish_ci;

--
-- Dumping data for table `designation`
--

INSERT INTO `designation` (`id`, `des_name`) VALUES
(2, 'Vice Chairman'),
(3, 'Chief Executive Officer (CEO)'),
(4, 'Chief Finance & Admin Officer'),
(5, 'Sr. Finance & Admin Officer - I'),
(6, 'Jr. Finance & Admin Officer'),
(7, 'Senior Research Associate-1'),
(8, 'Research Associate-1'),
(9, 'Junior Research Associate'),
(10, 'Research Assistant'),
(11, 'Sr. Office Assistant'),
(12, 'Office Assistant'),
(13, 'IT Analyst'),
(14, 'Cook');

-- --------------------------------------------------------

--
-- Table structure for table `education`
--

CREATE TABLE `education` (
  `id` int(11) NOT NULL,
  `emp_id` varchar(128) DEFAULT NULL,
  `degree_name` varchar(255) DEFAULT NULL,
  `institute` varchar(256) DEFAULT NULL,
  `result` varchar(64) DEFAULT NULL,
  `year` varchar(64) DEFAULT NULL
) ENGINE=InnoDB DEFAULT CHARSET=latin1 COLLATE=latin1_swedish_ci;

--
-- Dumping data for table `education`
--

INSERT INTO `education` (`id`, `emp_id`, `degree_name`, `institute`, `result`, `year`) VALUES
(1, '25', 'B.SC.IT', 'VNSGU', '7.64', '2016');

-- --------------------------------------------------------

--
-- Table structure for table `employee_file`
--

CREATE TABLE `employee_file` (
  `id` int(14) NOT NULL,
  `em_id` varchar(64) DEFAULT NULL,
  `file_title` varchar(512) DEFAULT NULL,
  `file_url` varchar(512) DEFAULT NULL
) ENGINE=InnoDB DEFAULT CHARSET=utf8 COLLATE=utf8_general_ci;

-- --------------------------------------------------------

--
-- Table structure for table `emp_documents`
--

CREATE TABLE `emp_documents` (
  `doc_id` int(100) NOT NULL,
  `emp_id` int(100) DEFAULT NULL,
  `file_name` longtext DEFAULT NULL,
  `file_added_on` timestamp NOT NULL DEFAULT current_timestamp() ON UPDATE current_timestamp()
) ENGINE=InnoDB DEFAULT CHARSET=utf8mb4 COLLATE=utf8mb4_general_ci;

--
-- Dumping data for table `emp_documents`
--

INSERT INTO `emp_documents` (`doc_id`, `emp_id`, `file_name`, `file_added_on`) VALUES
(1, 25, NULL, '2024-12-14 13:33:52'),
(2, 25, NULL, '2024-12-14 13:33:52'),
(3, 25, '1734140120sample.pdf', '2024-12-14 13:35:20'),
(4, 25, '1734140120download.jpg', '2024-12-14 13:35:20');

-- --------------------------------------------------------

--
-- Table structure for table `emp_experience`
--

CREATE TABLE `emp_experience` (
  `id` int(14) NOT NULL,
  `emp_id` varchar(256) DEFAULT NULL,
  `exp_company` varchar(128) DEFAULT NULL,
  `exp_com_position` varchar(128) DEFAULT NULL,
  `exp_com_address` longtext DEFAULT NULL,
  `exp_workduration` varchar(128) DEFAULT NULL
) ENGINE=InnoDB DEFAULT CHARSET=utf8 COLLATE=utf8_general_ci;

--
-- Dumping data for table `emp_experience`
--

INSERT INTO `emp_experience` (`id`, `emp_id`, `exp_company`, `exp_com_position`, `exp_com_address`, `exp_workduration`) VALUES
(1, '25', 'xyz', 'software developer', 'Surat', '3years');

-- --------------------------------------------------------

--
-- Table structure for table `emp_leave`
--

CREATE TABLE `emp_leave` (
  `emp_leave_id` int(11) NOT NULL,
  `emp_id` varchar(64) DEFAULT NULL,
  `leave_type_id` int(14) NOT NULL,
  `leave_type` varchar(100) DEFAULT NULL,
  `start_date` varchar(64) DEFAULT NULL,
  `end_date` varchar(64) DEFAULT NULL,
  `hour_length` varchar(200) DEFAULT NULL,
  `apply_date` varchar(64) DEFAULT NULL,
  `leave_reason` varchar(1024) DEFAULT NULL,
  `leave_status` enum('Approve','Not Approve','Rejected') NOT NULL DEFAULT 'Not Approve',
  `reject_reason` longtext DEFAULT NULL,
  `leave_added_on` timestamp NOT NULL DEFAULT current_timestamp() ON UPDATE current_timestamp()
) ENGINE=InnoDB DEFAULT CHARSET=latin1 COLLATE=latin1_swedish_ci;

--
-- Dumping data for table `emp_leave`
--

INSERT INTO `emp_leave` (`emp_leave_id`, `emp_id`, `leave_type_id`, `leave_type`, `start_date`, `end_date`, `hour_length`, `apply_date`, `leave_reason`, `leave_status`, `reject_reason`, `leave_added_on`) VALUES
(1, '25', 2, 'Hourly', '2024-12-16', '', '1', '2025-05-02', 'Ear Pain', 'Rejected', NULL, '2025-05-02 11:26:31'),
(8, '23', 4, 'Full Day', '2025-05-10', '', '8', '2025-05-02', 'personal reason', 'Rejected', 'demo', '2025-05-02 11:30:26');

-- --------------------------------------------------------

--
-- Table structure for table `emp_salary`
--

CREATE TABLE `emp_salary` (
  `id` int(11) NOT NULL,
  `emp_id` varchar(64) DEFAULT NULL,
  `type_id` int(11) NOT NULL,
  `total` varchar(64) DEFAULT NULL
) ENGINE=InnoDB DEFAULT CHARSET=utf8 COLLATE=utf8_general_ci;

--
-- Dumping data for table `emp_salary`
--

INSERT INTO `emp_salary` (`id`, `emp_id`, `type_id`, `total`) VALUES
(25, '', 4, '15000'),
(26, '22', 4, '15000');

-- --------------------------------------------------------

--
-- Table structure for table `feedback`
--

CREATE TABLE `feedback` (
  `feedback_id` int(100) NOT NULL,
  `customer_id` int(100) DEFAULT NULL,
  `project_id` int(100) DEFAULT NULL,
  `feedback` longtext DEFAULT NULL,
  `rating` varchar(50) DEFAULT NULL,
  `feedback_added_on` timestamp NOT NULL DEFAULT current_timestamp() ON UPDATE current_timestamp()
) ENGINE=InnoDB DEFAULT CHARSET=utf8mb4 COLLATE=utf8mb4_general_ci;

--
-- Dumping data for table `feedback`
--

INSERT INTO `feedback` (`feedback_id`, `customer_id`, `project_id`, `feedback`, `rating`, `feedback_added_on`) VALUES
(1, 2, 1, 'ffdfd', '3', '2024-12-27 12:32:01');

-- --------------------------------------------------------

--
-- Table structure for table `gst_setting`
--

CREATE TABLE `gst_setting` (
  `gst_set_id` bigint(20) NOT NULL,
  `category_id` varchar(20) DEFAULT NULL,
  `sub_category_id` varchar(20) DEFAULT NULL,
  `gst_type` enum('I','E') NOT NULL,
  `hsn_code` varchar(50) DEFAULT NULL,
  `description` text DEFAULT NULL,
  `SGST` float NOT NULL,
  `CGST` float NOT NULL,
  `IGST` float NOT NULL
) ENGINE=InnoDB DEFAULT CHARSET=latin1 COLLATE=latin1_swedish_ci;

--
-- Dumping data for table `gst_setting`
--

INSERT INTO `gst_setting` (`gst_set_id`, `category_id`, `sub_category_id`, `gst_type`, `hsn_code`, `description`, `SGST`, `CGST`, `IGST`) VALUES
(2, NULL, NULL, 'I', '8528', 'POS TOUCH TERMINAL \r\n', 6, 6, 12),
(3, NULL, NULL, 'I', '8443', 'PRINTER', 9, 9, 18),
(4, NULL, NULL, 'I', '8443', 'Barcode Scanner', 9, 9, 18),
(5, NULL, NULL, 'I', '84717020', 'Hard disc drive', 9, 9, 18),
(6, NULL, NULL, 'I', '8471', 'Personal Computers, Laptop', 9, 9, 18),
(7, NULL, NULL, 'I', '84732900', 'CASH DRAWER', 9, 9, 18),
(8, NULL, NULL, 'I', '8471', 'POS NON TOUCH TERMINAL', 9, 9, 18),
(9, NULL, NULL, 'I', '48219010', 'THERMAL ROLL', 9, 9, 18),
(10, NULL, NULL, 'I', '96121090', 'THERMAL TRANSFER RIBBON\r\n', 9, 9, 18),
(11, NULL, NULL, 'I', '998223', 'Payroll services', 6, 6, 12),
(12, NULL, NULL, 'I', '998313', 'Information technology (IT) consulting and support services\r\n', 9, 9, 18),
(13, NULL, NULL, 'I', '998314', 'Information technology (IT) design and development services\r\n', 9, 9, 18),
(14, NULL, NULL, 'I', '998315', 'Hosting and information technology (IT) infrastructure provisioning services\r\n', 9, 9, 18),
(15, NULL, NULL, 'I', '998316', 'IT infrastructure and network management services\r\n', 9, 9, 18),
(16, NULL, NULL, 'I', '996211', 'Services provided for a fee/commission or contract basis on retail trade Explanation- This service does not include sale or purchase of goods\r\n', 9, 9, 18),
(17, NULL, NULL, 'I', '998319', 'Other information technology services\r\n', 9, 9, 18),
(18, NULL, NULL, 'I', '998513', 'Contract staffing services\r\n', 9, 9, 18),
(19, NULL, NULL, 'I', '998514', 'Temporary staffing services\r\n', 9, 9, 18),
(20, NULL, NULL, 'I', '998515', 'Long-term staffing (pay rolling) services\r\n\r\n', 9, 9, 18),
(21, NULL, NULL, 'I', '999293', 'Commercial training and coaching services\r\n', 9, 9, 18),
(22, NULL, NULL, 'I', '999294', 'Other education and training services\r\n\r\n', 9, 9, 18),
(23, NULL, NULL, 'I', '998713', 'Maintenance And Repair Services Of Computers And Peripheral Equipment\r\n\r\n', 9, 9, 18),
(24, NULL, NULL, 'I', '999294', 'Other education and training services n.e.c.\r\n\r\n', 9, 9, 18),
(25, NULL, NULL, 'I', '998311', 'Management Consulting And Management Services; Information Technology Services\r\n', 9, 9, 18),
(26, NULL, NULL, 'I', '', 'Other Educational Support Services\r\n', 0, 0, 0),
(29, NULL, NULL, 'I', '9983', 'Information technology support and services', 0, 0, 0),
(30, NULL, NULL, 'I', '121212', NULL, 9, 9, 18),
(31, NULL, NULL, 'I', '91122', NULL, 6, 5, 7),
(32, NULL, NULL, 'I', '10001000', NULL, 5, 5, 5),
(33, NULL, NULL, 'I', '1234', NULL, 9, 9, 9),
(34, NULL, NULL, 'I', '123', NULL, 9, 9, 9),
(35, NULL, NULL, 'I', 'abc12', NULL, 9, 9, 9),
(36, NULL, NULL, 'I', '1234567', NULL, 9, 9, 18),
(37, NULL, NULL, 'I', '0987', NULL, 5, 5, 10);

-- --------------------------------------------------------

--
-- Table structure for table `holiday`
--

CREATE TABLE `holiday` (
  `id` int(11) NOT NULL,
  `holiday_name` varchar(256) DEFAULT NULL,
  `from_date` varchar(64) DEFAULT NULL,
  `to_date` varchar(64) DEFAULT NULL,
  `number_of_days` varchar(64) DEFAULT NULL,
  `month` varchar(50) DEFAULT NULL,
  `year` varchar(64) DEFAULT NULL,
  `holiday_status` int(11) NOT NULL DEFAULT 1 COMMENT '1:active/0:deactive'
) ENGINE=InnoDB DEFAULT CHARSET=utf8 COLLATE=utf8_general_ci;

--
-- Dumping data for table `holiday`
--

INSERT INTO `holiday` (`id`, `holiday_name`, `from_date`, `to_date`, `number_of_days`, `month`, `year`, `holiday_status`) VALUES
(24, 'demo', '2025-05-15', '2025-05-16', '1', 'May', '2025', 1);

-- --------------------------------------------------------

--
-- Table structure for table `item_category`
--

CREATE TABLE `item_category` (
  `item_category_id` int(11) NOT NULL,
  `item_category_name` varchar(255) DEFAULT NULL,
  `status` tinyint(1) NOT NULL DEFAULT 1,
  `added_on` datetime NOT NULL DEFAULT current_timestamp()
) ENGINE=InnoDB DEFAULT CHARSET=utf8mb4 COLLATE=utf8mb4_general_ci;

--
-- Dumping data for table `item_category`
--

INSERT INTO `item_category` (`item_category_id`, `item_category_name`, `status`, `added_on`) VALUES
(1, 'regular', 1, '2022-07-28 15:15:42'),
(2, 'heavy', 1, '2022-07-28 15:16:01'),
(6, 'Service Cat', 1, '2025-02-11 11:04:20'),
(7, 'fffff', 0, '2025-02-11 13:02:02'),
(8, 'serv Cat1', 1, '2025-02-14 08:21:26'),
(9, 'test', 1, '2025-04-29 17:49:35');

-- --------------------------------------------------------

--
-- Table structure for table `item_type`
--

CREATE TABLE `item_type` (
  `item_type_id` int(11) NOT NULL,
  `item_type_name` varchar(255) DEFAULT NULL,
  `status` enum('1','0') NOT NULL DEFAULT '1',
  `added_on` datetime NOT NULL DEFAULT current_timestamp()
) ENGINE=InnoDB DEFAULT CHARSET=utf8mb4 COLLATE=utf8mb4_general_ci;

--
-- Dumping data for table `item_type`
--

INSERT INTO `item_type` (`item_type_id`, `item_type_name`, `status`, `added_on`) VALUES
(3, 'Serve Type1', '1', '2022-07-28 17:41:01'),
(5, 'Serv Type2', '1', '2025-02-03 10:36:31'),
(6, 'Type1', '1', '2025-02-14 08:20:33'),
(7, 'type5', '1', '2025-04-29 17:48:36');

-- --------------------------------------------------------

--
-- Table structure for table `lead`
--

CREATE TABLE `lead` (
  `lead_id` int(11) NOT NULL,
  `lead_mode_id` int(50) DEFAULT NULL,
  `lead_number` int(50) DEFAULT NULL,
  `op_user_id` int(50) DEFAULT NULL,
  `role_id` int(50) DEFAULT NULL,
  `lead_date` date DEFAULT NULL,
  `lead_type_id` int(50) DEFAULT NULL,
  `lead_status_id` int(50) DEFAULT NULL,
  `customer_id` int(50) DEFAULT NULL,
  `contact_phone` varchar(20) DEFAULT NULL,
  `contact_fullname` varchar(500) DEFAULT NULL,
  `contact_email` longtext DEFAULT NULL,
  `contact_company` text DEFAULT NULL,
  `contact_jobtitle` text DEFAULT NULL,
  `lead_source_id` int(50) DEFAULT NULL,
  `partner_id` int(50) NOT NULL,
  `communication_pref` int(50) DEFAULT NULL,
  `communication_time` time DEFAULT NULL,
  `business_type_id` int(50) DEFAULT NULL,
  `project_id` varchar(100) DEFAULT NULL,
  `possession_expected_period` varchar(100) DEFAULT NULL,
  `budget_range` varchar(100) DEFAULT NULL,
  `assign_to` int(50) NOT NULL,
  `special_requirement` longtext DEFAULT NULL,
  `special_attachment` varchar(255) NOT NULL,
  `lead_active_status` tinyint(1) NOT NULL DEFAULT 1,
  `lead_last_followup` varchar(50) DEFAULT NULL,
  `lead_next_followup` varchar(50) DEFAULT NULL,
  `followup_remark` longtext DEFAULT NULL,
  `lead_added_on` datetime NOT NULL DEFAULT current_timestamp() ON UPDATE current_timestamp()
) ENGINE=InnoDB DEFAULT CHARSET=latin1 COLLATE=latin1_swedish_ci;

--
-- Dumping data for table `lead`
--

INSERT INTO `lead` (`lead_id`, `lead_mode_id`, `lead_number`, `op_user_id`, `role_id`, `lead_date`, `lead_type_id`, `lead_status_id`, `customer_id`, `contact_phone`, `contact_fullname`, `contact_email`, `contact_company`, `contact_jobtitle`, `lead_source_id`, `partner_id`, `communication_pref`, `communication_time`, `business_type_id`, `project_id`, `possession_expected_period`, `budget_range`, `assign_to`, `special_requirement`, `special_attachment`, `lead_active_status`, `lead_last_followup`, `lead_next_followup`, `followup_remark`, `lead_added_on`) VALUES
(1, 2, 1, 1, 1, '2024-12-17', 1, 2, NULL, '9737940696', 'krutika patel', 'pk@gmail.com', 'C-706, Akshar Estonia, plot 41, sector 47, Opp Dronagiri Railway Station', 'test', 1, 0, 4, '12:10:00', 1, '1', '20 Days', '25000', 0, 'proposal sent to client', 'VISITING CARD (1)[1].jpg', 1, NULL, NULL, NULL, '2025-05-03 13:44:13'),
(2, 1, 2, 1, 1, '2025-01-28', NULL, 8, NULL, '8977685930', 'Lead2', 'lead2@gmail.com', '', '', 1, 0, 1, '11:30:00', 3, NULL, '30', '20000', 0, 'on urgent basis', 'malAMP3.jpg', 1, NULL, NULL, NULL, '2025-01-28 12:03:53'),
(3, 1, 3, 1, 1, '2025-01-28', NULL, 8, NULL, '7840920984', 'Avinash ', 'avi@microlan.in', '', '', 7, 3, 3, '11:00:00', 6, NULL, '10', '30000', 0, 'for affilated marketingpurpose', 'C10 QP.pdf', 1, NULL, NULL, NULL, '2025-01-28 14:14:55'),
(4, 1, 4, 1, 1, '2025-01-28', NULL, 6, NULL, '8876757748', 'Pankaj Singh', '', '', '', 7, 2, 1, '01:30:00', 2, NULL, '30', '25000', 0, 'Not needed yet', '', 1, NULL, NULL, NULL, '2025-02-12 12:12:51'),
(5, 1, 5, 1, 1, '2025-02-01', NULL, 8, NULL, '7655848834', 'Ajay Sharma', 'ajay@gmail.com', '', '', 1, 0, 1, '12:20:00', 1, NULL, '30', '', 0, '', '', 1, NULL, NULL, NULL, '2025-02-01 10:27:59'),
(6, 1, 6, 1, 1, '2025-02-06', NULL, 2, NULL, '8799087654', 'Vikas', '', 'ABC Co-operation', '', 7, 5, 4, '10:00:00', 4, NULL, '10', '20000', 27, '', 'sample.pdf', 1, NULL, NULL, NULL, '2025-05-02 19:05:50'),
(7, 1, 7, 1, 1, '2025-02-06', NULL, 8, NULL, '7684536734', 'Anil Sharma', '', '', '', 7, 3, 1, '11:00:00', 1, NULL, '30', '30000', 0, '', 'birds.png', 1, NULL, NULL, NULL, '2025-02-12 12:17:16'),
(8, 1, 8, 1, 1, '2025-05-03', NULL, 8, NULL, '9737940696', 'krutika patel', '', 'C-706, Akshar Estonia, plot 41, sector 47, Opp Dronagiri Railway Station', '', 3, 0, 1, '00:00:00', 11, NULL, '', '', 0, '', '', 1, NULL, NULL, NULL, '2025-05-03 13:40:08'),
(9, 1, 9, 1, 1, '2025-05-03', NULL, 8, NULL, '9737940696', 'krutika patel', '', 'C-706, Akshar Estonia, plot 41, sector 47, Opp Dronagiri Railway Station', '', 11, 0, 1, '00:00:00', 12, NULL, '', '', 23, '', '', 1, NULL, NULL, NULL, '2025-05-03 13:55:42');

-- --------------------------------------------------------

--
-- Table structure for table `lead_attacment`
--

CREATE TABLE `lead_attacment` (
  `attachment_id` int(50) NOT NULL,
  `attachment_files` varchar(255) NOT NULL,
  `lead_id` int(50) NOT NULL,
  `user_id` int(50) NOT NULL,
  `created_date` datetime NOT NULL DEFAULT current_timestamp(),
  `updated_date` datetime NOT NULL,
  `attachment_status` tinyint(1) NOT NULL DEFAULT 1 COMMENT '1-active,2-de-active'
) ENGINE=InnoDB DEFAULT CHARSET=utf8mb4 COLLATE=utf8mb4_general_ci;

--
-- Dumping data for table `lead_attacment`
--

INSERT INTO `lead_attacment` (`attachment_id`, `attachment_files`, `lead_id`, `user_id`, `created_date`, `updated_date`, `attachment_status`) VALUES
(1, 'VISITING CARD (1)[1]2.jpg,screencapture-file-manager-thehpanel-auth-2025-04-21-16_00_591.png', 9, 1, '2025-05-03 14:41:32', '0000-00-00 00:00:00', 1),
(2, '8-20-7-19-11-54-7m.jpg,2ea68ec345fad815e2bc3752332e942b.jpg,644d22aae9b6a76d644d4aa9-sing-chuan-art-gallery-horse-art-mix.jpg,61GlUuO8sjL.jpg', 9, 1, '2025-05-03 14:46:07', '0000-00-00 00:00:00', 0);

-- --------------------------------------------------------

--
-- Table structure for table `lead_log`
--

CREATE TABLE `lead_log` (
  `log_id` int(50) NOT NULL,
  `lead_id` int(50) NOT NULL,
  `activity_id` tinyint(1) NOT NULL COMMENT '1-task, 2-attachment, 3-reminder, 4-notes,5-qutation',
  `user_id` int(50) NOT NULL,
  `affected_id` int(50) NOT NULL,
  `action_id` int(50) NOT NULL COMMENT '1-add,2-update,3-delete',
  `details` text NOT NULL,
  `created_date` datetime NOT NULL DEFAULT current_timestamp()
) ENGINE=InnoDB DEFAULT CHARSET=utf8mb4 COLLATE=utf8mb4_general_ci;

--
-- Dumping data for table `lead_log`
--

INSERT INTO `lead_log` (`log_id`, `lead_id`, `activity_id`, `user_id`, `affected_id`, `action_id`, `details`, `created_date`) VALUES
(1, 2, 4, 1, 4, 1, '', '2025-01-29 17:35:04'),
(2, 4, 1, 1, 8, 1, '', '2025-01-29 17:43:11'),
(3, 4, 3, 1, 5, 1, '', '2025-01-29 17:50:01'),
(4, 4, 1, 1, 7, 2, '', '2025-01-29 18:06:17'),
(5, 4, 3, 1, 5, 2, '', '2025-01-29 18:07:13'),
(6, 4, 1, 1, 8, 3, '', '2025-01-29 18:10:11'),
(8, 4, 3, 1, 5, 3, '', '2025-01-29 18:18:18'),
(9, 4, 1, 1, 7, 2, '', '2025-01-29 18:38:18'),
(10, 4, 1, 1, 7, 2, '', '2025-01-29 18:44:45'),
(11, 4, 3, 1, 6, 1, '', '2025-01-29 18:50:16'),
(12, 4, 4, 1, 5, 1, '', '2025-01-29 19:42:07'),
(13, 4, 4, 1, 6, 1, '', '2025-01-29 20:10:49'),
(14, 2, 2, 1, 1, 1, '', '2025-01-30 01:42:05'),
(15, 3, 1, 1, 4, 3, '', '2025-01-30 02:11:09'),
(16, 3, 2, 1, 2, 1, '', '2025-01-30 02:11:27'),
(17, 3, 3, 1, 7, 1, '', '2025-01-30 02:11:57'),
(18, 3, 3, 1, 7, 2, '', '2025-01-30 02:12:10'),
(19, 3, 4, 1, 7, 1, '', '2025-01-30 02:12:32'),
(20, 3, 4, 1, 8, 1, '', '2025-01-30 02:12:32'),
(21, 3, 4, 1, 9, 1, '', '2025-01-30 02:19:44'),
(22, 3, 2, 1, 3, 1, '', '2025-01-30 10:00:51'),
(23, 3, 2, 1, 4, 1, '', '2025-01-30 10:05:01'),
(24, 3, 2, 1, 5, 1, '', '2025-01-30 10:06:40'),
(25, 3, 2, 1, 6, 1, '', '2025-01-30 10:16:45'),
(26, 3, 2, 1, 4, 2, '', '2025-01-30 12:31:58'),
(27, 3, 2, 1, 3, 3, '', '2025-01-30 12:43:05'),
(28, 3, 2, 1, 6, 3, '', '2025-01-30 12:46:43'),
(29, 3, 1, 1, 3, 2, 'No changes made', '2025-01-30 13:01:17'),
(30, 3, 1, 1, 3, 2, '[{\"field\":\"due_date\",\"old_value\":\"2025-02-06 00:00:00\",\"new_value\":\"2025-02-01 06:00:00\"},{\"field\":\"priority\",\"old_value\":\"high\",\"new_value\":\"urgent\"}]', '2025-01-30 13:37:36'),
(31, 3, 3, 1, 7, 2, '[{\"field\":\"reminder_to\",\"old_value\":\"22\",\"new_value\":\"23\"},{\"field\":\"reminder_description\",\"old_value\":\"sfsfcsd ttt\",\"new_value\":\"sfsfcsd ttt eee\"},{\"field\":\"updated_date\",\"old_value\":\"2025-01-30 02:12:10\",\"new_value\":\"2025-01-30 13:46:57\"}]', '2025-01-30 13:46:57'),
(32, 3, 2, 1, 4, 2, '[{\"field\":\"attachment_files\",\"old_value\":\"visual.png,nortan360D4.jpg\",\"new_value\":\"of1.jpg,nortan360D4.jpg\"}]', '2025-01-30 13:52:10'),
(33, 3, 4, 1, 8, 2, '[{\"field\":\"note_msg\",\"old_value\":\"hfhghgnf\",\"new_value\":\"check update function\"},{\"field\":\"updated_at\",\"old_value\":\"0000-00-00 00:00:00\",\"new_value\":\"2025-01-30 15:36:09\"}]', '2025-01-30 15:36:09'),
(34, 3, 2, 1, 4, 2, '[{\"field\":\"attachment_files\",\"old_value\":\"of1.jpg,nortan360D4.jpg\",\"new_value\":\"UltraViewer_setup_6.6.113_en2.exe,nortan360D4.jpg\"}]', '2025-01-30 19:38:04'),
(35, 3, 2, 1, 4, 2, '[{\"field\":\"attachment_files\",\"old_value\":\"UltraViewer_setup_6.6.113_en2.exe,nortan360D4.jpg\",\"new_value\":\"PPT 1 VII The Freedom Fight (1).pdf,nortan360D4.jpg\"}]', '2025-01-30 19:40:09'),
(36, 3, 2, 1, 4, 2, '[{\"field\":\"attachment_files\",\"old_value\":\"PPT 1 VII The Freedom Fight (1).pdf,nortan360D4.jpg\",\"new_value\":\"a4.jpg,nortan360D6.jpg,PPT 1 VII The Freedom Fight (1).pdf,nortan360D4.jpg\"}]', '2025-01-30 19:41:18'),
(37, 3, 2, 1, 7, 1, '', '2025-01-30 19:44:57'),
(38, 5, 5, 1, 24, 1, '', '2025-02-01 23:20:12'),
(39, 5, 5, 1, 1, 2, '', '2025-02-01 23:22:00'),
(40, 5, 4, 1, 10, 1, '', '2025-02-01 23:28:40'),
(41, 5, 5, 1, 25, 1, '', '2025-02-03 21:34:04'),
(42, 5, 5, 1, 26, 1, '', '2025-02-04 08:02:17'),
(43, 5, 5, 1, 27, 1, '', '2025-02-04 08:32:50'),
(44, 5, 5, 1, 28, 1, '', '2025-02-04 09:13:01'),
(45, 5, 5, 1, 29, 1, '', '2025-02-04 09:16:14'),
(46, 5, 1, 1, 9, 1, '', '2025-02-04 12:43:16'),
(47, 5, 1, 1, 9, 2, '[{\"field\":\"task_file\",\"old_value\":\"\",\"new_value\":\"nortan360D1.jpg\"}]', '2025-02-04 12:43:44'),
(48, 5, 1, 1, 9, 2, '[{\"field\":\"task_file\",\"old_value\":\"nortan360D1.jpg\",\"new_value\":\"\"}]', '2025-02-04 12:44:01'),
(49, 5, 2, 1, 8, 1, '', '2025-02-04 12:44:31'),
(50, 5, 3, 1, 8, 1, '', '2025-02-04 12:45:35'),
(51, 5, 5, 1, 30, 1, '', '2025-02-04 13:15:20'),
(53, 6, 5, 1, 31, 1, '', '2025-02-06 06:23:11'),
(54, 0, 5, 1, 32, 1, '', '2025-02-06 06:31:13'),
(55, 6, 5, 1, 33, 1, '', '2025-02-06 06:38:37'),
(56, 6, 5, 1, 35, 1, '', '2025-02-06 06:45:27'),
(57, 6, 5, 1, 1, 2, '', '2025-02-06 08:49:38'),
(58, 7, 5, 1, 36, 1, '', '2025-02-06 20:18:23'),
(59, 6, 5, 1, 37, 1, '', '2025-02-12 17:16:00'),
(60, 6, 5, 1, 1, 2, '', '2025-02-12 18:54:43'),
(61, 6, 4, 1, 11, 1, '', '2025-02-12 19:27:22'),
(62, 6, 4, 1, 11, 2, '[{\"field\":\"note_msg\",\"old_value\":\"<p>Check data<\\/p>\",\"new_value\":\"<p>new data add<\\/p>\"},{\"field\":\"updated_at\",\"old_value\":\"0000-00-00 00:00:00\",\"new_value\":\"2025-02-12 19:27:38\"}]', '2025-02-12 19:27:38'),
(63, 5, 1, 1, 10, 1, '', '2025-02-13 02:22:18'),
(64, 5, 2, 1, 9, 1, '', '2025-02-13 02:54:29'),
(65, 5, 2, 1, 9, 3, '', '2025-02-13 02:54:43'),
(66, 5, 2, 1, 8, 2, '[{\"field\":\"attachment_files\",\"old_value\":\"nortan360D41.jpg\",\"new_value\":\"UltraViewer_setup_6.6.113_en3.exe,nortan360D41.jpg\"}]', '2025-02-13 03:01:39'),
(67, 5, 2, 1, 8, 2, '[{\"field\":\"attachment_files\",\"old_value\":\"UltraViewer_setup_6.6.113_en3.exe,nortan360D41.jpg\",\"new_value\":\"nortan360D41.jpg\"}]', '2025-02-13 03:08:14'),
(68, 5, 2, 1, 10, 1, '', '2025-02-13 03:08:46'),
(69, 5, 2, 1, 10, 2, 'No changes made', '2025-02-13 03:09:14'),
(70, 6, 5, 1, 1, 2, '', '2025-02-13 12:14:13'),
(71, 6, 1, 1, 11, 1, '', '2025-02-13 12:17:59'),
(72, 6, 3, 1, 9, 1, '', '2025-02-13 12:23:17'),
(73, 6, 4, 1, 11, 2, '[{\"field\":\"note_msg\",\"old_value\":\"<p>new data add<\\/p>\",\"new_value\":\"<p><span style=\\\"font-family: &quot;Open Sans&quot;, Arial, sans-serif; letter-spacing: normal; text-align: justify;\\\">t is a long established fact that a reader will be distracted by the readable content of a page when looking at its layout. The point of using Lorem Ipsum is that it has a more-or-less normal distribution of letters, as opposed to using \'Content here, content here\', making it look like readable English. Many desktop publishing packages and web page editors now use Lorem Ipsum as their default model text, and a search for \'lorem ipsum\' will uncover many web sites still in their infancy. Various versions have evolved over the years, sometimes by accident, sometimes on purpose (injected humour and the like).<\\/span><\\/p>\"},{\"field\":\"updated_at\",\"old_value\":\"2025-02-12 19:27:38\",\"new_value\":\"2025-02-13 12:24:22\"}]', '2025-02-13 12:24:22'),
(74, 6, 5, 1, 1, 2, '', '2025-02-13 17:41:16'),
(75, 6, 5, 1, 1, 2, '', '2025-02-13 17:44:18'),
(76, 6, 2, 1, 11, 1, '', '2025-02-13 17:54:27'),
(77, 6, 2, 1, 12, 1, '', '2025-02-13 18:00:21'),
(78, 6, 2, 1, 13, 1, '', '2025-02-13 18:01:57'),
(79, 6, 5, 1, 1, 2, '', '2025-02-14 10:52:12'),
(80, 6, 5, 1, 1, 2, '', '2025-02-14 10:52:39'),
(81, 6, 5, 1, 1, 2, '', '2025-02-17 13:10:50'),
(82, 6, 2, 1, 14, 1, '', '2025-02-17 13:11:12'),
(83, 6, 3, 1, 10, 1, '', '2025-02-17 13:11:38'),
(84, 6, 2, 1, 11, 2, 'No changes made', '2025-02-17 13:12:13'),
(85, 7, 1, 1, 12, 1, '', '2025-02-25 17:22:50'),
(86, 7, 3, 1, 11, 1, '', '2025-02-25 17:23:19'),
(87, 7, 4, 1, 12, 1, '', '2025-02-25 17:23:58'),
(88, 7, 2, 1, 15, 1, '', '2025-02-25 17:25:03'),
(89, 1, 5, 1, 38, 1, '', '2025-04-29 16:19:56'),
(90, 1, 1, 1, 13, 1, '', '2025-04-29 16:22:59'),
(91, 1, 2, 1, 16, 1, '', '2025-04-29 16:26:51'),
(92, 1, 2, 1, 16, 2, '[{\"field\":\"attachment_files\",\"old_value\":\"carrots-beetroot-top-view.jpg,certificate (4).pdf,DateWise_Report.xls\",\"new_value\":\"ADMIN DASHBOARDFMTDC.xlsx,carrots-beetroot-top-view.jpg,certificate (4).pdf\"}]', '2025-04-29 16:27:42'),
(93, 1, 2, 1, 16, 2, 'No changes made', '2025-04-29 16:28:32'),
(94, 1, 2, 1, 16, 3, '', '2025-04-29 16:30:15'),
(95, 1, 3, 1, 12, 1, '', '2025-04-29 16:31:45'),
(96, 1, 3, 1, 12, 3, '', '2025-04-29 16:33:12'),
(97, 1, 4, 1, 13, 1, '', '2025-04-29 16:33:35'),
(98, 1, 4, 1, 13, 2, '[{\"field\":\"note_msg\",\"old_value\":\"<p>test note<\\/p>\",\"new_value\":\"<p>abcd<\\/p>\"},{\"field\":\"updated_at\",\"old_value\":\"0000-00-00 00:00:00\",\"new_value\":\"2025-04-29 16:34:11\"}]', '2025-04-29 16:34:11'),
(99, 9, 1, 1, 14, 1, '', '2025-05-03 14:23:32'),
(100, 9, 1, 1, 14, 2, '[{\"field\":\"task_file\",\"old_value\":\"\",\"new_value\":\"VISITING CARD (1)[1].jpg\"}]', '2025-05-03 14:28:55'),
(101, 9, 1, 1, 14, 2, '[{\"field\":\"task_file\",\"old_value\":\"VISITING CARD (1)[1].jpg\",\"new_value\":\"VISITING CARD (1)[1].jpg,VISITING CARD (1)[1].jpg\"}]', '2025-05-03 14:30:27'),
(102, 9, 2, 1, 17, 1, '', '2025-05-03 14:40:37'),
(103, 9, 2, 1, 18, 1, '', '2025-05-03 14:40:51'),
(104, 9, 2, 1, 1, 1, '', '2025-05-03 14:41:32'),
(105, 9, 2, 1, 1, 2, 'No changes made', '2025-05-03 14:45:37'),
(106, 9, 2, 1, 2, 1, '', '2025-05-03 14:46:07'),
(107, 9, 2, 1, 2, 3, '', '2025-05-03 14:58:47'),
(108, 9, 3, 1, 13, 1, '', '2025-05-03 15:03:43'),
(109, 9, 3, 1, 13, 2, '[{\"field\":\"reminder_description\",\"old_value\":\"hello\",\"new_value\":\"hello 124\"},{\"field\":\"updated_date\",\"old_value\":\"0000-00-00 00:00:00\",\"new_value\":\"2025-05-03 15:05:24\"}]', '2025-05-03 15:05:24'),
(110, 9, 3, 1, 13, 3, '', '2025-05-03 15:05:30'),
(111, 9, 3, 1, 14, 1, '', '2025-05-03 15:06:08'),
(112, 9, 3, 1, 14, 3, '', '2025-05-03 15:07:18'),
(113, 9, 3, 1, 15, 1, '', '2025-05-03 15:18:06'),
(114, 9, 4, 1, 14, 1, '', '2025-05-03 17:47:53'),
(115, 9, 4, 1, 14, 2, '[{\"field\":\"note_msg\",\"old_value\":\"hello\",\"new_value\":\"<p>dsdsd<\\/p>\"},{\"field\":\"updated_at\",\"old_value\":\"0000-00-00 00:00:00\",\"new_value\":\"2025-05-03 17:54:48\"}]', '2025-05-03 17:54:48'),
(116, 9, 4, 1, 14, 2, '[{\"field\":\"note_msg\",\"old_value\":\"<p>dsdsd<\\/p>\",\"new_value\":\"<p>kp<\\/p>\"},{\"field\":\"updated_at\",\"old_value\":\"2025-05-03 17:54:48\",\"new_value\":\"2025-05-03 18:14:55\"}]', '2025-05-03 18:14:56');

-- --------------------------------------------------------

--
-- Table structure for table `lead_mode_tbl`
--

CREATE TABLE `lead_mode_tbl` (
  `mode_id` int(50) NOT NULL,
  `mode_name` varchar(100) NOT NULL,
  `status` tinyint(1) NOT NULL DEFAULT 1 COMMENT '1-Active, 0-De-active',
  `added_date` datetime NOT NULL DEFAULT current_timestamp()
) ENGINE=InnoDB DEFAULT CHARSET=utf8mb4 COLLATE=utf8mb4_general_ci;

--
-- Dumping data for table `lead_mode_tbl`
--

INSERT INTO `lead_mode_tbl` (`mode_id`, `mode_name`, `status`, `added_date`) VALUES
(1, 'Qualified', 1, '2025-01-27 22:41:30'),
(2, 'Proposal Sent', 1, '2025-01-27 22:41:45'),
(3, 'Converted Lead', 1, '2025-01-27 22:42:00'),
(4, 'Lost Lead', 1, '2025-01-27 22:42:00');

-- --------------------------------------------------------

--
-- Table structure for table `lead_note`
--

CREATE TABLE `lead_note` (
  `note_id` int(50) NOT NULL,
  `note_msg` text NOT NULL,
  `touch_lead` varchar(100) NOT NULL,
  `contacted_lead` varchar(100) NOT NULL,
  `lead_id` int(50) NOT NULL,
  `op_user_id` int(50) NOT NULL,
  `created_at` datetime NOT NULL DEFAULT current_timestamp(),
  `updated_at` datetime NOT NULL,
  `note_status` tinyint(1) NOT NULL DEFAULT 1 COMMENT '1-active,0-de-active'
) ENGINE=InnoDB DEFAULT CHARSET=utf8mb4 COLLATE=utf8mb4_general_ci;

--
-- Dumping data for table `lead_note`
--

INSERT INTO `lead_note` (`note_id`, `note_msg`, `touch_lead`, `contacted_lead`, `lead_id`, `op_user_id`, `created_at`, `updated_at`, `note_status`) VALUES
(1, 'My test note', 'on', 'off', 2, 1, '2025-01-29 17:12:32', '0000-00-00 00:00:00', 1),
(2, 'new note is added', 'on', 'on', 2, 1, '2025-01-29 17:26:41', '0000-00-00 00:00:00', 1),
(3, 'fghfgjnb gfh', 'on', 'on', 2, 1, '2025-01-29 17:30:36', '0000-00-00 00:00:00', 1),
(4, 'new check data for log', 'off', 'off', 2, 1, '2025-01-29 17:35:04', '0000-00-00 00:00:00', 1),
(5, 'attend meeting', 'off', 'off', 4, 1, '2025-01-29 19:42:07', '0000-00-00 00:00:00', 1),
(6, 'Code for login is done', 'off', 'off', 4, 1, '2025-01-29 20:10:49', '0000-00-00 00:00:00', 1),
(7, 'hfhghgnf', 'off', 'off', 3, 1, '2025-01-30 02:12:32', '0000-00-00 00:00:00', 1),
(8, 'check update function', 'off', 'off', 3, 1, '2025-01-30 02:12:32', '2025-01-30 15:36:09', 1),
(9, 'check note', 'off', 'off', 3, 1, '2025-01-30 02:19:44', '0000-00-00 00:00:00', 1),
(10, '<p>Firat Note Added</p>', 'off', 'off', 5, 1, '2025-02-01 23:28:40', '0000-00-00 00:00:00', 1),
(11, '<p><span style=\"font-family: &quot;Open Sans&quot;, Arial, sans-serif; letter-spacing: normal; text-align: justify;\">t is a long established fact that a reader will be distracted by the readable content of a page when looking at its layout. The point of using Lorem Ipsum is that it has a more-or-less normal distribution of letters, as opposed to using \'Content here, content here\', making it look like readable English. Many desktop publishing packages and web page editors now use Lorem Ipsum as their default model text, and a search for \'lorem ipsum\' will uncover many web sites still in their infancy. Various versions have evolved over the years, sometimes by accident, sometimes on purpose (injected humour and the like).</span></p>', 'off', 'off', 6, 1, '2025-02-12 19:27:22', '2025-02-13 12:24:22', 1),
(12, '<p>Testttttttttttttttttttttttt</p>', 'off', 'off', 7, 1, '2025-02-25 17:23:58', '0000-00-00 00:00:00', 1),
(13, '<p>abcd</p>', 'off', 'off', 1, 1, '2025-04-29 16:33:35', '2025-04-29 16:34:11', 1),
(14, '<p>kp</p>', 'off', 'off', 9, 1, '2025-05-03 17:47:53', '2025-05-03 18:14:55', 1);

-- --------------------------------------------------------

--
-- Table structure for table `lead_praposals`
--

CREATE TABLE `lead_praposals` (
  `lp_id` int(11) NOT NULL,
  `lead_name` varchar(255) DEFAULT NULL,
  `project` text NOT NULL,
  `invoice_number` varchar(10) NOT NULL,
  `subject` varchar(255) NOT NULL,
  `related` int(11) NOT NULL,
  `lead` int(11) NOT NULL,
  `customer` int(11) NOT NULL,
  `date` date NOT NULL,
  `open_till` date NOT NULL,
  `discount_type` int(11) NOT NULL,
  `tags` text NOT NULL,
  `pl_status` int(11) NOT NULL,
  `lp_to` varchar(255) NOT NULL,
  `address` text NOT NULL,
  `state` int(11) NOT NULL,
  `city` int(11) NOT NULL,
  `zip_code` varchar(50) NOT NULL,
  `email` varchar(100) NOT NULL,
  `phone` varchar(50) NOT NULL,
  `add_item_id` int(11) NOT NULL,
  `add_item` int(11) NOT NULL,
  `show_quantity_as` varchar(50) NOT NULL,
  `item` varchar(255) NOT NULL,
  `description` text NOT NULL,
  `qty` int(11) NOT NULL,
  `tax` varchar(50) NOT NULL,
  `amount` double NOT NULL,
  `sub_total` double NOT NULL,
  `totalgst` double NOT NULL,
  `total_amount` double NOT NULL,
  `discount` double NOT NULL,
  `adjustment` int(11) NOT NULL,
  `assigned` int(11) NOT NULL,
  `total` double NOT NULL,
  `attachment` text NOT NULL,
  `template_id` text NOT NULL,
  `custom_template_id` int(50) NOT NULL,
  `updated_date` datetime NOT NULL DEFAULT current_timestamp(),
  `lead_id` int(11) NOT NULL,
  `created_by` int(11) NOT NULL,
  `created_date` datetime NOT NULL DEFAULT current_timestamp(),
  `status` enum('1','0') NOT NULL DEFAULT '1'
) ENGINE=InnoDB DEFAULT CHARSET=latin1 COLLATE=latin1_swedish_ci;

--
-- Dumping data for table `lead_praposals`
--

INSERT INTO `lead_praposals` (`lp_id`, `lead_name`, `project`, `invoice_number`, `subject`, `related`, `lead`, `customer`, `date`, `open_till`, `discount_type`, `tags`, `pl_status`, `lp_to`, `address`, `state`, `city`, `zip_code`, `email`, `phone`, `add_item_id`, `add_item`, `show_quantity_as`, `item`, `description`, `qty`, `tax`, `amount`, `sub_total`, `totalgst`, `total_amount`, `discount`, `adjustment`, `assigned`, `total`, `attachment`, `template_id`, `custom_template_id`, `updated_date`, `lead_id`, `created_by`, `created_date`, `status`) VALUES
(25, NULL, '', 'IVN715033', 'Qt1', 0, 0, 0, '2025-02-03', '2025-02-13', 0, '', 1, 'Ajay Sharma', '', 31, 0, '', 'ajay@gmail.com', '7655848834', 0, 18, '1', '', '', 0, '', 0, 89285.71, 10714.29, 100000, 0, 0, 22, 0, '', '18', 0, '2025-02-03 21:34:04', 5, 0, '2025-02-03 21:34:04', '1'),
(26, NULL, '', 'IVN130322', 'Qt2', 0, 0, 0, '2025-02-04', '2025-02-14', 0, '', 1, 'Ajay Sharma', '', 6, 0, '', 'ajay@gmail.com', '7655848834', 0, 16, '1', '', '', 0, '', 0, 11, 0, 11, 0, 0, 23, 0, '', '1', 0, '2025-02-04 08:02:17', 5, 0, '2025-02-04 08:02:17', '1'),
(27, NULL, '', 'IVN339553', 'Task Data2', 0, 0, 0, '2025-02-04', '2025-02-14', 0, '', 1, 'Ajay Sharma', '', 7, 0, '', 'ajay@gmail.com', '7655848834', 0, 2, '1', '', '', 0, '', 0, 94.07, 16.93, 111, 0, 0, 23, 0, '', '2', 0, '2025-02-04 08:32:50', 5, 0, '2025-02-04 08:32:50', '1'),
(28, NULL, '', 'IVN583512', 'QT6', 0, 0, 0, '2025-02-04', '2025-02-14', 0, '', 1, 'Ajay Sharma', '', 7, 0, '', 'ajay@gmail.com', '7655848834', 0, 3, '1', '', '', 0, '', 0, 94.07, 16.93, 111, 0, 0, 23, 0, '', '1', 0, '2025-02-04 09:13:01', 5, 0, '2025-02-04 09:13:01', '1'),
(29, NULL, '', 'IVN152178', 'Qt66', 0, 0, 0, '2025-02-04', '2025-02-14', 0, '', 1, 'Ajay Sharma', '', 7, 0, '', 'ajay@gmail.com', '7655848834', 0, 14, '1', '', '', 0, '', 0, 94.07, 16.93, 111, 0, 0, 24, 0, '', '18', 0, '2025-02-04 09:16:14', 5, 0, '2025-02-04 09:16:14', '1'),
(30, NULL, '', 'IVN451133', 'rrrrr', 0, 0, 0, '2025-02-04', '2025-02-14', 0, '', 1, 'Ajay Sharma', '', 30, 0, '', 'ajay@gmail.com', '7655848834', 0, 11, '1', '', '', 0, '', 0, 94.07, 16.93, 111, 0, 0, 22, 0, '', '2', 0, '2025-02-04 13:15:20', 5, 0, '2025-02-04 13:15:20', '1'),
(32, NULL, '', 'IVN871050', 'Q6L6', 0, 0, 0, '2025-02-06', '2025-02-16', 0, '', 1, 'Vikas', '', 29, 0, '', '', '8799087654', 0, 27, '1', '', '', 0, '', 0, 892.86, 107.14, 1000, 0, 0, 23, 0, '', '1', 0, '2025-02-06 06:31:13', 0, 0, '2025-02-06 06:31:13', '1'),
(33, NULL, '', 'IVN267375', 'heck Qt', 0, 0, 0, '2025-02-06', '2025-02-16', 0, '', 1, 'Vikas', '', 6, 0, '', '', '8799087654', 0, 0, '1', '', '', 0, '', 0, 1000, 152.54, 1152.54, 0, 0, 22, 0, '', '2', 0, '2025-02-06 06:38:35', 6, 0, '2025-02-06 06:38:35', '1'),
(34, NULL, '', 'IVN892440', 'Qt p1l6', 0, 0, 0, '2025-02-06', '2025-02-16', 0, '', 1, 'Vikas', '', 32, 0, '', '', '8799087654', 0, 18, '1', '', '', 0, '', 0, 8928.57, 1071.43, 10000, 0, 0, 23, 0, '', '18', 0, '2025-02-06 06:42:38', 6, 0, '2025-02-06 06:42:38', '1'),
(35, NULL, '', 'IVN858543', 'Ch 777', 0, 0, 0, '2025-02-06', '2025-02-16', 0, '', 1, 'Vikas', '', 1, 0, '', '', '8799087654', 0, 0, '1', '', '', 0, '', 0, 1000, 152.54, 1152.54, 0, 0, 22, 0, '', '2', 0, '2025-02-06 06:45:27', 6, 0, '2025-02-06 06:45:27', '1'),
(36, NULL, '', 'IVN971760', 'Qut1', 0, 0, 0, '2025-02-06', '2025-02-16', 0, '', 1, 'Anil Sharma', '', 2, 0, '', '', '7684536734', 0, 12, '1', '', '', 0, '', 0, 84.75, 15.25, 100, 0, 0, 22, 0, '', '1', 0, '2025-02-06 20:18:23', 7, 0, '2025-02-06 20:18:23', '1'),
(37, NULL, '', 'IVN376660', 'Pro11', 0, 0, 0, '2025-02-12', '2025-02-22', 1, '', 1, 'Vikas', '', 2, 0, '', '', '8799087654', 0, 0, '1', '', '', 0, '', 0, 2200, 283.19, 2090, 110, 0, 22, 0, '', '18', 0, '2025-02-12 17:16:00', 6, 0, '2025-02-12 17:16:00', '1');

-- --------------------------------------------------------

--
-- Table structure for table `lead_remark`
--

CREATE TABLE `lead_remark` (
  `lr_id` int(50) NOT NULL,
  `remark` text DEFAULT NULL,
  `lead_id` int(50) DEFAULT NULL,
  `added_by` varchar(255) DEFAULT NULL,
  `added_on` timestamp NOT NULL DEFAULT current_timestamp() ON UPDATE current_timestamp()
) ENGINE=InnoDB DEFAULT CHARSET=utf8mb4 COLLATE=utf8mb4_general_ci;

--
-- Dumping data for table `lead_remark`
--

INSERT INTO `lead_remark` (`lr_id`, `remark`, `lead_id`, `added_by`, `added_on`) VALUES
(1, 'hello', 9, '1', '2025-05-03 08:34:21'),
(2, 'hi', 9, '1', '2025-05-03 08:35:08'),
(3, 'how r u', 9, '1', '2025-05-03 08:50:43');

-- --------------------------------------------------------

--
-- Table structure for table `lead_reminder`
--

CREATE TABLE `lead_reminder` (
  `reminder_id` int(50) NOT NULL,
  `lead_id` int(50) NOT NULL,
  `reminder_date` datetime NOT NULL,
  `reminder_to` int(50) NOT NULL,
  `reminder_description` text NOT NULL,
  `send_email_reminder` varchar(50) NOT NULL,
  `user_id` int(50) NOT NULL,
  `created_date` datetime NOT NULL DEFAULT current_timestamp(),
  `updated_date` datetime NOT NULL,
  `reminder_status` tinyint(1) NOT NULL DEFAULT 1 COMMENT '1-active, 0-de-active'
) ENGINE=InnoDB DEFAULT CHARSET=utf8mb4 COLLATE=utf8mb4_general_ci;

--
-- Dumping data for table `lead_reminder`
--

INSERT INTO `lead_reminder` (`reminder_id`, `lead_id`, `reminder_date`, `reminder_to`, `reminder_description`, `send_email_reminder`, `user_id`, `created_date`, `updated_date`, `reminder_status`) VALUES
(1, 2, '2025-01-29 18:46:00', 23, 'test data', 'on', 0, '2025-01-29 14:46:25', '2025-01-29 16:49:00', 1),
(2, 2, '2025-01-30 19:26:00', 24, 'login failed msg ', 'on', 0, '2025-01-29 15:26:29', '2025-01-29 16:48:27', 1),
(5, 4, '2025-01-30 10:49:00', 23, 'Client meeting schudle for all', 'on', 0, '2025-01-29 17:50:01', '2025-01-29 18:18:18', 0),
(6, 4, '2025-01-30 09:48:00', 23, 'hhhh', 'on', 0, '2025-01-29 18:50:16', '0000-00-00 00:00:00', 1),
(7, 3, '2025-01-31 08:11:00', 23, 'sfsfcsd ttt eee', 'on', 1, '2025-01-30 02:11:57', '2025-01-30 13:46:57', 1),
(8, 5, '2025-02-05 09:44:00', 25, 'Developemnt in login failed', 'on', 1, '2025-02-04 12:45:35', '0000-00-00 00:00:00', 1),
(9, 6, '2025-02-13 12:23:00', 22, 'dfsf', 'on', 1, '2025-02-13 12:23:17', '0000-00-00 00:00:00', 1),
(10, 6, '2025-02-17 13:11:00', 1, 'abc', 'on', 1, '2025-02-17 13:11:38', '0000-00-00 00:00:00', 1),
(11, 7, '2025-02-25 17:23:00', 1, 'Test', 'on', 1, '2025-02-25 17:23:19', '0000-00-00 00:00:00', 1),
(12, 1, '2025-04-30 16:31:00', 29, 'test remainder', 'on', 1, '2025-04-29 16:31:45', '2025-04-29 16:33:12', 0),
(13, 9, '2025-05-22 15:03:00', 23, 'hello 124', 'on', 1, '2025-05-03 15:03:42', '2025-05-03 15:05:30', 0),
(14, 9, '2025-05-15 15:06:00', 25, 'heelo', 'on', 1, '2025-05-03 15:06:08', '2025-05-03 15:07:18', 0),
(15, 9, '2025-05-16 15:17:00', 25, 'hello', 'on', 1, '2025-05-03 15:18:03', '0000-00-00 00:00:00', 1);

-- --------------------------------------------------------

--
-- Table structure for table `lead_source`
--

CREATE TABLE `lead_source` (
  `source_id` int(50) NOT NULL,
  `lead_source` varchar(100) DEFAULT NULL,
  `source_status` tinyint(1) NOT NULL DEFAULT 1,
  `source_added_on` timestamp NOT NULL DEFAULT current_timestamp() ON UPDATE current_timestamp()
) ENGINE=InnoDB DEFAULT CHARSET=utf8mb4 COLLATE=utf8mb4_general_ci;

--
-- Dumping data for table `lead_source`
--

INSERT INTO `lead_source` (`source_id`, `lead_source`, `source_status`, `source_added_on`) VALUES
(1, 'Website', 1, '2024-06-25 06:53:47'),
(2, 'Whatsapp', 1, '2024-06-25 06:54:03'),
(3, 'Social Media', 1, '2024-06-25 06:54:32'),
(4, 'Other', 1, '2024-06-25 06:54:15'),
(5, 'Test Source', 1, '2025-01-27 14:07:24'),
(6, 'Source11', 1, '2025-01-27 14:08:49'),
(7, 'Partner', 1, '2025-01-27 17:52:28'),
(8, 'Source11111', 1, '2025-02-12 05:44:27'),
(9, 'New LS', 1, '2025-02-12 06:51:27'),
(10, 'New LeadS', 1, '2025-02-12 06:51:52'),
(11, 'LeadS11', 1, '2025-02-12 20:09:14'),
(12, 'Walkin', 1, '2025-04-29 10:04:49');

-- --------------------------------------------------------

--
-- Table structure for table `lead_status`
--

CREATE TABLE `lead_status` (
  `is_id` int(11) NOT NULL,
  `name` varchar(255) NOT NULL,
  `created_date` datetime NOT NULL DEFAULT current_timestamp(),
  `updated_date` datetime NOT NULL,
  `status` enum('1','0') NOT NULL DEFAULT '1'
) ENGINE=InnoDB DEFAULT CHARSET=latin1 COLLATE=latin1_swedish_ci;

--
-- Dumping data for table `lead_status`
--

INSERT INTO `lead_status` (`is_id`, `name`, `created_date`, `updated_date`, `status`) VALUES
(1, 'In Progress', '2022-04-25 13:15:19', '0000-00-00 00:00:00', '1'),
(2, 'Proposal Sent ', '2022-05-16 13:01:39', '0000-00-00 00:00:00', '1'),
(3, 'Convert to Business', '2022-07-11 17:34:30', '0000-00-00 00:00:00', '1'),
(4, 'NRC', '2022-07-11 17:34:56', '0000-00-00 00:00:00', '1'),
(5, 'Fake Lead ', '2022-07-11 17:35:05', '0000-00-00 00:00:00', '1'),
(6, 'On Hold', '2022-07-22 18:59:34', '0000-00-00 00:00:00', '1'),
(8, 'New Lead', '2025-01-27 22:12:55', '0000-00-00 00:00:00', '1'),
(9, 'Status33', '2025-02-12 11:10:11', '0000-00-00 00:00:00', '1'),
(10, 'status554', '2025-02-12 11:12:05', '0000-00-00 00:00:00', '1'),
(11, 'Waiting for reply From client', '2025-04-29 15:33:11', '0000-00-00 00:00:00', '1');

-- --------------------------------------------------------

--
-- Table structure for table `lead_task`
--

CREATE TABLE `lead_task` (
  `task_id` int(50) NOT NULL,
  `lead_id` int(50) NOT NULL,
  `subject` varchar(100) NOT NULL,
  `start_date` datetime NOT NULL,
  `due_date` datetime NOT NULL,
  `priority` varchar(100) NOT NULL,
  `task_file` varchar(255) NOT NULL,
  `task_description` text NOT NULL,
  `user_id` int(50) NOT NULL,
  `task_status` tinyint(1) NOT NULL DEFAULT 1 COMMENT '1-Active,0-De-active',
  `created_on` datetime NOT NULL DEFAULT current_timestamp()
) ENGINE=InnoDB DEFAULT CHARSET=utf8mb4 COLLATE=utf8mb4_general_ci;

--
-- Dumping data for table `lead_task`
--

INSERT INTO `lead_task` (`task_id`, `lead_id`, `subject`, `start_date`, `due_date`, `priority`, `task_file`, `task_description`, `user_id`, `task_status`, `created_on`) VALUES
(1, 2, 'Task data1', '2025-01-29 00:00:00', '2025-02-06 00:00:00', 'medium', '', 'sample task data', 0, 1, '2025-01-28 17:39:36'),
(2, 2, 'Task1', '2025-01-31 00:00:00', '2025-02-03 00:00:00', 'high', '', 'Test task data again', 0, 1, '2025-01-28 17:44:34'),
(3, 3, 'Task Data2', '2025-01-30 00:00:00', '2025-02-01 06:00:00', 'urgent', 'mcafeeav.jpg', 'data check for lead 3 task id is 3 on urgent', 1, 1, '2025-01-28 18:39:22'),
(4, 3, 'Task1', '2025-01-28 13:30:00', '2025-01-30 12:30:00', 'urgent', 'qh1.jpg', 'Need immediate action', 0, 0, '2025-01-29 12:31:20'),
(5, 2, 'Task1', '2025-01-27 13:59:00', '2025-02-09 16:04:00', 'low', '', 'Data gathering process going on', 0, 1, '2025-01-29 13:00:09'),
(6, 2, 'Sample Subject', '2025-01-29 13:02:00', '2025-01-31 13:02:00', 'medium', '', '', 0, 1, '2025-01-29 13:02:23'),
(7, 4, 'Lead 4 Task1', '2025-01-30 17:39:00', '2025-01-31 19:40:00', 'high', 'Parent Type 4_2024-08-08_1723086110.pdf', 'Urgent work', 1, 1, '2025-01-29 17:40:36'),
(8, 4, 'task2', '2025-01-21 17:42:00', '2025-01-31 17:43:00', 'low', '', 'sdf', 1, 0, '2025-01-29 17:43:11'),
(9, 5, 'Task1', '2025-02-05 14:42:00', '2025-02-07 15:43:00', 'medium', '', '', 1, 1, '2025-02-04 12:43:16'),
(10, 5, 'New T11', '2025-02-13 02:21:00', '2025-02-14 02:21:00', 'low', '3.jpg,birds1.png', '', 1, 1, '2025-02-13 02:22:18'),
(11, 6, 'Task 1', '2025-02-13 12:16:00', '2025-02-02 12:16:00', 'low', 'TC_DOS.exe.intermediate.manifest', 'dtere', 1, 1, '2025-02-13 12:17:59'),
(12, 7, 'Test', '2025-02-25 17:22:00', '2025-02-26 17:22:00', 'low', '', 'Abc', 1, 1, '2025-02-25 17:22:50'),
(13, 1, 'test mail', '2025-04-30 16:22:00', '2025-05-02 16:22:00', 'medium', 'carrots-beetroot-top-view.jpg', 'test email function', 1, 1, '2025-04-29 16:22:59'),
(14, 9, 'demo', '2025-05-10 14:23:00', '2025-05-17 14:23:00', 'medium', 'VISITING CARD (1)[1].jpg,VISITING CARD (1)[1].jpg', '', 1, 1, '2025-05-03 14:23:32');

-- --------------------------------------------------------

--
-- Table structure for table `lead_type`
--

CREATE TABLE `lead_type` (
  `lt_id` int(50) NOT NULL,
  `lead_type` varchar(50) DEFAULT NULL,
  `lead_type_color` varchar(50) DEFAULT NULL,
  `lt_added_on` timestamp NOT NULL DEFAULT current_timestamp() ON UPDATE current_timestamp()
) ENGINE=InnoDB DEFAULT CHARSET=utf8mb4 COLLATE=utf8mb4_general_ci;

--
-- Dumping data for table `lead_type`
--

INSERT INTO `lead_type` (`lt_id`, `lead_type`, `lead_type_color`, `lt_added_on`) VALUES
(1, 'Walk In Visit', 'Blue', '2024-12-17 07:08:40'),
(2, 'Visit', 'Yellow', '2024-12-17 06:39:51');

-- --------------------------------------------------------

--
-- Table structure for table `leave_types`
--

CREATE TABLE `leave_types` (
  `type_id` int(14) NOT NULL,
  `name` varchar(64) NOT NULL,
  `leave_day` varchar(255) NOT NULL,
  `status` tinyint(1) NOT NULL DEFAULT 1
) ENGINE=InnoDB DEFAULT CHARSET=latin1 COLLATE=latin1_swedish_ci;

--
-- Dumping data for table `leave_types`
--

INSERT INTO `leave_types` (`type_id`, `name`, `leave_day`, `status`) VALUES
(1, 'Casual Leave', '21', 1),
(2, 'Sick Leave', '15', 1),
(3, 'Maternity Leave', '90', 1),
(4, 'Paternal Leave', '7', 1),
(5, 'Earned leave', '', 1),
(7, 'Public Holiday', '', 1),
(8, 'Optional Leave', '', 1),
(9, 'Leave without Pay', '', 1);

-- --------------------------------------------------------

--
-- Table structure for table `op_user`
--

CREATE TABLE `op_user` (
  `op_user_id` bigint(20) NOT NULL,
  `device_id` text NOT NULL,
  `user_name` varchar(30) DEFAULT NULL,
  `email` varchar(30) DEFAULT NULL,
  `contact_no` varchar(30) DEFAULT NULL,
  `phone_no` varchar(30) DEFAULT NULL,
  `address` varchar(50) DEFAULT NULL,
  `aadhar_no` varchar(30) DEFAULT NULL,
  `pan_no` varchar(30) DEFAULT NULL,
  `role_id` bigint(20) NOT NULL DEFAULT 0,
  `user_id` varchar(30) DEFAULT NULL,
  `password` text DEFAULT NULL,
  `company_id` int(11) NOT NULL DEFAULT 0,
  `map_with` enum('B','F') NOT NULL DEFAULT 'B',
  `map_with_id` varchar(222) DEFAULT NULL,
  `profile_photo` text DEFAULT NULL,
  `account_name` varchar(30) DEFAULT NULL,
  `account_no` varchar(30) DEFAULT NULL,
  `bank_name` varchar(30) DEFAULT NULL,
  `branch_name` varchar(30) DEFAULT NULL,
  `ifsc_code` varchar(30) DEFAULT NULL,
  `swift_code` varchar(30) DEFAULT NULL,
  `status` enum('0','1') NOT NULL DEFAULT '0',
  `added_on` timestamp NULL DEFAULT current_timestamp(),
  `deactivation_date` date DEFAULT NULL,
  `flag` enum('0','1') NOT NULL DEFAULT '0' COMMENT '1=>enabled;0=>disabled;',
  `first_login` text DEFAULT NULL,
  `logout_time` datetime DEFAULT NULL,
  `emp_pin` varchar(50) DEFAULT NULL,
  `blood` text DEFAULT NULL,
  `gender` text DEFAULT NULL,
  `dob` text DEFAULT NULL,
  `designation_id` varchar(11) DEFAULT NULL,
  `joindate` date DEFAULT NULL,
  `leavedate` date DEFAULT NULL,
  `account_type` varchar(100) DEFAULT NULL,
  `fcm_notification` text NOT NULL
) ENGINE=InnoDB DEFAULT CHARSET=latin1 COLLATE=latin1_swedish_ci;

--
-- Dumping data for table `op_user`
--

INSERT INTO `op_user` (`op_user_id`, `device_id`, `user_name`, `email`, `contact_no`, `phone_no`, `address`, `aadhar_no`, `pan_no`, `role_id`, `user_id`, `password`, `company_id`, `map_with`, `map_with_id`, `profile_photo`, `account_name`, `account_no`, `bank_name`, `branch_name`, `ifsc_code`, `swift_code`, `status`, `added_on`, `deactivation_date`, `flag`, `first_login`, `logout_time`, `emp_pin`, `blood`, `gender`, `dob`, `designation_id`, `joindate`, `leavedate`, `account_type`, `fcm_notification`) VALUES
(1, 'dmMf1nrBmJI:APA91bGAo6Fv723WBPP1Q2dlRyfndckoPyXcj04q7wpRpZqkD-HEsftCukEYHQjpED4zCmpGanlQ4rX1gY90nt6vjTyrmLyg2ItY2SfjV9IFDZWTAdlfn1bOHgh8p_77FUJV3p4ZNy6W', 'Helloo', 'support@microlan.in', '8536956223', NULL, 'abc', '', '', 1, 'superadminit', 'ed2b1f468c5f915f3f1cf75d7068baae', 1, 'B', '1', '', '', '', '', '', '', '', '1', '2020-04-02 02:06:15', NULL, '1', '2020-10-31 02:28:27', '2025-04-29 06:25:15', NULL, NULL, NULL, NULL, '5', NULL, NULL, NULL, 'e8KG-w2CQrmnPm88gYJOIt:APA91bFTva3dXpk0dqaZJC7LtYh6aui4NLoc1-uovGAKO6GTGuyy5SN7CKlWvHLYtVKiJ6DftfCS81ywtClFAEF2lG1dKvrGL9iqUqaqOjthK4HdW4IOgL0'),
(22, '', 'vaibhavi', 'vaibhavi.more@microlan.in', '9850231806', NULL, '', '', '', 2, 'vaibhavi', 'ed2b1f468c5f915f3f1cf75d7068baae', 0, 'B', '1', '', '', '', '', '', '', '', '1', '2024-10-30 19:29:30', NULL, '1', '2024-11-25 10:13:04', '2025-01-24 05:28:07', NULL, 'A+', 'Female', '2024-11-24', '5', '2024-11-24', '0000-00-00', NULL, 'e8KG-w2CQrmnPm88gYJOIt:APA91bFTva3dXpk0dqaZJC7LtYh6aui4NLoc1-uovGAKO6GTGuyy5SN7CKlWvHLYtVKiJ6DftfCS81ywtClFAEF2lG1dKvrGL9iqUqaqOjthK4HdW4IOgL0'),
(23, '', 'suvarna ', 'suvarna.ilag@microlan.in', '9850231807', NULL, 'dfefcd\r\nfsdfsd', '', '', 2, 'suvarna@gmail.com', 'd41d8cd98f00b204e9800998ecf8427e', 0, 'B', '1', '', '', '', '', '', '', '', '1', '2024-11-26 18:04:38', NULL, '0', '2024-11-27 13:50:26', '0000-00-00 00:00:00', NULL, NULL, NULL, NULL, NULL, NULL, NULL, NULL, ''),
(24, '', 'Tanvi', 'tanvi@gmail.com', '1212121212', NULL, '   dfsdf', '', '', 22, 'tanvi', '81dc9bdb52d04dc20036dbd8313ed055', 0, 'B', NULL, '886476719SC.jpg', '', '', '', '', '', '', '1', '2024-12-01 20:27:57', NULL, '0', NULL, NULL, NULL, NULL, NULL, NULL, '5', NULL, NULL, NULL, ''),
(25, '', 'krutika', 'krutika.patel@microlan.in', '9999999777', NULL, '   ', '', '', 2, 'pk12345', 'd41d8cd98f00b204e9800998ecf8427e', 0, 'B', NULL, '', 'kp', '12345645679076', 'SBI', 'Kharghar', '', '', '1', '2024-12-14 06:16:29', NULL, '0', NULL, NULL, '', '', '', '', '13', '0000-00-00', '0000-00-00', 'savings', ''),
(27, '', 'Tejas', 'shazi.khatoon@microlan.in', '9838928198', NULL, 'check the data for api', '545412348989', 'BO989L4', 24, 'tejas', 'ed2b1f468c5f915f3f1cf75d7068baae', 0, 'B', NULL, '', '', '', '', '', '', '', '1', '2025-01-25 10:23:26', NULL, '0', NULL, NULL, NULL, NULL, NULL, NULL, '13', NULL, NULL, NULL, ''),
(28, '', 'Sonali', 'abc12@gmail.com', '785952365', NULL, '   ', '', '', 2, 'test123', 'd41d8cd98f00b204e9800998ecf8427e', 0, 'B', NULL, '', '', '', '', '', '', '', '1', '2025-02-15 07:23:33', NULL, '0', NULL, NULL, NULL, NULL, NULL, NULL, '7', NULL, NULL, NULL, ''),
(29, '', 'suvarna', 'suvarna@mailinator.com', '98765432100', NULL, '  Thane west', '123456567788877', 'ACDSET5567', 26, 'suvarna@mailinator.com', '25d55ad283aa400af464c76d713c07ad', 0, 'B', NULL, '1666140178VISITING CARD (1)[1].jpg', 'test', '5564634', 'sbi', 'thane', '566727347', '6364632', '1', '2025-04-24 12:52:52', NULL, '0', NULL, NULL, NULL, NULL, NULL, NULL, '13', NULL, NULL, NULL, '');

-- --------------------------------------------------------

--
-- Table structure for table `op_user_role`
--

CREATE TABLE `op_user_role` (
  `role_id` bigint(20) NOT NULL,
  `role_name` varchar(30) NOT NULL,
  `flag` enum('0','1') NOT NULL DEFAULT '1',
  `permission` text DEFAULT NULL,
  `is_for_employee` enum('0','1') NOT NULL DEFAULT '0' COMMENT '0=>show to all; 1=>for branch only',
  `is_ho_user` enum('0','1') NOT NULL DEFAULT '0' COMMENT '1=>Head Office user;0=>No HO;'
) ENGINE=InnoDB DEFAULT CHARSET=latin1 COLLATE=latin1_swedish_ci;

--
-- Dumping data for table `op_user_role`
--

INSERT INTO `op_user_role` (`role_id`, `role_name`, `flag`, `permission`, `is_for_employee`, `is_ho_user`) VALUES
(1, 'Superadmin', '0', 'a:73:{i:0;s:12:\"add_new_user\";i:1;s:9:\"edit_user\";i:2;s:11:\"delete_user\";i:3;s:9:\"user_list\";i:4;s:13:\"add_user_role\";i:5;s:14:\"edit_user_role\";i:6;s:16:\"delete_user_role\";i:7;s:14:\"user_role_list\";i:8;s:15:\"add_new_product\";i:9;s:12:\"edit_product\";i:10;s:14:\"delete_product\";i:11;s:12:\"product_list\";i:12;s:16:\"add_new_category\";i:13;s:13:\"edit_category\";i:14;s:15:\"delete_category\";i:15;s:13:\"category_list\";i:16;s:20:\"add_new_sub_category\";i:17;s:17:\"edit_sub_category\";i:18;s:19:\"delete_sub_category\";i:19;s:17:\"sub_category_list\";i:20;s:22:\"add_new_child_category\";i:21;s:19:\"edit_child_category\";i:22;s:21:\"delete_child_category\";i:23;s:19:\"child_category_list\";i:24;s:12:\"customer_add\";i:25;s:13:\"edit_customer\";i:26;s:15:\"delete_customer\";i:27;s:13:\"customer_list\";i:28;s:11:\"project_add\";i:29;s:12:\"edit_project\";i:30;s:14:\"delete_project\";i:31;s:12:\"project_list\";i:32;s:8:\"task_add\";i:33;s:9:\"edit_task\";i:34;s:11:\"delete_task\";i:35;s:9:\"task_list\";i:36;s:8:\"lead_add\";i:37;s:9:\"edit_lead\";i:38;s:11:\"delete_lead\";i:39;s:9:\"lead_list\";i:40;s:17:\"lead_template_add\";i:41;s:18:\"edit_template_lead\";i:42;s:20:\"delete_template_lead\";i:43;s:18:\"lead_template_list\";i:44;s:10:\"slider_add\";i:45;s:11:\"edit_slider\";i:46;s:13:\"delete_slider\";i:47;s:11:\"slider_list\";i:48;s:9:\"to_do_add\";i:49;s:10:\"edit_to_do\";i:50;s:12:\"delete_to_do\";i:51;s:10:\"to_do_list\";i:52;s:16:\"account_head_add\";i:53;s:17:\"edit_account_head\";i:54;s:19:\"delete_account_head\";i:55;s:17:\"account_head_list\";i:56;s:17:\"account_group_add\";i:57;s:18:\"edit_account_group\";i:58;s:20:\"delete_account_group\";i:59;s:18:\"account_group_list\";i:60;s:11:\"receipt_add\";i:61;s:12:\"edit_receipt\";i:62;s:14:\"delete_receipt\";i:63;s:12:\"receipt_list\";i:64;s:11:\"voucher_add\";i:65;s:12:\"edit_voucher\";i:66;s:14:\"delete_voucher\";i:67;s:12:\"voucher_list\";i:68;s:10:\"take_order\";i:69;s:18:\"edit_counter_order\";i:70;s:18:\"counter_order_list\";i:71;s:15:\"company_setting\";i:72;s:11:\"gst_setting\";}', '0', '1'),
(2, 'Employee', '1', 'a:19:{i:0;s:13:\"add_user_role\";i:1;s:14:\"edit_user_role\";i:2;s:16:\"delete_user_role\";i:3;s:14:\"user_role_list\";i:4;s:16:\"add_new_customer\";i:5;s:13:\"edit_customer\";i:6;s:15:\"delete_customer\";i:7;s:13:\"customer_list\";i:8;s:16:\"add_new_employee\";i:9;s:13:\"edit_employee\";i:10;s:15:\"delete_employee\";i:11;s:13:\"employee_list\";i:12;s:10:\"edit_leave\";i:13;s:12:\"delete_leave\";i:14;s:10:\"leave_list\";i:15;s:15:\"add_new_project\";i:16;s:12:\"edit_project\";i:17;s:14:\"delete_project\";i:18;s:12:\"project_list\";}', '0', '0'),
(21, 'Test Role', '1', 'a:4:{i:0;s:9:\"user_list\";i:1;s:14:\"user_role_list\";i:2;s:13:\"customer_list\";i:3;s:13:\"employee_list\";}', '0', '0'),
(22, 'Developer', '1', 'a:6:{i:0;s:9:\"user_list\";i:1;s:14:\"user_role_list\";i:2;s:16:\"add_new_employee\";i:3;s:13:\"edit_employee\";i:4;s:15:\"delete_employee\";i:5;s:13:\"employee_list\";}', '0', '0'),
(23, 'Data Analysist', '1', 'a:10:{i:0;s:9:\"user_list\";i:1;s:14:\"user_role_list\";i:2;s:16:\"add_new_customer\";i:3;s:13:\"edit_customer\";i:4;s:15:\"delete_customer\";i:5;s:13:\"customer_list\";i:6;s:16:\"add_new_employee\";i:7;s:13:\"edit_employee\";i:8;s:15:\"delete_employee\";i:9;s:13:\"employee_list\";}', '0', '0'),
(24, 'Marketing Person', '1', 'a:6:{i:0;s:9:\"user_list\";i:1;s:14:\"user_role_list\";i:2;s:13:\"customer_list\";i:3;s:13:\"employee_list\";i:4;s:10:\"leave_list\";i:5;s:12:\"project_list\";}', '0', '0'),
(26, 'test', '1', 'a:0:{}', '0', '0');

-- --------------------------------------------------------

--
-- Table structure for table `partnerdtls_tbl`
--

CREATE TABLE `partnerdtls_tbl` (
  `id` int(50) NOT NULL,
  `partner_name` varchar(100) NOT NULL,
  `contact_no` int(100) NOT NULL,
  `email` varchar(255) NOT NULL,
  `company` varchar(100) NOT NULL,
  `location` varchar(100) NOT NULL,
  `address` varchar(255) NOT NULL,
  `status` tinyint(1) NOT NULL DEFAULT 1,
  `added_on` datetime NOT NULL DEFAULT current_timestamp()
) ENGINE=InnoDB DEFAULT CHARSET=utf8mb4 COLLATE=utf8mb4_general_ci;

--
-- Dumping data for table `partnerdtls_tbl`
--

INSERT INTO `partnerdtls_tbl` (`id`, `partner_name`, `contact_no`, `email`, `company`, `location`, `address`, `status`, `added_on`) VALUES
(2, 'Partner1', 2147483647, '', '', '', '', 1, '2025-01-28 10:37:43'),
(3, 'Partner2', 2147483647, '', '', '', '', 1, '2025-01-28 13:19:19'),
(4, 'Partner4', 2147483647, 'partner4@gmail.com', 'ABC Data Processing', '', '', 1, '2025-02-10 18:26:54'),
(5, 'Partner5', 2147483647, 'Partner5@gmail.com', '', '', '', 1, '2025-02-10 18:32:57'),
(6, 'Part1', 2147483647, 'part@gmail.com', '', '', '', 1, '2025-02-10 18:36:19'),
(7, 'Partner Check', 2147483647, 'partnercheck@gmail.com', '', '', '', 1, '2025-02-12 12:16:38');

-- --------------------------------------------------------

--
-- Table structure for table `product`
--

CREATE TABLE `product` (
  `product_id` int(11) NOT NULL,
  `product_code` varchar(50) DEFAULT NULL,
  `seller_id` bigint(20) DEFAULT NULL,
  `product_name` varchar(255) DEFAULT NULL,
  `product_type` varchar(20) DEFAULT NULL,
  `company_name` varchar(30) DEFAULT NULL,
  `manufacturer_name` varchar(50) DEFAULT NULL,
  `brand_name` varchar(255) DEFAULT NULL,
  ` Select Sub-Category` varchar(255) DEFAULT NULL,
  `product_in_marathi` varchar(255) DEFAULT NULL,
  `product_marathi_to_eng` varchar(255) DEFAULT NULL,
  `image_name` text DEFAULT NULL,
  `pack_size` text DEFAULT NULL,
  `price` text DEFAULT NULL,
  `vendor_sku` text DEFAULT NULL,
  `sku2` text DEFAULT NULL,
  `Mrp` text DEFAULT NULL,
  `hsn_code` varchar(30) DEFAULT NULL,
  `gst` varchar(30) DEFAULT NULL,
  `points` bigint(20) DEFAULT NULL,
  `redeem_point` bigint(20) DEFAULT NULL,
  `mlm_distribution` varchar(30) DEFAULT NULL,
  `stock_qty` text DEFAULT NULL,
  `expiry_date` date DEFAULT NULL,
  `listed_in_super_deal` enum('0','1') DEFAULT '1' COMMENT '1:listed,0:not listed',
  `listed_in_feature` enum('0','1') NOT NULL DEFAULT '0',
  `description` text DEFAULT NULL,
  `app_description` text DEFAULT NULL,
  `terms_conditions` text DEFAULT NULL,
  `meta_title` varchar(255) DEFAULT NULL,
  `meta_description` varchar(255) DEFAULT NULL,
  `meta_keyword` varchar(255) DEFAULT NULL,
  `best_seller` varchar(10) DEFAULT NULL,
  `status` varchar(2) DEFAULT '1' COMMENT '1:active,0 inactive',
  `approval` varchar(50) DEFAULT NULL,
  `tag` varchar(255) DEFAULT NULL,
  `unit` varchar(255) DEFAULT NULL,
  `stock_status` varchar(5) NOT NULL DEFAULT '1' COMMENT '1: InStock ,0: Out of Stock',
  `added_on` date DEFAULT NULL,
  `date_modified` timestamp NULL DEFAULT current_timestamp(),
  `updated_on` bigint(20) DEFAULT NULL,
  `category_id` int(11) DEFAULT NULL,
  `unit_id` int(255) DEFAULT NULL,
  `sub_category_id` int(255) DEFAULT NULL,
  `child_category_id` bigint(20) DEFAULT NULL,
  `notify_new_product` int(11) DEFAULT NULL,
  `notify_update_product` int(11) DEFAULT NULL,
  `size_chart_id` bigint(20) DEFAULT NULL,
  `is_prime` int(5) DEFAULT NULL,
  `is_all_branch` enum('1','0') NOT NULL DEFAULT '1',
  `branch_ids` int(11) DEFAULT NULL,
  `is_addon_product` int(11) DEFAULT NULL,
  `item_type` text DEFAULT NULL,
  `item_category` text DEFAULT NULL,
  `row_no` int(50) DEFAULT NULL,
  `unit_size_old` varchar(50) DEFAULT NULL,
  `mrp_rate_old` varchar(50) DEFAULT NULL,
  `sale_price_old` varchar(50) DEFAULT NULL,
  `gender` text DEFAULT NULL,
  `franchise_ids` int(11) DEFAULT NULL
) ENGINE=MyISAM DEFAULT CHARSET=utf8 COLLATE=utf8_unicode_ci;

--
-- Dumping data for table `product`
--

INSERT INTO `product` (`product_id`, `product_code`, `seller_id`, `product_name`, `product_type`, `company_name`, `manufacturer_name`, `brand_name`, ` Select Sub-Category`, `product_in_marathi`, `product_marathi_to_eng`, `image_name`, `pack_size`, `price`, `vendor_sku`, `sku2`, `Mrp`, `hsn_code`, `gst`, `points`, `redeem_point`, `mlm_distribution`, `stock_qty`, `expiry_date`, `listed_in_super_deal`, `listed_in_feature`, `description`, `app_description`, `terms_conditions`, `meta_title`, `meta_description`, `meta_keyword`, `best_seller`, `status`, `approval`, `tag`, `unit`, `stock_status`, `added_on`, `date_modified`, `updated_on`, `category_id`, `unit_id`, `sub_category_id`, `child_category_id`, `notify_new_product`, `notify_update_product`, `size_chart_id`, `is_prime`, `is_all_branch`, `branch_ids`, `is_addon_product`, `item_type`, `item_category`, `row_no`, `unit_size_old`, `mrp_rate_old`, `sale_price_old`, `gender`, `franchise_ids`) VALUES
(8, NULL, NULL, 'prod 1', NULL, NULL, NULL, NULL, NULL, NULL, NULL, NULL, NULL, NULL, NULL, NULL, NULL, '8443', NULL, NULL, NULL, NULL, NULL, NULL, '1', '0', '', NULL, '', NULL, NULL, NULL, NULL, '1', NULL, NULL, NULL, '1', NULL, '2025-05-05 09:33:29', NULL, 4, 3, 0, 0, NULL, NULL, NULL, NULL, '1', NULL, NULL, NULL, NULL, 2, NULL, NULL, NULL, NULL, NULL);

-- --------------------------------------------------------

--
-- Table structure for table `product_details`
--

CREATE TABLE `product_details` (
  `product_details_id` int(50) NOT NULL,
  `product_id` int(50) DEFAULT NULL,
  `unit_size` varchar(255) DEFAULT NULL,
  `mrp_rate` varchar(255) DEFAULT NULL,
  `sale_price` varchar(255) DEFAULT NULL,
  `pd_added_on` timestamp NOT NULL DEFAULT current_timestamp() ON UPDATE current_timestamp()
) ENGINE=InnoDB DEFAULT CHARSET=utf8mb4 COLLATE=utf8mb4_general_ci;

--
-- Dumping data for table `product_details`
--

INSERT INTO `product_details` (`product_details_id`, `product_id`, `unit_size`, `mrp_rate`, `sale_price`, `pd_added_on`) VALUES
(5, 8, '2', '2001', '111', '2025-05-05 11:52:48'),
(7, 8, '3', '100', '150', '2025-05-05 11:53:26'),
(8, 8, '4', '150', '200', '2025-05-05 11:53:26');

-- --------------------------------------------------------

--
-- Table structure for table `product_unit`
--

CREATE TABLE `product_unit` (
  `unit_id` int(11) NOT NULL,
  `unit_name` varchar(255) DEFAULT NULL,
  `abbrivation` varchar(10) DEFAULT NULL,
  `max_cost` decimal(10,2) DEFAULT NULL,
  `status` enum('0','1') DEFAULT '1' COMMENT '0:Disabled, 1:Enabled'
) ENGINE=InnoDB DEFAULT CHARSET=latin1 COLLATE=latin1_swedish_ci;

--
-- Dumping data for table `product_unit`
--

INSERT INTO `product_unit` (`unit_id`, `unit_name`, `abbrivation`, `max_cost`, `status`) VALUES
(1, 'Kilogram', 'Kg', '1000.00', '1'),
(2, 'Gram', 'Gm', '1000.00', '1'),
(3, 'Liter', 'Ltr', '1000.00', '1'),
(4, 'Piece', 'Pcs', '1.00', '1'),
(5, 'Dozen', 'Dzn', '12.00', '1'),
(6, 'Milli liter', 'Ml', '1000.00', '1'),
(7, 'Bunch', 'Bunch', '1.00', '1'),
(8, 'Data Check', 'DC', NULL, '1'),
(9, 'sdf', 'dfs', NULL, '1');

-- --------------------------------------------------------

--
-- Table structure for table `project`
--

CREATE TABLE `project` (
  `project_id` int(11) NOT NULL,
  `op_user_id` int(50) NOT NULL,
  `role_id` int(50) NOT NULL,
  `project_name` varchar(255) DEFAULT NULL,
  `project_code` varchar(50) DEFAULT NULL,
  `project_type_id` int(50) DEFAULT NULL,
  `project_status_id` int(50) DEFAULT NULL,
  `project_start_date` date DEFAULT NULL,
  `estimated_completion_date` date DEFAULT NULL,
  `hours` int(50) NOT NULL,
  `project_client_id` int(50) DEFAULT NULL,
  `project_manager` int(50) DEFAULT NULL,
  `project_developer` varchar(100) DEFAULT NULL,
  `marketing_person_id` int(11) NOT NULL,
  `customer_name` varchar(100) NOT NULL,
  `customer_no` varchar(100) NOT NULL,
  `project_handover_date` date DEFAULT NULL,
  `project_description` longtext DEFAULT NULL,
  `work_status` tinyint(1) NOT NULL DEFAULT 1 COMMENT '1-not started, 2-in progress, 3-on hold, 4-canceled, 5-completed',
  `project_active_status` tinyint(1) NOT NULL DEFAULT 1 COMMENT '1-Active, 0-Deactive',
  `project_added_on` timestamp NOT NULL DEFAULT current_timestamp() ON UPDATE current_timestamp()
) ENGINE=InnoDB DEFAULT CHARSET=latin1 COLLATE=latin1_swedish_ci;

--
-- Dumping data for table `project`
--

INSERT INTO `project` (`project_id`, `op_user_id`, `role_id`, `project_name`, `project_code`, `project_type_id`, `project_status_id`, `project_start_date`, `estimated_completion_date`, `hours`, `project_client_id`, `project_manager`, `project_developer`, `marketing_person_id`, `customer_name`, `customer_no`, `project_handover_date`, `project_description`, `work_status`, `project_active_status`, `project_added_on`) VALUES
(2, 1, 1, 'dev crm', '12345', 2, 1, '2024-12-20', '2025-01-04', 150, 2, 1, '24,25', 0, '', '', '0000-00-00', '', 1, 1, '2025-02-10 08:21:42'),
(3, 0, 0, 'Project3', 'PRO003', 1, 1, '2025-01-24', '2025-04-24', 100, 13, 1, '22,25', 0, '', '', '0000-00-00', 'New web developent', 1, 1, '2025-02-10 08:21:58'),
(4, 0, 0, 'Project4', 'PRO004', 1, 1, '2025-01-29', '2025-02-27', 120, 6, 1, '22,24', 27, 'Customer2', '7877878888', '2025-04-03', 'dynamic website development creation start on time                                                                                                                                                                                                                                                                                                                                                                                             ', 1, 1, '2025-02-10 08:22:19'),
(6, 0, 0, 'Testing Project', 'A22', 2, 7, '2025-02-13', '2025-02-15', 20, 14, 1, '25', 27, 'Mohan', '7856957856', '2025-02-28', 'only for testing', 1, 1, '2025-03-15 11:33:35'),
(7, 0, 0, 'Krishikanya', 'KK', 3, 2, '2025-03-01', '2025-04-30', 200, 132, 22, '23,25,28', 27, 'Suvarna ilag', '8765432189', '2025-04-30', 'This is test project.', 1, 1, '2025-04-25 09:56:29');

-- --------------------------------------------------------

--
-- Table structure for table `project_activity`
--

CREATE TABLE `project_activity` (
  `pa_id` int(11) NOT NULL,
  `project_id` int(11) NOT NULL,
  `description` text NOT NULL,
  `image_name` text DEFAULT NULL,
  `created_by` int(11) NOT NULL,
  `status` enum('0','1') DEFAULT '1' COMMENT '0:Disabled, 1:Enabled',
  `created_date` timestamp NOT NULL DEFAULT current_timestamp() ON UPDATE current_timestamp()
) ENGINE=InnoDB DEFAULT CHARSET=latin1 COLLATE=latin1_swedish_ci;

--
-- Dumping data for table `project_activity`
--

INSERT INTO `project_activity` (`pa_id`, `project_id`, `description`, `image_name`, `created_by`, `status`, `created_date`) VALUES
(1, 1, 'sad                \r\n                    ', '2010711037images.jpg', 1, '1', '2022-04-25 09:54:29'),
(2, 5, '               gghhhd \r\n                    ', '1492003453download (1) - Copy.png', 1, '1', '2022-07-22 10:31:22'),
(3, 6, ' sadas               \r\n                    ', '1882697816images.png', 1, '1', '2022-07-27 15:54:11'),
(4, 9, 'add                \r\n                    ', '262463403colloage.jpg', 1, '1', '2022-07-29 09:06:11');

-- --------------------------------------------------------

--
-- Table structure for table `project_discussion`
--

CREATE TABLE `project_discussion` (
  `pd_id` int(11) NOT NULL,
  `project_id` int(11) NOT NULL,
  `subject` text NOT NULL,
  `description` text NOT NULL,
  `visible_to_customer` varchar(10) NOT NULL,
  `name` varchar(255) NOT NULL,
  `created_date` datetime NOT NULL DEFAULT current_timestamp(),
  `updated_date` datetime NOT NULL,
  `status` enum('1','0') NOT NULL DEFAULT '1'
) ENGINE=InnoDB DEFAULT CHARSET=latin1 COLLATE=latin1_swedish_ci;

--
-- Dumping data for table `project_discussion`
--

INSERT INTO `project_discussion` (`pd_id`, `project_id`, `subject`, `description`, `visible_to_customer`, `name`, `created_date`, `updated_date`, `status`) VALUES
(12, 4, 'discussion 1', 'discussion to test data', 'on', '', '2025-02-04 17:24:54', '2025-02-04 17:41:37', '0'),
(13, 4, 'discussion 2', 'check data', 'on', '', '2025-02-04 18:03:37', '2025-02-04 18:04:46', '0'),
(14, 4, 'discussion 4', 'update data check ', 'on', '', '2025-02-04 18:40:40', '2025-02-05 00:01:26', '1'),
(15, 4, 'discussion 5', 'data entry check for confirmation', 'on', '', '2025-02-05 00:02:29', '2025-02-05 00:03:55', '1'),
(16, 6, 'project module', 'test', 'on', '', '2025-02-14 12:20:08', '2025-02-14 12:59:47', '1'),
(17, 6, 'test', 'test', 'off', '', '2025-02-14 12:20:42', '2025-02-14 12:20:52', '0'),
(18, 2, 'Design Approval', 'We need you to be a part of meet for further discussions', 'on', '', '2025-03-15 08:41:06', '2025-05-03 11:05:48', '0'),
(19, 7, 'Krushikanya ', 'test', 'on', '', '2025-04-28 17:34:22', '2025-04-28 17:39:15', '0'),
(20, 7, 'test', 'hdhff', 'off', '', '2025-04-28 17:39:00', '0000-00-00 00:00:00', '1'),
(21, 2, 'demo', 'demo', 'off', '', '2025-05-03 10:43:01', '2025-05-03 11:08:13', '0'),
(22, 2, 'test', 'test', 'on', '', '2025-05-03 11:04:15', '2025-05-03 11:08:45', '0'),
(23, 2, 'demo', 'demo', 'off', '', '2025-05-03 11:09:05', '0000-00-00 00:00:00', '1'),
(24, 2, 'test', 'test', 'off', '', '2025-05-03 11:09:30', '0000-00-00 00:00:00', '1');

-- --------------------------------------------------------

--
-- Table structure for table `project_files`
--

CREATE TABLE `project_files` (
  `pf_id` int(11) NOT NULL,
  `project_id` int(11) NOT NULL,
  `file_name` varchar(255) NOT NULL,
  `file_type` varchar(255) NOT NULL,
  `user_id` int(50) NOT NULL,
  `visible_to_customer` varchar(50) NOT NULL,
  `created_date` datetime NOT NULL DEFAULT current_timestamp(),
  `updated_date` datetime NOT NULL,
  `status` enum('1','0') NOT NULL DEFAULT '1'
) ENGINE=InnoDB DEFAULT CHARSET=latin1 COLLATE=latin1_swedish_ci;

--
-- Dumping data for table `project_files`
--

INSERT INTO `project_files` (`pf_id`, `project_id`, `file_name`, `file_type`, `user_id`, `visible_to_customer`, `created_date`, `updated_date`, `status`) VALUES
(19, 4, '1666835449qh1.jpg', 'image/jpeg', 1, '', '2025-02-05 13:44:16', '0000-00-00 00:00:00', '1'),
(20, 3, '1258449025qh1.jpg', 'image/jpeg', 1, '', '2025-02-14 09:08:06', '0000-00-00 00:00:00', '1'),
(21, 3, '1127511281UltraViewer_setup_6.6.113_en.exe', 'application/x-msdownload', 1, '', '2025-02-14 09:08:06', '0000-00-00 00:00:00', '1'),
(22, 6, '1624452179380568018images.jpg', 'image/jpeg', 1, '', '2025-02-14 12:15:56', '0000-00-00 00:00:00', '1'),
(23, 6, '730067979Test data.pdf', 'application/pdf', 1, '', '2025-02-14 12:17:59', '0000-00-00 00:00:00', '1'),
(25, 7, '917044914certificate.pdf', 'application/pdf', 1, '', '2025-04-25 18:56:26', '0000-00-00 00:00:00', '1'),
(27, 7, '7761656923d-rendering-flowers.jpg', 'image/jpeg', 1, '', '2025-04-25 18:56:26', '0000-00-00 00:00:00', '1'),
(29, 2, '1345679944WhatsApp Image 2025-03-29 at 10.24.04_0fcb2b4e.jpg', 'image/jpeg', 1, '', '2025-05-03 02:19:27', '0000-00-00 00:00:00', '1'),
(30, 2, '886952211WhatsApp Image 2025-03-18 at 21.17.26_e0683d13.jpg', 'image/jpeg', 1, '', '2025-05-03 02:19:27', '0000-00-00 00:00:00', '1');

-- --------------------------------------------------------

--
-- Table structure for table `project_invoice`
--

CREATE TABLE `project_invoice` (
  `pi_id` int(11) NOT NULL,
  `project_id` int(11) NOT NULL,
  `invoice_status` varchar(10) NOT NULL,
  `cust_id` int(11) NOT NULL,
  `bill_to` text NOT NULL,
  `ship_to` text NOT NULL,
  `invoice_number` varchar(50) NOT NULL,
  `invoice_date` date NOT NULL,
  `due_date` date NOT NULL,
  `discount_type` int(11) NOT NULL,
  `tags` text NOT NULL,
  `pl_status` int(11) NOT NULL,
  `payment_method` varchar(255) NOT NULL,
  `sale_agent` int(11) NOT NULL,
  `address` text NOT NULL,
  `state` int(11) NOT NULL,
  `city` int(11) NOT NULL,
  `zip_code` varchar(50) NOT NULL,
  `email` varchar(100) NOT NULL,
  `phone` varchar(50) NOT NULL,
  `add_item_id` int(11) NOT NULL,
  `add_item` int(11) NOT NULL,
  `show_quantity_as` varchar(50) NOT NULL,
  `item` varchar(255) NOT NULL,
  `description` text NOT NULL,
  `qty` int(11) NOT NULL,
  `tax` varchar(50) NOT NULL,
  `amount` double NOT NULL,
  `sub_total` double NOT NULL,
  `discount` double NOT NULL,
  `adjustment` int(11) NOT NULL,
  `assigned` int(11) NOT NULL,
  `total` double NOT NULL,
  `totalgst` double NOT NULL,
  `total_amount` double NOT NULL,
  `admin_note` text NOT NULL,
  `client_note` text NOT NULL,
  `terms_and_conditions` text NOT NULL,
  `recurring_invoice` int(11) NOT NULL,
  `updated_date` datetime NOT NULL DEFAULT current_timestamp(),
  `created_date` datetime NOT NULL DEFAULT current_timestamp(),
  `status` enum('1','0') NOT NULL DEFAULT '1'
) ENGINE=InnoDB DEFAULT CHARSET=latin1 COLLATE=latin1_swedish_ci;

-- --------------------------------------------------------

--
-- Table structure for table `project_log`
--

CREATE TABLE `project_log` (
  `log_id` int(50) NOT NULL,
  `project_id` int(50) NOT NULL,
  `activity_id` int(50) NOT NULL COMMENT '1-task,2-timesheet3-milestone, files-4, discussion-5, notes-6',
  `user_id` int(50) NOT NULL,
  `affected_id` int(50) NOT NULL,
  `action_id` int(50) NOT NULL COMMENT '1-add,2-update,3-delete',
  `details` text NOT NULL,
  `created_date` datetime NOT NULL DEFAULT current_timestamp()
) ENGINE=InnoDB DEFAULT CHARSET=utf8mb4 COLLATE=utf8mb4_general_ci;

--
-- Dumping data for table `project_log`
--

INSERT INTO `project_log` (`log_id`, `project_id`, `activity_id`, `user_id`, `affected_id`, `action_id`, `details`, `created_date`) VALUES
(2, 4, 4, 1, 22, 1, '', '2025-02-04 15:33:58'),
(3, 4, 4, 1, 23, 1, '', '2025-02-04 15:34:58'),
(4, 4, 6, 1, 22, 2, '[{\"field\":\"note\",\"old_value\":\"First note is added successfully\",\"new_value\":\"First note is test added successfully\"},{\"field\":\"updated_date\",\"old_value\":\"2025-02-04 16:25:48\",\"new_value\":\"2025-02-04 16:34:58\"}]', '2025-02-04 16:34:58'),
(5, 4, 5, 1, 12, 1, '', '2025-02-04 17:24:54'),
(6, 4, 5, 1, 12, 3, '', '2025-02-04 17:41:37'),
(7, 4, 5, 1, 13, 1, '', '2025-02-04 18:03:37'),
(8, 4, 5, 1, 13, 3, '', '2025-02-04 18:04:46'),
(9, 4, 5, 1, 14, 1, '', '2025-02-04 18:40:40'),
(10, 4, 5, 1, 14, 2, '[{\"field\":\"description\",\"old_value\":\"update data check 1111\",\"new_value\":\"update data check\"},{\"field\":\"updated_date\",\"old_value\":\"2025-02-04 23:57:09\",\"new_value\":\"2025-02-05 00:01:26\"}]', '2025-02-05 00:01:26'),
(11, 4, 5, 1, 15, 1, '', '2025-02-05 00:02:29'),
(12, 4, 5, 1, 15, 2, '[{\"field\":\"description\",\"old_value\":\"data entry check\",\"new_value\":\"data entry check for confirmation\"},{\"field\":\"visible_to_customer\",\"old_value\":\"on\",\"new_value\":\"off\"},{\"field\":\"updated_date\",\"old_value\":\"0000-00-00 00:00:00\",\"new_value\":\"2025-02-05 00:02:56\"}]', '2025-02-05 00:02:56'),
(13, 4, 5, 1, 15, 2, '[{\"field\":\"visible_to_customer\",\"old_value\":\"off\",\"new_value\":\"on\"},{\"field\":\"updated_date\",\"old_value\":\"2025-02-05 00:02:56\",\"new_value\":\"2025-02-05 00:03:55\"}]', '2025-02-05 00:03:55'),
(14, 4, 4, 1, 9, 1, '', '2025-02-05 13:00:35'),
(15, 4, 4, 1, 10, 1, '', '2025-02-05 13:00:35'),
(16, 4, 4, 1, 11, 1, '', '2025-02-05 13:14:51'),
(17, 4, 4, 1, 12, 1, '', '2025-02-05 13:14:51'),
(18, 4, 4, 1, 13, 1, '', '2025-02-05 13:28:46'),
(19, 4, 4, 1, 14, 1, '', '2025-02-05 13:28:46'),
(20, 4, 4, 1, 15, 1, '', '2025-02-05 13:39:10'),
(21, 4, 4, 1, 16, 1, '', '2025-02-05 13:41:31'),
(22, 4, 4, 1, 17, 1, '', '2025-02-05 13:42:29'),
(23, 4, 4, 1, 17, 3, '', '2025-02-05 13:42:40'),
(24, 4, 4, 1, 18, 1, '', '2025-02-05 13:44:16'),
(25, 4, 4, 1, 19, 1, '', '2025-02-05 13:44:16'),
(26, 4, 4, 1, 18, 3, '', '2025-02-05 13:44:27'),
(27, 4, 3, 1, 11, 1, '', '2025-02-05 15:35:23'),
(28, 4, 3, 1, 13, 1, '', '2025-02-05 15:36:41'),
(29, 4, 3, 1, 15, 1, '', '2025-02-05 15:39:11'),
(30, 4, 3, 1, 13, 3, '', '2025-02-05 15:45:08'),
(31, 4, 3, 1, 11, 2, '[{\"field\":\"milestones_name\",\"old_value\":\"Lead template modification\",\"new_value\":\"Lead template modification 11\"},{\"field\":\"due_date\",\"old_value\":\"2025-02-06\",\"new_value\":\"2025-02-06T16:08\"},{\"field\":\"show_description_to_customer\",\"old_value\":\"off\",\"new_value\":\"on\"},{\"field\":\"order\",\"old_value\":\"3\",\"new_value\":\"5\"}]', '2025-02-05 16:08:55'),
(32, 4, 3, 1, 11, 2, '[{\"field\":\"milestones_name\",\"old_value\":\"Lead template modification 11\",\"new_value\":\"Lead template modification\"},{\"field\":\"due_date\",\"old_value\":\"2025-02-06 00:00:00\",\"new_value\":\"2025-06-01 18:30:00\"},{\"field\":\"show_description_to_customer\",\"old_value\":\"on\",\"new_value\":\"off\"}]', '2025-02-05 16:22:56'),
(33, 4, 1, 1, 26, 2, '[{\"field\":\"milestone_id\",\"old_value\":\"0\",\"new_value\":\"\"}]', '2025-02-07 13:21:04'),
(34, 4, 1, 1, 26, 2, '[{\"field\":\"subject\",\"old_value\":\"g11\",\"new_value\":\"Update Task Module\"},{\"field\":\"estimated_days\",\"old_value\":\"9\",\"new_value\":\"7\"},{\"field\":\"milestone_id\",\"old_value\":\"0\",\"new_value\":\"\"}]', '2025-02-07 13:33:59'),
(35, 4, 1, 1, 26, 2, '[{\"field\":\"milestone_id\",\"old_value\":\"0\",\"new_value\":\"\"}]', '2025-02-07 13:37:41'),
(36, 4, 1, 1, 26, 2, '[{\"field\":\"milestone_id\",\"old_value\":\"0\",\"new_value\":\"\"}]', '2025-02-07 13:39:17'),
(37, 4, 1, 1, 26, 2, '[{\"field\":\"milestone_id\",\"old_value\":\"0\",\"new_value\":\"\"}]', '2025-02-07 13:41:37'),
(38, 4, 1, 1, 26, 2, '[{\"field\":\"repeat_every\",\"old_value\":\"10\",\"new_value\":\"8\"},{\"field\":\"milestone_id\",\"old_value\":\"0\",\"new_value\":\"11\"}]', '2025-02-07 13:47:27'),
(39, 4, 1, 1, 27, 2, '[{\"field\":\"estimated_days\",\"old_value\":\"2\",\"new_value\":\"3\"},{\"field\":\"milestone_id\",\"old_value\":\"0\",\"new_value\":\"\"}]', '2025-02-07 13:57:39'),
(40, 4, 1, 1, 26, 2, '[{\"field\":\"estimated_days\",\"old_value\":\"7\",\"new_value\":\"9\"},{\"field\":\"milestone_id\",\"old_value\":\"11\",\"new_value\":\"\"}]', '2025-02-07 14:01:04'),
(41, 4, 1, 1, 27, 2, '[{\"field\":\"milestone_id\",\"old_value\":\"0\",\"new_value\":\"\"}]', '2025-02-07 14:12:10'),
(42, 4, 1, 1, 26, 2, '[{\"field\":\"milestone_id\",\"old_value\":\"0\",\"new_value\":\"\"}]', '2025-02-07 14:15:37'),
(43, 4, 1, 1, 26, 2, '[{\"field\":\"milestone_id\",\"old_value\":\"0\",\"new_value\":\"\"}]', '2025-02-07 14:32:54'),
(44, 4, 1, 1, 26, 2, '[{\"field\":\"milestone_id\",\"old_value\":\"0\",\"new_value\":\"\"}]', '2025-02-07 14:33:10'),
(45, 4, 1, 1, 26, 2, '[{\"field\":\"milestone_id\",\"old_value\":\"0\",\"new_value\":\"\"}]', '2025-02-07 14:33:33'),
(46, 4, 1, 1, 26, 2, '[{\"field\":\"milestone_id\",\"old_value\":\"0\",\"new_value\":\"\"}]', '2025-02-07 14:36:43'),
(47, 4, 1, 1, 26, 2, '[{\"field\":\"milestone_id\",\"old_value\":\"0\",\"new_value\":\"\"}]', '2025-02-07 14:38:59'),
(48, 4, 1, 1, 26, 2, '[{\"field\":\"milestone_id\",\"old_value\":\"0\",\"new_value\":\"\"}]', '2025-02-07 14:48:03'),
(49, 4, 1, 1, 26, 2, '[{\"field\":\"milestone_id\",\"old_value\":\"0\",\"new_value\":\"\"}]', '2025-02-07 14:50:17'),
(50, 4, 1, 1, 26, 2, '[{\"field\":\"milestone_id\",\"old_value\":\"0\",\"new_value\":\"\"}]', '2025-02-07 14:51:47'),
(51, 4, 1, 1, 26, 2, '[{\"field\":\"milestone_id\",\"old_value\":\"0\",\"new_value\":\"\"}]', '2025-02-07 14:52:14'),
(52, 4, 1, 1, 26, 2, '[{\"field\":\"milestone_id\",\"old_value\":\"0\",\"new_value\":\"\"}]', '2025-02-07 15:20:35'),
(53, 4, 1, 1, 26, 2, '[{\"field\":\"milestone_id\",\"old_value\":\"0\",\"new_value\":\"\"}]', '2025-02-07 15:25:08'),
(54, 4, 1, 1, 26, 2, '[{\"field\":\"milestone_id\",\"old_value\":\"0\",\"new_value\":\"\"}]', '2025-02-07 15:25:20'),
(55, 4, 1, 1, 25, 2, '[{\"field\":\"milestone_id\",\"old_value\":\"0\",\"new_value\":\"\"}]', '2025-02-07 15:33:54'),
(56, 4, 1, 1, 25, 2, '[{\"field\":\"milestone_id\",\"old_value\":\"0\",\"new_value\":\"\"}]', '2025-02-07 15:34:15'),
(57, 4, 1, 1, 25, 2, '[{\"field\":\"Uploaded Files\",\"old_value\":\"\",\"new_value\":\"238534062_icons8-double-left-arrow-24.png, 1775505356_Allsoft.png\"},{\"field\":\"Deleted Files\",\"old_value\":\"389482985malPP.jpg\",\"new_value\":\"\"},{\"field\":\"milestone_id\",\"old_value\":\"0\",\"new_value\":\"\"}]', '2025-02-07 15:41:34'),
(58, 4, 1, 1, 25, 2, '[{\"field\":\"Uploaded Files\",\"old_value\":\"\",\"new_value\":\"238534062_icons8-double-left-arrow-24.png, 1775505356_Allsoft.png\"},{\"field\":\"estimated_days\",\"old_value\":\"0\",\"new_value\":\"4\"},{\"field\":\"milestone_id\",\"old_value\":\"0\",\"new_value\":\"\"}]', '2025-02-07 15:45:56'),
(59, 4, 1, 1, 27, 3, '', '2025-02-07 15:51:06'),
(60, 4, 1, 1, 26, 2, '[{\"field\":\"Uploaded Files\",\"old_value\":\"\",\"new_value\":\"1410499730_bitFP.jpg, 1305908635_nortan360D2.jpg\"},{\"field\":\"milestone_id\",\"old_value\":\"0\",\"new_value\":\"\"}]', '2025-02-07 19:08:19'),
(61, 4, 1, 1, 25, 2, '[{\"field\":\"Uploaded Files\",\"old_value\":\"\",\"new_value\":\"238534062_icons8-double-left-arrow-24.png, 1775505356_Allsoft.png\"},{\"field\":\"subject\",\"old_value\":\"chaek11\",\"new_value\":\"chaek112\"},{\"field\":\"milestone_id\",\"old_value\":\"0\",\"new_value\":\"\"}]', '2025-02-07 19:09:23'),
(62, 3, 3, 1, 16, 1, '', '2025-02-14 09:07:09'),
(63, 3, 4, 1, 20, 1, '', '2025-02-14 09:08:06'),
(64, 3, 4, 1, 21, 1, '', '2025-02-14 09:08:06'),
(65, 6, 3, 1, 17, 1, '', '2025-02-14 12:12:10'),
(66, 6, 3, 1, 18, 1, '', '2025-02-14 12:13:07'),
(67, 6, 3, 1, 18, 3, '', '2025-02-14 12:14:37'),
(68, 6, 4, 1, 22, 1, '', '2025-02-14 12:15:56'),
(69, 6, 4, 1, 23, 1, '', '2025-02-14 12:17:59'),
(70, 6, 5, 1, 16, 1, '', '2025-02-14 12:20:08'),
(71, 6, 5, 1, 16, 2, '[{\"field\":\"updated_date\",\"old_value\":\"0000-00-00 00:00:00\",\"new_value\":\"2025-02-14 12:20:30\"}]', '2025-02-14 12:20:30'),
(72, 6, 5, 1, 17, 1, '', '2025-02-14 12:20:42'),
(73, 6, 5, 1, 17, 3, '', '2025-02-14 12:20:52'),
(74, 6, 6, 1, 24, 1, '', '2025-02-14 12:21:35'),
(75, 6, 5, 1, 16, 2, '[{\"field\":\"updated_date\",\"old_value\":\"2025-02-14 12:20:30\",\"new_value\":\"2025-02-14 12:31:51\"}]', '2025-02-14 12:31:51'),
(76, 6, 3, 1, 17, 2, '[{\"field\":\"due_date\",\"old_value\":\"2025-02-01 12:11:00\",\"new_value\":\"2025-01-01 18:30:00\"}]', '2025-02-14 12:53:54'),
(77, 6, 3, 1, 17, 2, 'No changes made', '2025-02-14 12:53:55'),
(78, 6, 5, 1, 16, 2, '[{\"field\":\"updated_date\",\"old_value\":\"2025-02-14 12:31:51\",\"new_value\":\"2025-02-14 12:59:47\"}]', '2025-02-14 12:59:47'),
(79, 6, 6, 1, 24, 2, '[{\"field\":\"updated_date\",\"old_value\":\"0000-00-00 00:00:00\",\"new_value\":\"2025-02-14 13:06:18\"}]', '2025-02-14 13:06:18'),
(80, 2, 4, 1, 24, 1, '', '2025-03-01 09:33:44'),
(81, 2, 6, 1, 25, 1, '', '2025-03-15 08:40:23'),
(82, 2, 5, 1, 18, 1, '', '2025-03-15 08:41:06'),
(83, 6, 1, 1, 35, 2, '[{\"field\":\"Uploaded Files\",\"old_value\":\"\",\"new_value\":\"1827788043TC_DOS.exe.intermediate.manifest\"},{\"field\":\"milestone_id\",\"old_value\":\"0\",\"new_value\":\"17\"}]', '2025-03-15 17:20:06'),
(84, 7, 1, 1, 40, 2, '[{\"field\":\"Uploaded Files\",\"old_value\":\"\",\"new_value\":\"491008263_405917591download.jfif, 447057437_5576706.jpg\"},{\"field\":\"milestone_id\",\"old_value\":\"0\",\"new_value\":\"\"}]', '2025-04-25 16:44:51'),
(85, 7, 3, 1, 19, 1, '', '2025-04-25 18:49:31'),
(86, 7, 3, 1, 19, 3, '', '2025-04-25 18:49:51'),
(87, 7, 3, 1, 20, 1, '', '2025-04-25 18:53:40'),
(88, 7, 4, 1, 25, 1, '', '2025-04-25 18:56:26'),
(89, 7, 4, 1, 26, 1, '', '2025-04-25 18:56:26'),
(90, 7, 4, 1, 27, 1, '', '2025-04-25 18:56:26'),
(91, 7, 4, 1, 26, 3, '', '2025-04-25 19:08:35'),
(92, 7, 5, 1, 19, 1, '', '2025-04-28 17:34:22'),
(93, 7, 5, 1, 19, 2, '[{\"field\":\"description\",\"old_value\":\"\",\"new_value\":\"test\"},{\"field\":\"visible_to_customer\",\"old_value\":\"off\",\"new_value\":\"on\"},{\"field\":\"updated_date\",\"old_value\":\"0000-00-00 00:00:00\",\"new_value\":\"2025-04-28 17:35:04\"}]', '2025-04-28 17:35:04'),
(94, 7, 5, 1, 20, 1, '', '2025-04-28 17:39:00'),
(95, 7, 5, 1, 19, 3, '', '2025-04-28 17:39:15'),
(96, 7, 6, 1, 26, 1, '', '2025-04-28 18:33:35'),
(97, 7, 6, 1, 26, 2, '[{\"field\":\"note\",\"old_value\":\"<ol><li>test note<\\/li><\\/ol>\",\"new_value\":\"trrsd\"},{\"field\":\"updated_date\",\"old_value\":\"0000-00-00 00:00:00\",\"new_value\":\"2025-04-28 18:43:28\"}]', '2025-04-28 18:43:28'),
(98, 7, 6, 1, 27, 1, '', '2025-04-28 18:43:48'),
(99, 2, 3, 1, 21, 1, '', '2025-05-03 01:49:41'),
(100, 2, 4, 1, 28, 1, '', '2025-05-03 02:19:27'),
(101, 2, 4, 1, 29, 1, '', '2025-05-03 02:19:27'),
(102, 2, 4, 1, 30, 1, '', '2025-05-03 02:19:27'),
(103, 2, 3, 1, 21, 3, '', '2025-05-03 02:20:43'),
(104, 2, 4, 1, 24, 3, '', '2025-05-03 02:20:53'),
(105, 2, 3, 1, 17, 3, '', '2025-05-03 09:47:50'),
(106, 2, 4, 1, 28, 3, '', '2025-05-03 09:48:05'),
(107, 2, 3, 1, 22, 1, '', '2025-05-03 09:51:37'),
(108, 2, 3, 1, 23, 1, '', '2025-05-03 09:58:31'),
(109, 2, 3, 1, 24, 1, '', '2025-05-03 10:00:34'),
(110, 2, 5, 1, 21, 1, '', '2025-05-03 10:43:01'),
(111, 2, 5, 1, 22, 1, '', '2025-05-03 11:04:15'),
(112, 2, 5, 1, 18, 2, '[{\"field\":\"updated_date\",\"old_value\":\"0000-00-00 00:00:00\",\"new_value\":\"2025-05-03 11:04:48\"}]', '2025-05-03 11:04:48'),
(113, 2, 5, 1, 18, 2, '[{\"field\":\"updated_date\",\"old_value\":\"2025-05-03 11:04:48\",\"new_value\":\"2025-05-03 11:05:37\"}]', '2025-05-03 11:05:37'),
(114, 2, 5, 1, 18, 3, '', '2025-05-03 11:05:48'),
(115, 2, 5, 1, 21, 2, '[{\"field\":\"updated_date\",\"old_value\":\"0000-00-00 00:00:00\",\"new_value\":\"2025-05-03 11:07:11\"}]', '2025-05-03 11:07:11'),
(116, 2, 5, 1, 21, 2, '[{\"field\":\"updated_date\",\"old_value\":\"2025-05-03 11:07:11\",\"new_value\":\"2025-05-03 11:07:26\"}]', '2025-05-03 11:07:26'),
(117, 2, 5, 1, 21, 3, '', '2025-05-03 11:08:13'),
(118, 2, 5, 1, 22, 3, '', '2025-05-03 11:08:45'),
(119, 2, 5, 1, 23, 1, '', '2025-05-03 11:09:05'),
(120, 2, 5, 1, 24, 1, '', '2025-05-03 11:09:30'),
(121, 2, 3, 1, 22, 3, '', '2025-05-03 11:11:10'),
(122, 2, 3, 1, 23, 3, '', '2025-05-03 11:11:58'),
(123, 2, 3, 1, 24, 3, '', '2025-05-03 11:12:22'),
(124, 2, 6, 1, 25, 2, '[{\"field\":\"note\",\"old_value\":\"<p>Hi this is my first note<\\/p><p><br><\\/p>\",\"new_value\":\"undefined\"},{\"field\":\"updated_date\",\"old_value\":\"0000-00-00 00:00:00\",\"new_value\":\"2025-05-03 11:31:34\"}]', '2025-05-03 11:31:35'),
(125, 2, 6, 1, 25, 2, '[{\"field\":\"updated_date\",\"old_value\":\"2025-05-03 11:31:34\",\"new_value\":\"2025-05-03 11:32:31\"}]', '2025-05-03 11:32:31'),
(126, 2, 6, 1, 25, 2, '[{\"field\":\"note\",\"old_value\":\"undefined\",\"new_value\":\"hello\"},{\"field\":\"updated_date\",\"old_value\":\"2025-05-03 11:32:31\",\"new_value\":\"2025-05-03 11:33:37\"}]', '2025-05-03 11:33:37');

-- --------------------------------------------------------

--
-- Table structure for table `project_milestones`
--

CREATE TABLE `project_milestones` (
  `pm_id` int(11) NOT NULL,
  `project_id` int(11) NOT NULL,
  `milestones_name` varchar(255) NOT NULL,
  `due_date` datetime NOT NULL,
  `description` text NOT NULL,
  `show_description_to_customer` text NOT NULL,
  `order` varchar(100) NOT NULL,
  `created_date` datetime NOT NULL DEFAULT current_timestamp(),
  `updated_date` datetime NOT NULL,
  `status` enum('1','0') NOT NULL DEFAULT '1'
) ENGINE=InnoDB DEFAULT CHARSET=latin1 COLLATE=latin1_swedish_ci;

--
-- Dumping data for table `project_milestones`
--

INSERT INTO `project_milestones` (`pm_id`, `project_id`, `milestones_name`, `due_date`, `description`, `show_description_to_customer`, `order`, `created_date`, `updated_date`, `status`) VALUES
(11, 4, 'Lead template modification ', '2025-06-01 18:30:00', 'template edit is taking time', 'off', '5', '2025-02-05 15:35:23', '0000-00-00 00:00:00', '1'),
(16, 3, 'Mle11', '2025-02-15 09:06:00', 'description', 'on', '3', '2025-02-14 09:07:09', '0000-00-00 00:00:00', '1'),
(20, 7, 'Login', '2025-04-30 18:53:00', 'test ', 'off', 'EM0988', '2025-04-25 18:53:40', '0000-00-00 00:00:00', '1');

-- --------------------------------------------------------

--
-- Table structure for table `project_note`
--

CREATE TABLE `project_note` (
  `note_id` int(11) NOT NULL,
  `project_id` int(11) NOT NULL,
  `note` text NOT NULL,
  `created_date` datetime NOT NULL DEFAULT current_timestamp(),
  `updated_date` datetime NOT NULL,
  `status` enum('1','0') NOT NULL DEFAULT '1'
) ENGINE=InnoDB DEFAULT CHARSET=latin1 COLLATE=latin1_swedish_ci;

--
-- Dumping data for table `project_note`
--

INSERT INTO `project_note` (`note_id`, `project_id`, `note`, `created_date`, `updated_date`, `status`) VALUES
(22, 4, 'First note is test added successfully', '2025-02-04 15:33:58', '2025-02-04 16:34:58', '1'),
(23, 4, 'Second note for log test', '2025-02-04 15:34:58', '0000-00-00 00:00:00', '1'),
(24, 6, '<p><span style=\"font-family: &quot;Open Sans&quot;, Arial, sans-serif; letter-spacing: normal; text-align: justify;\"><b>It is a long established fact that a reader will be distracted by the readable content of a page when looking at its layout. The point of using Lorem Ipsum is that it has a more-or-less normal distribution of letters, as opposed to using \'Content here, content here\', making it look like readable English. Many desktop publishing packages and web page editors now use Lorem Ipsum as their default model text, and a search for \'lorem ipsum\' will uncover many web sites still in their infancy. Various versions have evolved over the years, sometimes by accident, sometimes on purpose (injected humour and the like).</b></span></p>', '2025-02-14 12:21:35', '2025-02-14 13:06:18', '1'),
(25, 2, 'hello', '2025-03-15 08:40:23', '2025-05-03 11:33:37', '1'),
(26, 7, 'trrsd', '2025-04-28 18:33:35', '2025-04-28 18:43:28', '1'),
(27, 7, '<p>gdfgd</p>', '2025-04-28 18:43:48', '0000-00-00 00:00:00', '1');

-- --------------------------------------------------------

--
-- Table structure for table `project_status_tbl`
--

CREATE TABLE `project_status_tbl` (
  `ps_id` int(50) NOT NULL,
  `project_status_type` varchar(100) NOT NULL,
  `ps_added_on` timestamp NOT NULL DEFAULT current_timestamp() ON UPDATE current_timestamp()
) ENGINE=InnoDB DEFAULT CHARSET=utf8mb4 COLLATE=utf8mb4_general_ci;

--
-- Dumping data for table `project_status_tbl`
--

INSERT INTO `project_status_tbl` (`ps_id`, `project_status_type`, `ps_added_on`) VALUES
(1, 'New Project', '2024-11-26 12:46:11'),
(2, 'Under Development \r\n', '2024-11-26 12:46:16'),
(3, 'Under Testing', '2024-11-26 12:46:52'),
(4, 'Second Phase Development ', '2025-05-02 11:50:17'),
(5, 'In UAT', '2024-11-26 12:46:52'),
(6, 'Rejected', '2024-11-26 12:46:52'),
(7, 'Completed', '2024-11-26 12:46:52');

-- --------------------------------------------------------

--
-- Table structure for table `project_task`
--

CREATE TABLE `project_task` (
  `task_id` int(11) NOT NULL,
  `project_id` int(11) NOT NULL,
  `subject` text NOT NULL,
  `public` varchar(50) NOT NULL,
  `billable` varchar(50) NOT NULL,
  `bill_type` int(11) NOT NULL,
  `rate` double NOT NULL,
  `start_date` datetime NOT NULL,
  `due_date` datetime NOT NULL,
  `estimated_days` int(11) NOT NULL,
  `priority` int(11) NOT NULL,
  `repeat_every` int(11) NOT NULL,
  `repeat_every_custom` int(11) NOT NULL,
  `total_cycles` double NOT NULL,
  `infinity` varchar(50) NOT NULL,
  `related_to` int(11) NOT NULL,
  `contract` int(11) NOT NULL,
  `tags` text NOT NULL,
  `task_description` text NOT NULL,
  `visible_to_customer` varchar(50) NOT NULL,
  `milestone` int(11) NOT NULL,
  `task_status` int(11) NOT NULL DEFAULT 1,
  `attachment_file` text NOT NULL,
  `created_by` int(11) NOT NULL,
  `created_date` datetime NOT NULL DEFAULT current_timestamp(),
  `updated_date` int(11) NOT NULL,
  `is_invoice_generated` enum('1','0') NOT NULL DEFAULT '0',
  `milestone_id` int(11) NOT NULL,
  `status` enum('1','0') NOT NULL DEFAULT '1'
) ENGINE=InnoDB DEFAULT CHARSET=latin1 COLLATE=latin1_swedish_ci;

--
-- Dumping data for table `project_task`
--

INSERT INTO `project_task` (`task_id`, `project_id`, `subject`, `public`, `billable`, `bill_type`, `rate`, `start_date`, `due_date`, `estimated_days`, `priority`, `repeat_every`, `repeat_every_custom`, `total_cycles`, `infinity`, `related_to`, `contract`, `tags`, `task_description`, `visible_to_customer`, `milestone`, `task_status`, `attachment_file`, `created_by`, `created_date`, `updated_date`, `is_invoice_generated`, `milestone_id`, `status`) VALUES
(1, 0, 'Task1', '', '', 0, 0, '2025-02-06 00:00:00', '2025-02-11 00:00:00', 0, 2, 10, 0, 0, '', 0, 0, '', 'Sample task description goes here.', '', 0, 1, '', 0, '2025-02-06 10:31:36', 0, '0', 0, '1');

-- --------------------------------------------------------

--
-- Table structure for table `project_task_log`
--

CREATE TABLE `project_task_log` (
  `log_id` int(50) NOT NULL,
  `project_id` int(50) NOT NULL,
  `task_id` int(50) NOT NULL,
  `user_id` int(50) NOT NULL,
  `project_status` int(50) NOT NULL DEFAULT 1 COMMENT '1-in progress, 2-completed',
  `timer_status` int(50) NOT NULL COMMENT '1-start timer, 2-hold, 3-stop, 4-resume',
  `time_duration` varchar(50) NOT NULL,
  `start_start_time` datetime NOT NULL,
  `stop_start_time` datetime NOT NULL,
  `start_hold_time` datetime NOT NULL,
  `stop_hold_time` datetime NOT NULL,
  `start_stop_time` datetime NOT NULL,
  `stop_reason` varchar(255) NOT NULL
) ENGINE=InnoDB DEFAULT CHARSET=utf8mb4 COLLATE=utf8mb4_general_ci;

--
-- Dumping data for table `project_task_log`
--

INSERT INTO `project_task_log` (`log_id`, `project_id`, `task_id`, `user_id`, `project_status`, `timer_status`, `time_duration`, `start_start_time`, `stop_start_time`, `start_hold_time`, `stop_hold_time`, `start_stop_time`, `stop_reason`) VALUES
(177, 4, 30, 1, 1, 1, '00:00:05', '2025-02-10 11:12:56', '2025-02-10 11:13:01', '0000-00-00 00:00:00', '0000-00-00 00:00:00', '0000-00-00 00:00:00', ''),
(178, 4, 30, 1, 1, 2, '00:00:05', '0000-00-00 00:00:00', '0000-00-00 00:00:00', '2025-02-10 11:13:01', '2025-02-10 11:13:06', '0000-00-00 00:00:00', ''),
(179, 4, 30, 1, 1, 4, '00:00:12', '2025-02-10 11:13:06', '2025-02-10 11:13:18', '0000-00-00 00:00:00', '0000-00-00 00:00:00', '0000-00-00 00:00:00', ''),
(180, 4, 30, 1, 1, 2, '00:00:11', '0000-00-00 00:00:00', '0000-00-00 00:00:00', '2025-02-10 11:13:18', '2025-02-10 11:13:29', '0000-00-00 00:00:00', ''),
(181, 4, 30, 1, 1, 3, '', '0000-00-00 00:00:00', '0000-00-00 00:00:00', '0000-00-00 00:00:00', '0000-00-00 00:00:00', '2025-02-10 11:13:29', ''),
(182, 4, 25, 1, 1, 1, '00:00:06', '2025-02-10 11:17:52', '2025-02-10 11:17:58', '0000-00-00 00:00:00', '0000-00-00 00:00:00', '0000-00-00 00:00:00', ''),
(183, 4, 25, 1, 1, 2, '00:00:18', '0000-00-00 00:00:00', '0000-00-00 00:00:00', '2025-02-10 11:17:58', '2025-02-10 11:18:16', '0000-00-00 00:00:00', ''),
(184, 4, 25, 1, 1, 3, '', '0000-00-00 00:00:00', '0000-00-00 00:00:00', '0000-00-00 00:00:00', '0000-00-00 00:00:00', '2025-02-10 11:18:16', ''),
(185, 4, 26, 1, 1, 1, '00:00:10', '2025-02-10 11:20:44', '2025-02-10 11:20:54', '0000-00-00 00:00:00', '0000-00-00 00:00:00', '0000-00-00 00:00:00', ''),
(186, 4, 26, 1, 1, 2, '00:00:13', '0000-00-00 00:00:00', '0000-00-00 00:00:00', '2025-02-10 11:20:54', '2025-02-10 11:21:07', '0000-00-00 00:00:00', ''),
(187, 4, 26, 1, 1, 3, '', '0000-00-00 00:00:00', '0000-00-00 00:00:00', '0000-00-00 00:00:00', '0000-00-00 00:00:00', '2025-02-10 11:21:07', ''),
(188, 4, 30, 1, 1, 1, '00:00:06', '2025-02-10 11:22:00', '2025-02-10 11:22:06', '0000-00-00 00:00:00', '0000-00-00 00:00:00', '0000-00-00 00:00:00', ''),
(189, 4, 30, 1, 1, 2, '00:00:07', '0000-00-00 00:00:00', '0000-00-00 00:00:00', '2025-02-10 11:22:06', '2025-02-10 11:22:13', '0000-00-00 00:00:00', ''),
(190, 4, 30, 1, 1, 4, '00:00:10', '2025-02-10 11:22:13', '2025-02-10 11:22:23', '0000-00-00 00:00:00', '0000-00-00 00:00:00', '0000-00-00 00:00:00', ''),
(191, 4, 30, 1, 1, 3, '', '0000-00-00 00:00:00', '0000-00-00 00:00:00', '0000-00-00 00:00:00', '0000-00-00 00:00:00', '2025-02-10 11:22:23', ''),
(192, 4, 26, 1, 1, 1, '00:00:04', '2025-02-10 11:28:57', '2025-02-10 11:29:01', '0000-00-00 00:00:00', '0000-00-00 00:00:00', '0000-00-00 00:00:00', ''),
(193, 4, 26, 1, 1, 2, '00:00:04', '0000-00-00 00:00:00', '0000-00-00 00:00:00', '2025-02-10 11:29:01', '2025-02-10 11:29:05', '0000-00-00 00:00:00', ''),
(194, 4, 26, 1, 1, 4, '00:00:06', '2025-02-10 11:29:05', '2025-02-10 11:29:11', '0000-00-00 00:00:00', '0000-00-00 00:00:00', '0000-00-00 00:00:00', ''),
(195, 4, 26, 1, 1, 3, '', '0000-00-00 00:00:00', '0000-00-00 00:00:00', '0000-00-00 00:00:00', '0000-00-00 00:00:00', '2025-02-10 11:29:11', ''),
(196, 4, 30, 1, 1, 1, '00:00:07', '2025-02-10 11:31:42', '2025-02-10 11:31:49', '0000-00-00 00:00:00', '0000-00-00 00:00:00', '0000-00-00 00:00:00', ''),
(197, 4, 30, 1, 1, 2, '00:00:02', '0000-00-00 00:00:00', '0000-00-00 00:00:00', '2025-02-10 11:31:49', '2025-02-10 11:31:51', '0000-00-00 00:00:00', ''),
(198, 4, 30, 1, 1, 4, '00:00:08', '2025-02-10 11:31:51', '2025-02-10 11:31:59', '0000-00-00 00:00:00', '0000-00-00 00:00:00', '0000-00-00 00:00:00', ''),
(199, 4, 30, 1, 1, 3, '', '0000-00-00 00:00:00', '0000-00-00 00:00:00', '0000-00-00 00:00:00', '0000-00-00 00:00:00', '2025-02-10 11:31:59', ''),
(200, 4, 26, 1, 1, 1, '00:00:08', '2025-02-10 11:38:05', '2025-02-10 11:38:13', '0000-00-00 00:00:00', '0000-00-00 00:00:00', '0000-00-00 00:00:00', ''),
(201, 4, 26, 1, 1, 2, '00:00:08', '0000-00-00 00:00:00', '0000-00-00 00:00:00', '2025-02-10 11:38:13', '2025-02-10 11:38:21', '0000-00-00 00:00:00', ''),
(202, 4, 26, 1, 1, 4, '00:00:07', '2025-02-10 11:38:21', '2025-02-10 11:38:28', '0000-00-00 00:00:00', '0000-00-00 00:00:00', '0000-00-00 00:00:00', ''),
(203, 4, 26, 1, 1, 2, '00:00:06', '0000-00-00 00:00:00', '0000-00-00 00:00:00', '2025-02-10 11:38:28', '2025-02-10 11:38:34', '0000-00-00 00:00:00', ''),
(204, 4, 26, 1, 1, 3, '', '0000-00-00 00:00:00', '0000-00-00 00:00:00', '0000-00-00 00:00:00', '0000-00-00 00:00:00', '2025-02-10 11:38:34', ''),
(205, 4, 25, 1, 1, 1, '00:00:20', '2025-02-10 11:53:07', '2025-02-10 11:53:27', '0000-00-00 00:00:00', '0000-00-00 00:00:00', '0000-00-00 00:00:00', ''),
(206, 4, 25, 1, 1, 3, '', '0000-00-00 00:00:00', '0000-00-00 00:00:00', '0000-00-00 00:00:00', '0000-00-00 00:00:00', '2025-02-10 11:53:27', ''),
(207, 4, 32, 1, 1, 1, '00:04:56', '2025-02-10 19:30:42', '2025-02-10 19:35:38', '0000-00-00 00:00:00', '0000-00-00 00:00:00', '0000-00-00 00:00:00', ''),
(208, 4, 32, 1, 1, 2, '00:00:43', '0000-00-00 00:00:00', '0000-00-00 00:00:00', '2025-02-10 19:35:38', '2025-02-10 19:36:21', '0000-00-00 00:00:00', ''),
(209, 4, 32, 1, 1, 4, '00:00:40', '2025-02-10 19:36:21', '2025-02-10 19:37:01', '0000-00-00 00:00:00', '0000-00-00 00:00:00', '0000-00-00 00:00:00', ''),
(210, 4, 32, 1, 2, 3, '', '0000-00-00 00:00:00', '0000-00-00 00:00:00', '0000-00-00 00:00:00', '0000-00-00 00:00:00', '2025-02-10 19:37:01', ''),
(211, 4, 33, 1, 1, 1, '00:00:37', '2025-02-11 16:16:21', '2025-02-11 16:16:58', '0000-00-00 00:00:00', '0000-00-00 00:00:00', '0000-00-00 00:00:00', ''),
(212, 4, 33, 1, 1, 3, '', '0000-00-00 00:00:00', '0000-00-00 00:00:00', '0000-00-00 00:00:00', '0000-00-00 00:00:00', '2025-02-11 16:16:58', ''),
(213, 4, 34, 1, 1, 1, '00:00:37', '2025-02-11 18:36:37', '2025-02-11 18:37:14', '0000-00-00 00:00:00', '0000-00-00 00:00:00', '0000-00-00 00:00:00', ''),
(214, 4, 34, 1, 1, 3, '', '0000-00-00 00:00:00', '0000-00-00 00:00:00', '0000-00-00 00:00:00', '0000-00-00 00:00:00', '2025-02-11 18:37:14', ''),
(215, 4, 34, 1, 1, 1, '', '2025-02-12 12:42:40', '0000-00-00 00:00:00', '0000-00-00 00:00:00', '0000-00-00 00:00:00', '0000-00-00 00:00:00', ''),
(216, 4, 34, 1, 1, 1, '', '2025-02-12 12:43:45', '0000-00-00 00:00:00', '0000-00-00 00:00:00', '0000-00-00 00:00:00', '0000-00-00 00:00:00', ''),
(217, 4, 34, 1, 1, 1, '', '2025-02-12 12:50:12', '0000-00-00 00:00:00', '0000-00-00 00:00:00', '0000-00-00 00:00:00', '0000-00-00 00:00:00', ''),
(218, 4, 34, 27, 1, 1, '', '2025-02-12 13:06:54', '0000-00-00 00:00:00', '0000-00-00 00:00:00', '0000-00-00 00:00:00', '0000-00-00 00:00:00', ''),
(219, 4, 34, 27, 1, 1, '', '2025-02-12 13:09:29', '0000-00-00 00:00:00', '0000-00-00 00:00:00', '0000-00-00 00:00:00', '0000-00-00 00:00:00', ''),
(220, 4, 34, 27, 1, 1, '', '2025-02-12 13:11:12', '0000-00-00 00:00:00', '0000-00-00 00:00:00', '0000-00-00 00:00:00', '0000-00-00 00:00:00', ''),
(221, 4, 34, 27, 1, 1, '', '2025-02-12 13:14:45', '0000-00-00 00:00:00', '0000-00-00 00:00:00', '0000-00-00 00:00:00', '0000-00-00 00:00:00', ''),
(222, 4, 34, 27, 1, 1, '', '2025-02-12 13:15:48', '0000-00-00 00:00:00', '0000-00-00 00:00:00', '0000-00-00 00:00:00', '0000-00-00 00:00:00', ''),
(223, 4, 34, 27, 1, 1, '', '2025-02-12 13:17:54', '0000-00-00 00:00:00', '0000-00-00 00:00:00', '0000-00-00 00:00:00', '0000-00-00 00:00:00', ''),
(224, 4, 34, 27, 1, 1, '00:00:22', '2025-02-12 13:24:06', '2025-02-12 13:24:28', '0000-00-00 00:00:00', '0000-00-00 00:00:00', '0000-00-00 00:00:00', ''),
(225, 4, 34, 27, 1, 3, '', '0000-00-00 00:00:00', '0000-00-00 00:00:00', '0000-00-00 00:00:00', '0000-00-00 00:00:00', '2025-02-12 13:24:28', ''),
(226, 4, 34, 27, 1, 1, '', '2025-02-12 13:31:52', '0000-00-00 00:00:00', '0000-00-00 00:00:00', '0000-00-00 00:00:00', '0000-00-00 00:00:00', ''),
(227, 4, 34, 27, 1, 1, '', '2025-02-12 13:33:15', '0000-00-00 00:00:00', '0000-00-00 00:00:00', '0000-00-00 00:00:00', '0000-00-00 00:00:00', ''),
(228, 4, 33, 27, 1, 1, '00:00:35', '2025-02-12 13:38:36', '2025-02-12 13:39:11', '0000-00-00 00:00:00', '0000-00-00 00:00:00', '0000-00-00 00:00:00', ''),
(229, 4, 33, 27, 1, 3, '', '0000-00-00 00:00:00', '0000-00-00 00:00:00', '0000-00-00 00:00:00', '0000-00-00 00:00:00', '2025-02-12 13:39:11', 'Some other priority work'),
(230, 4, 30, 1, 1, 1, '', '2025-02-12 13:48:05', '0000-00-00 00:00:00', '0000-00-00 00:00:00', '0000-00-00 00:00:00', '0000-00-00 00:00:00', ''),
(231, 4, 33, 1, 1, 1, '00:00:49', '2025-02-12 19:54:17', '2025-02-12 19:55:06', '0000-00-00 00:00:00', '0000-00-00 00:00:00', '0000-00-00 00:00:00', ''),
(232, 4, 33, 1, 1, 3, '', '0000-00-00 00:00:00', '0000-00-00 00:00:00', '0000-00-00 00:00:00', '0000-00-00 00:00:00', '2025-02-12 19:55:06', 'Work on another module'),
(233, 4, 33, 1, 1, 1, '00:01:56', '2025-02-12 19:55:29', '2025-02-12 19:57:25', '0000-00-00 00:00:00', '0000-00-00 00:00:00', '0000-00-00 00:00:00', ''),
(234, 4, 33, 1, 1, 2, '00:02:03', '0000-00-00 00:00:00', '0000-00-00 00:00:00', '2025-02-12 19:57:25', '2025-02-12 19:59:28', '0000-00-00 00:00:00', ''),
(235, 4, 33, 1, 1, 3, '', '0000-00-00 00:00:00', '0000-00-00 00:00:00', '0000-00-00 00:00:00', '0000-00-00 00:00:00', '2025-02-12 19:59:28', 'Work on another module'),
(236, 4, 30, 1, 1, 1, '00:02:02', '2025-02-12 20:00:33', '2025-02-12 20:02:35', '0000-00-00 00:00:00', '0000-00-00 00:00:00', '0000-00-00 00:00:00', ''),
(237, 4, 30, 1, 1, 3, '', '0000-00-00 00:00:00', '0000-00-00 00:00:00', '0000-00-00 00:00:00', '0000-00-00 00:00:00', '2025-02-12 20:02:35', 'Work on another module'),
(238, 4, 33, 1, 1, 1, '00:00:22', '2025-02-12 20:05:00', '2025-02-12 20:05:22', '0000-00-00 00:00:00', '0000-00-00 00:00:00', '0000-00-00 00:00:00', ''),
(239, 4, 33, 1, 1, 2, '00:00:21', '0000-00-00 00:00:00', '0000-00-00 00:00:00', '2025-02-12 20:05:22', '2025-02-12 20:05:43', '0000-00-00 00:00:00', ''),
(240, 4, 33, 1, 1, 4, '00:00:39', '2025-02-12 20:05:43', '2025-02-12 20:06:22', '0000-00-00 00:00:00', '0000-00-00 00:00:00', '0000-00-00 00:00:00', ''),
(241, 4, 33, 1, 1, 3, '', '0000-00-00 00:00:00', '0000-00-00 00:00:00', '0000-00-00 00:00:00', '0000-00-00 00:00:00', '2025-02-12 20:06:22', 'next day start time finish'),
(242, 4, 33, 1, 1, 1, '00:00:39', '2025-02-13 08:41:48', '2025-02-13 08:42:27', '0000-00-00 00:00:00', '0000-00-00 00:00:00', '0000-00-00 00:00:00', ''),
(243, 4, 33, 1, 1, 3, '', '0000-00-00 00:00:00', '0000-00-00 00:00:00', '0000-00-00 00:00:00', '0000-00-00 00:00:00', '2025-02-13 08:42:27', 'Send for testing'),
(244, 4, 34, 1, 1, 1, '00:00:34', '2025-02-13 12:45:27', '2025-02-13 12:46:01', '0000-00-00 00:00:00', '0000-00-00 00:00:00', '0000-00-00 00:00:00', ''),
(245, 4, 34, 1, 1, 2, '00:00:48', '0000-00-00 00:00:00', '0000-00-00 00:00:00', '2025-02-13 12:46:01', '2025-02-13 12:46:49', '0000-00-00 00:00:00', ''),
(246, 4, 34, 1, 1, 4, '00:00:53', '2025-02-13 12:46:49', '2025-02-13 12:47:42', '0000-00-00 00:00:00', '0000-00-00 00:00:00', '0000-00-00 00:00:00', ''),
(247, 4, 34, 1, 1, 3, '', '0000-00-00 00:00:00', '0000-00-00 00:00:00', '0000-00-00 00:00:00', '0000-00-00 00:00:00', '2025-02-13 12:47:42', 'for testing purpose'),
(248, 4, 34, 1, 1, 1, '00:01:46', '2025-02-13 12:48:19', '2025-02-13 12:50:05', '0000-00-00 00:00:00', '0000-00-00 00:00:00', '0000-00-00 00:00:00', ''),
(249, 4, 34, 1, 1, 2, '00:00:26', '0000-00-00 00:00:00', '0000-00-00 00:00:00', '2025-02-13 12:50:05', '2025-02-13 12:50:31', '0000-00-00 00:00:00', ''),
(250, 4, 34, 1, 1, 3, '', '0000-00-00 00:00:00', '0000-00-00 00:00:00', '0000-00-00 00:00:00', '0000-00-00 00:00:00', '2025-02-13 12:50:31', 'tesst'),
(251, 4, 34, 1, 1, 1, '00:00:04', '2025-02-13 12:53:49', '2025-02-13 12:53:53', '0000-00-00 00:00:00', '0000-00-00 00:00:00', '0000-00-00 00:00:00', ''),
(252, 4, 34, 1, 1, 2, '', '0000-00-00 00:00:00', '0000-00-00 00:00:00', '2025-02-13 12:53:53', '0000-00-00 00:00:00', '0000-00-00 00:00:00', ''),
(253, 6, 35, 1, 1, 1, '', '2025-02-14 12:10:15', '0000-00-00 00:00:00', '0000-00-00 00:00:00', '0000-00-00 00:00:00', '0000-00-00 00:00:00', ''),
(254, 6, 36, 1, 1, 1, '', '2025-02-14 12:11:12', '0000-00-00 00:00:00', '0000-00-00 00:00:00', '0000-00-00 00:00:00', '0000-00-00 00:00:00', ''),
(255, 6, 36, 1, 1, 1, '', '2025-02-14 12:11:23', '0000-00-00 00:00:00', '0000-00-00 00:00:00', '0000-00-00 00:00:00', '0000-00-00 00:00:00', ''),
(256, 6, 36, 1, 1, 1, '', '2025-02-14 12:26:45', '0000-00-00 00:00:00', '0000-00-00 00:00:00', '0000-00-00 00:00:00', '0000-00-00 00:00:00', ''),
(257, 6, 36, 1, 1, 1, '', '2025-02-14 12:28:00', '0000-00-00 00:00:00', '0000-00-00 00:00:00', '0000-00-00 00:00:00', '0000-00-00 00:00:00', ''),
(258, 6, 36, 1, 1, 1, '', '2025-02-14 12:28:29', '0000-00-00 00:00:00', '0000-00-00 00:00:00', '0000-00-00 00:00:00', '0000-00-00 00:00:00', ''),
(259, 6, 36, 1, 1, 1, '00:00:10', '2025-02-14 12:38:54', '2025-02-14 12:39:04', '0000-00-00 00:00:00', '0000-00-00 00:00:00', '0000-00-00 00:00:00', ''),
(260, 6, 36, 1, 1, 3, '', '0000-00-00 00:00:00', '0000-00-00 00:00:00', '0000-00-00 00:00:00', '0000-00-00 00:00:00', '2025-02-14 12:39:04', 'for testing purpose'),
(261, 6, 36, 1, 1, 1, '00:00:08', '2025-02-14 12:39:07', '2025-02-14 12:39:15', '0000-00-00 00:00:00', '0000-00-00 00:00:00', '0000-00-00 00:00:00', ''),
(262, 6, 36, 1, 1, 2, '00:00:01', '0000-00-00 00:00:00', '0000-00-00 00:00:00', '2025-02-14 12:39:15', '2025-02-14 12:39:16', '0000-00-00 00:00:00', ''),
(263, 6, 36, 1, 1, 4, '00:00:46', '2025-02-14 12:39:16', '2025-02-14 12:40:02', '0000-00-00 00:00:00', '0000-00-00 00:00:00', '0000-00-00 00:00:00', ''),
(264, 6, 36, 1, 1, 3, '', '0000-00-00 00:00:00', '0000-00-00 00:00:00', '0000-00-00 00:00:00', '0000-00-00 00:00:00', '2025-02-14 12:40:02', 'for testing purpose'),
(265, 6, 36, 1, 1, 1, '00:03:27', '2025-02-14 12:42:31', '2025-02-14 12:45:58', '0000-00-00 00:00:00', '0000-00-00 00:00:00', '0000-00-00 00:00:00', ''),
(266, 6, 36, 1, 1, 3, '', '0000-00-00 00:00:00', '0000-00-00 00:00:00', '0000-00-00 00:00:00', '0000-00-00 00:00:00', '2025-02-14 12:45:58', 'for testing purpose'),
(267, 6, 36, 1, 1, 1, '00:04:29', '2025-02-14 12:46:05', '2025-02-14 12:50:34', '0000-00-00 00:00:00', '0000-00-00 00:00:00', '0000-00-00 00:00:00', ''),
(268, 6, 36, 1, 1, 2, '00:00:20', '0000-00-00 00:00:00', '0000-00-00 00:00:00', '2025-02-14 12:50:34', '2025-02-14 12:50:54', '0000-00-00 00:00:00', ''),
(269, 6, 36, 1, 1, 3, '', '0000-00-00 00:00:00', '0000-00-00 00:00:00', '0000-00-00 00:00:00', '0000-00-00 00:00:00', '2025-02-14 12:50:54', 'for testing purpose'),
(270, 6, 36, 1, 1, 1, '00:00:05', '2025-02-14 12:51:07', '2025-02-14 12:51:12', '0000-00-00 00:00:00', '0000-00-00 00:00:00', '0000-00-00 00:00:00', ''),
(271, 6, 36, 1, 1, 3, '', '0000-00-00 00:00:00', '0000-00-00 00:00:00', '0000-00-00 00:00:00', '0000-00-00 00:00:00', '2025-02-14 12:51:12', 'for testing purpose'),
(272, 2, 37, 1, 1, 1, '00:00:11', '2025-02-14 16:21:21', '2025-02-14 16:21:32', '0000-00-00 00:00:00', '0000-00-00 00:00:00', '0000-00-00 00:00:00', ''),
(273, 2, 37, 1, 1, 2, '00:00:11', '0000-00-00 00:00:00', '0000-00-00 00:00:00', '2025-02-14 16:21:32', '2025-02-14 16:21:43', '0000-00-00 00:00:00', ''),
(274, 2, 37, 1, 1, 4, '00:00:22', '2025-02-14 16:21:43', '2025-02-14 16:22:05', '0000-00-00 00:00:00', '0000-00-00 00:00:00', '0000-00-00 00:00:00', ''),
(275, 2, 37, 1, 2, 3, '', '0000-00-00 00:00:00', '0000-00-00 00:00:00', '0000-00-00 00:00:00', '0000-00-00 00:00:00', '2025-02-14 16:22:05', 'completed '),
(276, 2, 38, 1, 1, 1, '00:00:19', '2025-03-01 09:29:08', '2025-03-01 09:29:27', '0000-00-00 00:00:00', '0000-00-00 00:00:00', '0000-00-00 00:00:00', ''),
(277, 2, 38, 1, 1, 2, '00:00:12', '0000-00-00 00:00:00', '0000-00-00 00:00:00', '2025-03-01 09:29:27', '2025-03-01 09:29:39', '0000-00-00 00:00:00', ''),
(278, 2, 38, 1, 1, 4, '00:00:27', '2025-03-01 09:29:39', '2025-03-01 09:30:06', '0000-00-00 00:00:00', '0000-00-00 00:00:00', '0000-00-00 00:00:00', ''),
(279, 2, 38, 1, 2, 3, '', '0000-00-00 00:00:00', '0000-00-00 00:00:00', '0000-00-00 00:00:00', '0000-00-00 00:00:00', '2025-03-01 09:30:06', 'completed '),
(280, 2, 39, 1, 1, 1, '00:00:27', '2025-03-15 16:58:42', '2025-03-15 16:59:09', '0000-00-00 00:00:00', '0000-00-00 00:00:00', '0000-00-00 00:00:00', ''),
(281, 2, 39, 1, 1, 3, '', '0000-00-00 00:00:00', '0000-00-00 00:00:00', '0000-00-00 00:00:00', '0000-00-00 00:00:00', '2025-03-15 16:59:09', 'End of the day'),
(282, 2, 39, 1, 1, 1, '00:00:05', '2025-03-15 16:59:30', '2025-03-15 16:59:35', '0000-00-00 00:00:00', '0000-00-00 00:00:00', '0000-00-00 00:00:00', ''),
(283, 2, 39, 1, 1, 2, '00:00:06', '0000-00-00 00:00:00', '0000-00-00 00:00:00', '2025-03-15 16:59:35', '2025-03-15 16:59:41', '0000-00-00 00:00:00', ''),
(284, 2, 39, 1, 1, 4, '00:00:39', '2025-03-15 16:59:41', '2025-03-15 17:00:20', '0000-00-00 00:00:00', '0000-00-00 00:00:00', '0000-00-00 00:00:00', ''),
(285, 2, 39, 1, 2, 3, '', '0000-00-00 00:00:00', '0000-00-00 00:00:00', '0000-00-00 00:00:00', '0000-00-00 00:00:00', '2025-03-15 17:00:20', 'End of the day'),
(286, 6, 35, 1, 1, 1, '00:00:14', '2025-03-15 17:20:18', '2025-03-15 17:20:32', '0000-00-00 00:00:00', '0000-00-00 00:00:00', '0000-00-00 00:00:00', ''),
(287, 6, 35, 1, 2, 3, '', '0000-00-00 00:00:00', '0000-00-00 00:00:00', '0000-00-00 00:00:00', '0000-00-00 00:00:00', '2025-03-15 17:20:32', 'finished'),
(288, 7, 40, 1, 1, 1, '', '2025-04-25 16:45:00', '0000-00-00 00:00:00', '0000-00-00 00:00:00', '0000-00-00 00:00:00', '0000-00-00 00:00:00', ''),
(289, 7, 40, 1, 1, 1, '', '2025-04-25 16:51:09', '0000-00-00 00:00:00', '0000-00-00 00:00:00', '0000-00-00 00:00:00', '0000-00-00 00:00:00', ''),
(290, 7, 40, 1, 1, 1, '', '2025-04-25 16:51:19', '0000-00-00 00:00:00', '0000-00-00 00:00:00', '0000-00-00 00:00:00', '0000-00-00 00:00:00', ''),
(291, 7, 40, 1, 1, 1, '', '2025-04-25 16:51:32', '0000-00-00 00:00:00', '0000-00-00 00:00:00', '0000-00-00 00:00:00', '0000-00-00 00:00:00', ''),
(292, 7, 40, 1, 1, 1, '', '2025-04-25 16:52:30', '0000-00-00 00:00:00', '0000-00-00 00:00:00', '0000-00-00 00:00:00', '0000-00-00 00:00:00', ''),
(293, 7, 40, 1, 1, 1, '', '2025-04-25 17:16:39', '0000-00-00 00:00:00', '0000-00-00 00:00:00', '0000-00-00 00:00:00', '0000-00-00 00:00:00', ''),
(294, 7, 41, 1, 1, 1, '00:00:43', '2025-04-25 17:17:22', '2025-04-25 17:18:05', '0000-00-00 00:00:00', '0000-00-00 00:00:00', '0000-00-00 00:00:00', ''),
(295, 7, 41, 1, 1, 2, '00:00:07', '0000-00-00 00:00:00', '0000-00-00 00:00:00', '2025-04-25 17:18:05', '2025-04-25 17:18:12', '0000-00-00 00:00:00', ''),
(296, 7, 41, 1, 1, 4, '00:00:04', '2025-04-25 17:18:12', '2025-04-25 17:18:16', '0000-00-00 00:00:00', '0000-00-00 00:00:00', '0000-00-00 00:00:00', ''),
(297, 7, 41, 1, 1, 2, '', '0000-00-00 00:00:00', '0000-00-00 00:00:00', '2025-04-25 17:18:16', '0000-00-00 00:00:00', '0000-00-00 00:00:00', ''),
(298, 7, 41, 1, 1, 1, '00:00:05', '2025-04-25 17:36:08', '2025-04-25 17:36:13', '0000-00-00 00:00:00', '0000-00-00 00:00:00', '0000-00-00 00:00:00', ''),
(299, 7, 41, 1, 1, 2, '00:01:40', '0000-00-00 00:00:00', '0000-00-00 00:00:00', '2025-04-25 17:36:13', '2025-04-25 17:37:53', '0000-00-00 00:00:00', ''),
(300, 7, 41, 1, 1, 4, '00:00:32', '2025-04-25 17:37:53', '2025-04-25 17:38:25', '0000-00-00 00:00:00', '0000-00-00 00:00:00', '0000-00-00 00:00:00', ''),
(301, 7, 41, 1, 1, 2, '00:00:26', '0000-00-00 00:00:00', '0000-00-00 00:00:00', '2025-04-25 17:38:25', '2025-04-25 17:38:51', '0000-00-00 00:00:00', ''),
(302, 7, 41, 1, 1, 4, '', '2025-04-25 17:38:51', '0000-00-00 00:00:00', '0000-00-00 00:00:00', '0000-00-00 00:00:00', '0000-00-00 00:00:00', ''),
(303, 7, 41, 1, 1, 1, '', '2025-04-25 18:39:17', '0000-00-00 00:00:00', '0000-00-00 00:00:00', '0000-00-00 00:00:00', '0000-00-00 00:00:00', ''),
(304, 7, 42, 1, 1, 1, '00:06:06', '2025-04-26 11:21:27', '2025-04-26 11:27:33', '0000-00-00 00:00:00', '0000-00-00 00:00:00', '0000-00-00 00:00:00', ''),
(305, 7, 42, 1, 1, 2, '', '0000-00-00 00:00:00', '0000-00-00 00:00:00', '2025-04-26 11:27:33', '0000-00-00 00:00:00', '0000-00-00 00:00:00', '');

-- --------------------------------------------------------

--
-- Table structure for table `project_task_report`
--

CREATE TABLE `project_task_report` (
  `ptr_id` int(50) NOT NULL,
  `project_id` int(50) NOT NULL,
  `task_id` int(50) NOT NULL,
  `spend_hour` varchar(50) NOT NULL,
  `complete_hours` varchar(50) NOT NULL,
  `user_id` int(50) NOT NULL,
  `project_task_status` int(50) NOT NULL COMMENT '2-complated',
  `start_date` datetime NOT NULL,
  `end_date` datetime NOT NULL
) ENGINE=InnoDB DEFAULT CHARSET=utf8mb4 COLLATE=utf8mb4_general_ci;

--
-- Dumping data for table `project_task_report`
--

INSERT INTO `project_task_report` (`ptr_id`, `project_id`, `task_id`, `spend_hour`, `complete_hours`, `user_id`, `project_task_status`, `start_date`, `end_date`) VALUES
(24, 4, 30, '00:02:50', '00:00:17', 1, 2, '2025-02-10 00:00:00', '0000-00-00 00:00:00'),
(25, 4, 25, '03:30:26', '', 1, 1, '2025-02-10 00:00:00', '0000-00-00 00:00:00'),
(26, 4, 26, '00:00:35', '', 1, 1, '2025-02-10 00:00:00', '0000-00-00 00:00:00'),
(27, 4, 32, '00:05:36', '00:05:36', 1, 5, '2025-02-10 00:00:00', '0000-00-00 00:00:00'),
(28, 4, 33, '00:05:37', '', 1, 3, '2025-02-11 00:00:00', '0000-00-00 00:00:00'),
(29, 4, 34, '00:04:16', '', 1, 3, '2025-02-11 00:00:00', '0000-00-00 00:00:00'),
(30, 6, 35, '00:00:14', '00:00:14', 1, 5, '2025-02-14 00:00:00', '0000-00-00 00:00:00'),
(31, 6, 36, '00:09:05', '', 1, 4, '2025-02-14 00:00:00', '0000-00-00 00:00:00'),
(32, 2, 37, '00:00:33', '00:00:33', 1, 5, '2025-02-14 00:00:00', '0000-00-00 00:00:00'),
(33, 2, 38, '00:00:46', '00:00:46', 1, 5, '2025-03-01 00:00:00', '0000-00-00 00:00:00'),
(34, 2, 39, '00:01:11', '00:01:11', 1, 5, '2025-03-15 00:00:00', '0000-00-00 00:00:00'),
(35, 7, 40, '', '', 1, 1, '2025-04-25 00:00:00', '0000-00-00 00:00:00'),
(36, 7, 41, '00:01:24', '', 1, 1, '2025-04-25 00:00:00', '0000-00-00 00:00:00'),
(37, 7, 42, '00:06:06', '', 1, 1, '2025-04-26 00:00:00', '0000-00-00 00:00:00');

-- --------------------------------------------------------

--
-- Table structure for table `project_time_sheet`
--

CREATE TABLE `project_time_sheet` (
  `pts_id` int(11) NOT NULL,
  `project_id` int(11) DEFAULT NULL,
  `tags` varchar(100) DEFAULT NULL,
  `start_time` datetime DEFAULT NULL,
  `end_time` datetime DEFAULT NULL,
  `task` int(11) DEFAULT NULL,
  `member` int(11) DEFAULT NULL,
  `note` text DEFAULT NULL
) ENGINE=InnoDB DEFAULT CHARSET=latin1 COLLATE=latin1_swedish_ci;

--
-- Dumping data for table `project_time_sheet`
--

INSERT INTO `project_time_sheet` (`pts_id`, `project_id`, `tags`, `start_time`, `end_time`, `task`, `member`, `note`) VALUES
(1, 1, 'TDS', '2022-04-25 15:22:00', '2022-04-30 15:23:00', 1, 1, ''),
(3, 9, 'TEDS', '2022-07-29 14:32:00', '2022-07-30 18:00:00', 8, 1, ''),
(4, 1, 'new', '2022-07-29 15:28:00', '2022-08-03 15:29:00', 9, 1, 'ok'),
(5, 1, 'goods', '2022-07-29 17:00:00', '2022-07-30 15:31:00', 9, 8, ''),
(6, 9, 'SA', '2022-07-29 15:59:00', '2022-07-30 21:00:00', 8, 1, 'add'),
(7, 1, 'new timesheet', '2022-07-29 16:31:00', '2022-07-30 16:31:00', 9, 1, 'test122'),
(9, 3, '', '2022-10-14 14:00:00', '2022-10-14 15:00:00', 16, 1, ''),
(10, 1, '', '2024-11-16 17:00:00', '2024-11-16 19:00:00', 17, 1, ''),
(11, 1, 'tst', '2024-11-16 17:00:00', '2024-11-16 18:00:00', 9, 1, 'Test'),
(12, 10, 'First TS', '2025-02-05 11:00:00', '2025-02-05 14:00:00', 14, 9, 'First Task period'),
(13, 10, '', '2025-02-04 14:00:00', '2025-02-04 15:00:00', 18, 1, ''),
(14, 10, '', '2025-02-04 16:00:00', '2025-02-04 18:00:00', 19, 1, ''),
(15, 0, '', '2025-02-06 00:00:00', '2025-02-11 00:00:00', 1, 1, ''),
(16, 0, '', '2025-02-06 00:00:00', '2025-02-10 00:00:00', 21, 1, ''),
(17, 0, '', '2025-02-07 00:00:00', '2025-02-15 00:00:00', 22, 1, ''),
(18, 0, '', '2025-02-06 00:00:00', '2025-02-19 00:00:00', 24, 1, ''),
(19, 0, '', '2025-02-06 00:00:00', '2025-02-19 00:00:00', 25, 1, ''),
(20, 0, '', '2025-02-06 00:00:00', '2025-02-21 00:00:00', 26, 1, ''),
(21, 0, '', '2025-02-06 00:00:00', '2025-02-07 00:00:00', 27, 1, ''),
(22, 0, '', '2025-02-07 00:00:00', '2025-02-07 00:00:00', 28, 1, ''),
(23, 0, '', '2025-02-06 00:00:00', '2025-02-07 00:00:00', 29, 1, ''),
(24, 0, '', '2025-02-07 00:00:00', '2025-02-08 00:00:00', 30, 1, ''),
(25, 0, '', '2025-02-10 00:00:00', '2025-02-11 00:00:00', 31, 1, ''),
(26, 0, '', '2025-02-10 00:00:00', '2025-02-19 00:00:00', 32, 1, ''),
(27, 0, '', '2025-02-12 00:00:00', '2025-02-12 00:00:00', 33, 1, ''),
(28, 0, '', '2025-02-12 00:00:00', '2025-02-12 00:00:00', 34, 1, ''),
(29, 0, '', '2025-02-13 00:00:00', '2025-02-14 00:00:00', 35, 1, ''),
(30, 0, '', '2025-02-15 00:00:00', '2025-02-16 00:00:00', 36, 1, ''),
(31, 0, '', '2025-02-14 00:00:00', '2025-02-14 00:00:00', 37, 1, ''),
(32, 0, '', '2025-03-01 00:00:00', '2025-03-02 00:00:00', 38, 1, ''),
(33, 0, '', '2025-03-15 00:00:00', '2025-03-18 00:00:00', 39, 1, ''),
(34, 0, '', '2025-04-02 00:00:00', '2025-04-05 00:00:00', 40, 1, ''),
(35, 0, '', '2025-04-25 00:00:00', '2025-04-02 00:00:00', 41, 1, ''),
(36, 0, '', '2025-04-26 00:00:00', '2025-04-28 00:00:00', 42, 1, ''),
(37, 0, NULL, '2025-05-03 00:00:00', NULL, 3, 1, NULL);

-- --------------------------------------------------------

--
-- Table structure for table `project_type_tbl`
--

CREATE TABLE `project_type_tbl` (
  `pt_id` int(50) NOT NULL,
  `project_type` varchar(100) NOT NULL,
  `pt_added_on` timestamp NOT NULL DEFAULT current_timestamp() ON UPDATE current_timestamp(),
  `status` tinyint(1) NOT NULL DEFAULT 1
) ENGINE=InnoDB DEFAULT CHARSET=utf8mb4 COLLATE=utf8mb4_general_ci;

--
-- Dumping data for table `project_type_tbl`
--

INSERT INTO `project_type_tbl` (`pt_id`, `project_type`, `pt_added_on`, `status`) VALUES
(1, 'Web Development', '2024-11-26 12:46:11', 1),
(2, 'Application Development \r\n', '2024-11-26 12:46:16', 1),
(3, 'Dynamic Website Development', '2024-11-26 12:46:52', 1),
(4, 'Python Development ', '2024-11-26 12:46:52', 1),
(5, 'Java Web Development', '2024-11-26 12:46:52', 1),
(6, 'Wordpress Web Development', '2024-11-26 12:46:52', 1),
(7, 'Affilated Marketing', '2025-02-10 13:48:33', 1),
(8, 'Digital Marketing', '2025-02-10 13:56:25', 1),
(9, 'Req1', '2025-02-10 14:27:47', 1),
(10, 'Digital Market', '2025-02-12 02:44:28', 1),
(11, 'Edit check', '2025-02-12 02:45:28', 1),
(12, 'type11111', '2025-02-12 05:44:57', 1),
(13, 'Website development', '2025-04-29 10:05:39', 1);

-- --------------------------------------------------------

--
-- Table structure for table `project_wise_bug`
--

CREATE TABLE `project_wise_bug` (
  `bug_id` int(11) NOT NULL,
  `bug_project_id` int(11) DEFAULT NULL,
  `bug_assign_by_id` int(11) DEFAULT NULL,
  `bug_assign_to_id` int(11) DEFAULT NULL,
  `bug_title` text DEFAULT NULL,
  `bug_description` text DEFAULT NULL,
  `bug_type` int(11) NOT NULL DEFAULT 1 COMMENT '1:UI/2:Backend/3:Other',
  `bug_assign_date` varchar(20) DEFAULT NULL,
  `bug_priority` int(11) NOT NULL DEFAULT 1 COMMENT '1-Critical/ 2-High/3-Medium/4-Low,',
  `bug_instimate_end_date` varchar(20) DEFAULT NULL,
  `bug_start_date` varchar(20) DEFAULT NULL,
  `bug_end_date` varchar(20) DEFAULT NULL,
  `bug_total_time_assign` varchar(10) DEFAULT NULL,
  `bug_total_time_taken` varchar(10) DEFAULT NULL,
  `bug_report_status` int(11) NOT NULL DEFAULT 1 COMMENT '1:pending/2:complete/3:hold/4:reject/5:in progress'
) ENGINE=InnoDB DEFAULT CHARSET=utf8mb4 COLLATE=utf8mb4_general_ci;

--
-- Dumping data for table `project_wise_bug`
--

INSERT INTO `project_wise_bug` (`bug_id`, `bug_project_id`, `bug_assign_by_id`, `bug_assign_to_id`, `bug_title`, `bug_description`, `bug_type`, `bug_assign_date`, `bug_priority`, `bug_instimate_end_date`, `bug_start_date`, `bug_end_date`, `bug_total_time_assign`, `bug_total_time_taken`, `bug_report_status`) VALUES
(1, 1, 1, 22, 'Testing', 'Tesung111', 0, NULL, 0, '2024-12-28', '2024-12-20', '2024-12-25', NULL, NULL, 2),
(2, 1, 1, 24, 'Login 1', 'login failed', 3, NULL, 2, '2024-12-19', '2024-12-20', '2024-12-21', NULL, NULL, 1),
(3, 4, 1, 25, 'date validation missing in leave module', 'date validation missing in leave module', 2, NULL, 5, '2025-02-15', '2025-02-15', '2025-02-16', NULL, NULL, 6),
(4, 7, 1, 25, 'stock report- ', 'after placing order stock not minus from stock report', 2, NULL, 2, '2025-04-29', '2025-04-28', '2025-04-29', NULL, NULL, 4);

-- --------------------------------------------------------

--
-- Table structure for table `salary_type`
--

CREATE TABLE `salary_type` (
  `id` int(14) NOT NULL,
  `salary_type` varchar(256) DEFAULT NULL,
  `create_date` varchar(256) DEFAULT NULL
) ENGINE=InnoDB DEFAULT CHARSET=utf8 COLLATE=utf8_general_ci;

--
-- Dumping data for table `salary_type`
--

INSERT INTO `salary_type` (`id`, `salary_type`, `create_date`) VALUES
(1, 'Hourly', '2017-11-22'),
(2, 'Monthly', '2017-12-30'),
(3, 'hhfgf', '2017-12-29'),
(4, 'Hourly', '2018-03-31');

-- --------------------------------------------------------

--
-- Table structure for table `service_request`
--

CREATE TABLE `service_request` (
  `sr_id` int(11) NOT NULL,
  `user_id` int(11) NOT NULL,
  `service_id` int(11) NOT NULL,
  `society_name` varchar(255) NOT NULL,
  `user_name` varchar(255) NOT NULL,
  `subject` varchar(255) NOT NULL,
  `details` text NOT NULL,
  `created_date` datetime NOT NULL DEFAULT current_timestamp(),
  `status` enum('1','2','3','0') NOT NULL DEFAULT '0'
) ENGINE=InnoDB DEFAULT CHARSET=latin1 COLLATE=latin1_swedish_ci;

-- --------------------------------------------------------

--
-- Table structure for table `social_media`
--

CREATE TABLE `social_media` (
  `id` int(14) NOT NULL,
  `emp_id` varchar(64) DEFAULT NULL,
  `facebook` varchar(256) DEFAULT NULL,
  `twitter` varchar(256) DEFAULT NULL,
  `google_plus` varchar(512) DEFAULT NULL,
  `skype_id` varchar(256) DEFAULT NULL
) ENGINE=InnoDB DEFAULT CHARSET=utf8 COLLATE=utf8_general_ci;

--
-- Dumping data for table `social_media`
--

INSERT INTO `social_media` (`id`, `emp_id`, `facebook`, `twitter`, `google_plus`, `skype_id`) VALUES
(1, '22', 'sdvsdvff', 'sdvsd111', 'vdsvds', 'vsdvds');

-- --------------------------------------------------------

--
-- Table structure for table `states`
--

CREATE TABLE `states` (
  `state_id` int(11) DEFAULT NULL,
  `state_name` varchar(31) CHARACTER SET utf8 COLLATE utf8_general_ci DEFAULT NULL,
  `state_code` int(11) DEFAULT NULL
) ENGINE=InnoDB DEFAULT CHARSET=latin1 COLLATE=latin1_swedish_ci;

--
-- Dumping data for table `states`
--

INSERT INTO `states` (`state_id`, `state_name`, `state_code`) VALUES
(1, 'JAMMU AND KASHMIR', 1),
(2, 'HIMACHAL PRADESH', 2),
(3, 'PUNJAB', 3),
(4, 'CHANDIGARH', 4),
(5, 'UTTARAKHAND', 5),
(6, 'HARYANA', 6),
(7, 'DELHI', 7),
(8, 'RAJASTHAN', 8),
(9, 'UTTAR PRADESH', 9),
(10, 'BIHAR', 10),
(11, 'SIKKIM', 11),
(12, 'ARUNACHAL PRADESH', 12),
(13, 'NAGALAND', 13),
(14, 'MANIPUR', 14),
(15, 'MIZORAM', 15),
(16, 'TRIPURA', 16),
(17, 'MEGHLAYA', 17),
(18, 'ASSAM', 18),
(19, 'WEST BENGAL', 19),
(20, 'JHARKHAND', 20),
(21, 'ODISHA', 21),
(22, 'CHATTISGARH', 22),
(23, 'MADHYA PRADESH', 23),
(24, 'GUJARAT', 24),
(25, 'DAMAN AND DIU', 25),
(26, 'DADRA AND NAGAR HAVELI', 26),
(27, 'MAHARASHTRA', 27),
(28, 'ANDHRA PRADESH(BEFORE DIVISION)', 28),
(29, 'KARNATAKA', 29),
(30, 'GOA', 30),
(31, 'LAKSHWADEEP', 31),
(32, 'KERALA', 32),
(33, 'TAMIL NADU', 33),
(34, 'PUDUCHERRY', 34),
(35, 'ANDAMAN AND NICOBAR ISLANDS', 35),
(36, 'TELANGANA', 36),
(37, 'ANDHRA PRADESH (NEW)', 37),
(1, 'JAMMU AND KASHMIR', 1),
(2, 'HIMACHAL PRADESH', 2),
(3, 'PUNJAB', 3),
(4, 'CHANDIGARH', 4),
(5, 'UTTARAKHAND', 5),
(6, 'HARYANA', 6),
(7, 'DELHI', 7),
(8, 'RAJASTHAN', 8),
(9, 'UTTAR PRADESH', 9),
(10, 'BIHAR', 10),
(11, 'SIKKIM', 11),
(12, 'ARUNACHAL PRADESH', 12),
(13, 'NAGALAND', 13),
(14, 'MANIPUR', 14),
(15, 'MIZORAM', 15),
(16, 'TRIPURA', 16),
(17, 'MEGHLAYA', 17),
(18, 'ASSAM', 18),
(19, 'WEST BENGAL', 19),
(20, 'JHARKHAND', 20),
(21, 'ODISHA', 21),
(22, 'CHATTISGARH', 22),
(23, 'MADHYA PRADESH', 23),
(24, 'GUJARAT', 24),
(25, 'DAMAN AND DIU', 25),
(26, 'DADRA AND NAGAR HAVELI', 26),
(27, 'MAHARASHTRA', 27),
(28, 'ANDHRA PRADESH(BEFORE DIVISION)', 28),
(29, 'KARNATAKA', 29),
(30, 'GOA', 30),
(31, 'LAKSHWADEEP', 31),
(32, 'KERALA', 32),
(33, 'TAMIL NADU', 33),
(34, 'PUDUCHERRY', 34),
(35, 'ANDAMAN AND NICOBAR ISLANDS', 35),
(36, 'TELANGANA', 36),
(37, 'ANDHRA PRADESH (NEW)', 37);

-- --------------------------------------------------------

--
-- Table structure for table `subcategory`
--

CREATE TABLE `subcategory` (
  `sub_category_id` int(11) NOT NULL,
  `category_id` int(11) NOT NULL,
  `sub_category_name` varchar(100) DEFAULT NULL,
  `status` varchar(10) DEFAULT '1',
  `delete_status` enum('0','1') NOT NULL DEFAULT '1',
  `date_modified` timestamp NOT NULL DEFAULT current_timestamp()
) ENGINE=InnoDB DEFAULT CHARSET=latin1 COLLATE=latin1_swedish_ci;

--
-- Dumping data for table `subcategory`
--

INSERT INTO `subcategory` (`sub_category_id`, `category_id`, `sub_category_name`, `status`, `delete_status`, `date_modified`) VALUES
(1, 2, '1.1', '1', '0', '2022-05-16 07:55:18'),
(2, 1, 'abc12', '1', '0', '2022-07-22 11:37:43'),
(3, 2, 'Story Books', '0', '0', '2022-07-27 06:18:09'),
(4, 1, 'Bottoms', '1', '0', '2022-08-02 09:33:58'),
(5, 1, 'Sub Category1', '1', '1', '2025-01-31 18:18:54'),
(6, 1, 'Sub Category 11', '1', '1', '2025-01-31 18:21:38'),
(7, 2, 'Sub Category2', '0', '1', '2025-01-31 18:22:43'),
(8, 1, 'Sub Category 31', '0', '1', '2025-02-02 21:03:48'),
(9, 3, 'Sub category41', '0', '0', '2025-02-02 21:14:20'),
(10, 3, 'subcategory422', '0', '0', '2025-02-02 21:15:39'),
(11, 4, 'subcategory33', '0', '1', '2025-02-02 21:20:58'),
(12, 2, 'subcategory44', '1', '1', '2025-02-02 21:22:55'),
(13, 3, 'subcategory110', '1', '1', '2025-02-02 21:26:05'),
(14, 3, 'sub', '1', '0', '2025-02-02 21:49:01'),
(15, 1, 'abc12', '1', '1', '2025-02-10 01:26:16'),
(16, 0, 'sc554', '1', '1', '2025-02-11 06:36:51'),
(17, 7, 'tttttt', '1', '1', '2025-02-11 06:37:59'),
(18, 1, 'hh', '1', '1', '2025-02-13 07:03:17'),
(19, 1, 'a', '1', '1', '2025-02-13 11:42:27'),
(20, 10, 'subcategory000', '1', '1', '2025-04-29 11:16:09');

-- --------------------------------------------------------

--
-- Table structure for table `task`
--

CREATE TABLE `task` (
  `task_id` int(11) NOT NULL,
  `emp_id` varchar(50) DEFAULT NULL,
  `project_id` int(11) NOT NULL,
  `task_title` text NOT NULL,
  `public` varchar(50) NOT NULL,
  `billable` varchar(50) NOT NULL,
  `bill_type` int(11) NOT NULL,
  `rate` double NOT NULL,
  `start_date` date NOT NULL,
  `end_date` date NOT NULL,
  `estimated_days` int(11) NOT NULL,
  `task_priority` int(11) NOT NULL,
  `repeat_every` int(11) NOT NULL,
  `repeat_every_custom` int(11) NOT NULL,
  `total_cycles` double NOT NULL,
  `infinity` varchar(50) NOT NULL,
  `related_to` varchar(100) NOT NULL,
  `contract` int(11) NOT NULL,
  `tags` text NOT NULL,
  `task_description` text NOT NULL,
  `visible_to_customer` varchar(50) NOT NULL,
  `milestone` int(11) NOT NULL,
  `task_status` int(11) NOT NULL DEFAULT 1,
  `attachment_file` text NOT NULL,
  `created_by` int(11) NOT NULL,
  `created_date` datetime NOT NULL DEFAULT current_timestamp(),
  `updated_date` datetime NOT NULL,
  `is_invoice_generated` enum('1','0') NOT NULL DEFAULT '0',
  `milestone_id` int(11) NOT NULL,
  `status` enum('1','0') NOT NULL DEFAULT '1'
) ENGINE=InnoDB DEFAULT CHARSET=latin1 COLLATE=latin1_swedish_ci;

--
-- Dumping data for table `task`
--

INSERT INTO `task` (`task_id`, `emp_id`, `project_id`, `task_title`, `public`, `billable`, `bill_type`, `rate`, `start_date`, `end_date`, `estimated_days`, `task_priority`, `repeat_every`, `repeat_every_custom`, `total_cycles`, `infinity`, `related_to`, `contract`, `tags`, `task_description`, `visible_to_customer`, `milestone`, `task_status`, `attachment_file`, `created_by`, `created_date`, `updated_date`, `is_invoice_generated`, `milestone_id`, `status`) VALUES
(1, '25', 7, 'Admin Panel', '', '', 0, 0, '2025-05-06', '2025-05-17', 0, 0, 0, 0, 0, '', '', 0, '', '', '', 0, 0, '', 1, '2025-05-03 13:25:50', '0000-00-00 00:00:00', '0', 0, '1'),
(2, NULL, 2, 'Admin Panel', '', '', 0, 0, '2025-05-03', '2025-05-17', 5, 2, 10, 0, 0, '', 'Project', 0, '', 'Sample task description goes here.', '', 0, 1, '', 1, '2025-05-03 13:33:21', '0000-00-00 00:00:00', '0', 0, '1'),
(3, NULL, 2, 'Admin Panel', '', '', 0, 0, '2025-05-03', '2025-05-17', 5, 2, 10, 0, 0, '', 'Project', 0, '', 'Sample task description goes here.', '', 0, 1, '', 1, '2025-05-03 13:34:07', '0000-00-00 00:00:00', '0', 0, '1');

-- --------------------------------------------------------

--
-- Table structure for table `task_image`
--

CREATE TABLE `task_image` (
  `task_img_id` int(11) NOT NULL,
  `task_id` int(11) NOT NULL,
  `file_type` int(11) NOT NULL,
  `image_name` varchar(255) DEFAULT NULL,
  `status` enum('0','1') DEFAULT '1' COMMENT '0:Disabled, 1:Enabled',
  `date_modified` timestamp NOT NULL DEFAULT current_timestamp() ON UPDATE current_timestamp()
) ENGINE=InnoDB DEFAULT CHARSET=latin1 COLLATE=latin1_swedish_ci;

--
-- Dumping data for table `task_image`
--

INSERT INTO `task_image` (`task_img_id`, `task_id`, `file_type`, `image_name`, `status`, `date_modified`) VALUES
(4, 24, 0, '1394958147downloadR.png', '1', '2025-02-06 05:27:38'),
(14, 25, 0, '238534062_icons8-double-left-arrow-24.png', '1', '2025-02-07 10:04:15'),
(15, 25, 0, '1775505356_Allsoft.png', '1', '2025-02-07 10:11:34'),
(16, 30, 0, '781843439bitP.jpg', '1', '2025-02-07 13:35:33'),
(17, 30, 0, '183298831nortan360D3.jpg', '1', '2025-02-07 13:35:33'),
(18, 26, 0, '1410499730_bitFP.jpg', '1', '2025-02-07 13:38:19'),
(19, 26, 0, '1305908635_nortan360D2.jpg', '1', '2025-02-07 13:38:19'),
(20, 35, 0, '1827788043TC_DOS.exe.intermediate.manifest', '1', '2025-02-13 13:55:06'),
(21, 40, 0, '491008263_405917591download.jfif', '1', '2025-04-25 11:14:51'),
(22, 40, 0, '447057437_5576706.jpg', '1', '2025-04-25 11:14:51');

-- --------------------------------------------------------

--
-- Table structure for table `task_timer_count`
--

CREATE TABLE `task_timer_count` (
  `task_timerId` int(11) NOT NULL,
  `project_id` int(11) NOT NULL,
  `task_id` int(11) NOT NULL,
  `role_id` int(11) NOT NULL,
  `op_user_id` int(11) NOT NULL,
  `start_time` datetime NOT NULL,
  `end_time` datetime NOT NULL,
  `spend_hours` float NOT NULL,
  `flag` int(11) NOT NULL COMMENT '1:Timer is on \r\n0:Timer if off'
) ENGINE=InnoDB DEFAULT CHARSET=utf8mb4 COLLATE=utf8mb4_general_ci;

--
-- Dumping data for table `task_timer_count`
--

INSERT INTO `task_timer_count` (`task_timerId`, `project_id`, `task_id`, `role_id`, `op_user_id`, `start_time`, `end_time`, `spend_hours`, `flag`) VALUES
(29, 4, 26, 1, 1, '2025-02-08 14:52:26', '0000-00-00 00:00:00', 0, 1),
(30, 4, 30, 1, 1, '2025-02-08 14:58:21', '0000-00-00 00:00:00', 0, 1),
(31, 4, 26, 1, 1, '2025-02-08 15:32:26', '0000-00-00 00:00:00', 0, 1),
(32, 4, 30, 1, 1, '2025-02-08 15:36:21', '0000-00-00 00:00:00', 0, 1),
(33, 4, 30, 1, 1, '2025-02-08 15:37:36', '0000-00-00 00:00:00', 0, 1),
(34, 4, 30, 1, 1, '2025-02-08 15:40:14', '0000-00-00 00:00:00', 0, 1),
(35, 4, 30, 1, 1, '2025-02-08 15:49:06', '0000-00-00 00:00:00', 0, 1),
(36, 4, 30, 1, 1, '2025-02-08 16:15:39', '0000-00-00 00:00:00', 0, 1),
(37, 4, 30, 1, 1, '2025-02-08 16:16:51', '0000-00-00 00:00:00', 0, 1),
(38, 4, 25, 1, 1, '2025-02-08 17:30:31', '0000-00-00 00:00:00', 0, 1);

-- --------------------------------------------------------

--
-- Table structure for table `task_work_status`
--

CREATE TABLE `task_work_status` (
  `tws_id` int(11) NOT NULL,
  `name` varchar(255) NOT NULL,
  `created_date` datetime NOT NULL DEFAULT current_timestamp(),
  `updated_date` datetime NOT NULL,
  `status` enum('1','0') NOT NULL DEFAULT '1'
) ENGINE=InnoDB DEFAULT CHARSET=latin1 COLLATE=latin1_swedish_ci;

--
-- Dumping data for table `task_work_status`
--

INSERT INTO `task_work_status` (`tws_id`, `name`, `created_date`, `updated_date`, `status`) VALUES
(1, 'Not Started', '2021-09-04 16:22:13', '0000-00-00 00:00:00', '1'),
(2, 'In Progress', '2021-09-04 16:41:49', '0000-00-00 00:00:00', '1'),
(3, 'Testing', '2021-09-04 18:06:31', '0000-00-00 00:00:00', '1'),
(4, 'Awaiting   Feedback', '2021-09-04 18:41:25', '0000-00-00 00:00:00', '1'),
(5, 'Complete', '2021-10-14 18:44:52', '0000-00-00 00:00:00', '1');

-- --------------------------------------------------------

--
-- Table structure for table `template`
--

CREATE TABLE `template` (
  `template_id` int(11) NOT NULL,
  `cust_id` int(11) NOT NULL,
  `lead_id` int(11) NOT NULL,
  `title` varchar(255) NOT NULL,
  `description` text NOT NULL,
  `file` text NOT NULL,
  `files` varchar(255) NOT NULL,
  `title_covering` varchar(255) NOT NULL,
  `description_covering` text NOT NULL,
  `title_over_view_project` varchar(255) NOT NULL,
  `description_over_view_project` text NOT NULL,
  `title_key_point` varchar(255) NOT NULL,
  `description_key_point` text NOT NULL,
  `title_commercial` varchar(255) NOT NULL,
  `description_commercial` text NOT NULL,
  `title_term_and_condtion` varchar(255) NOT NULL,
  `description_term_and_condtion` text NOT NULL,
  `signature` varchar(255) NOT NULL,
  `created_date` datetime NOT NULL DEFAULT current_timestamp(),
  `updated_date` datetime NOT NULL DEFAULT current_timestamp() ON UPDATE current_timestamp(),
  `deleted_status` enum('1','0') NOT NULL DEFAULT '1' COMMENT '0-Deleted, 1-No Deleted',
  `status` enum('1','0') NOT NULL DEFAULT '1'
) ENGINE=InnoDB DEFAULT CHARSET=latin1 COLLATE=latin1_swedish_ci;

--
-- Dumping data for table `template`
--

INSERT INTO `template` (`template_id`, `cust_id`, `lead_id`, `title`, `description`, `file`, `files`, `title_covering`, `description_covering`, `title_over_view_project`, `description_over_view_project`, `title_key_point`, `description_key_point`, `title_commercial`, `description_commercial`, `title_term_and_condtion`, `description_term_and_condtion`, `signature`, `created_date`, `updated_date`, `deleted_status`, `status`) VALUES
(1, 0, 0, 'Design Final', '<br><p></p>', '', '', '', '', ' Over View Project Design Final', '<p><b>OVERVIEW OF REQUIREMENT:</b>\r\nApplication to provide effective service & manage centralized operations, most of\r\noperations will be notify as its schedules. The application will help to the organizations\r\nto manage, and analyze securely to accomplish everyday tasks and processes.\r\nApplication will be help to save time and resources by ensuring error-free deliveries.</p>\r\n<p>\r\n                                    </p>\r\n\r\n                                    <p><b>BENEFITS OF AN OFFICE AUTOMATION APPLICATION</b><br>\r\nApplication will help to improved accuracy, Reduced costs, Reduced time and resources,\r\nCentralized data availability / storage and management, Data insights and more\r\ninformed decisions, Business process improvement.</p>\r\n                                    \r\n                                    <p><b>ADMIN PANEL:</b> Web-based admin panel, two type of admin panel. 1. for super admin\r\nwho can handle the customers & 2. customer admin panel where customer admin can\r\nmonitor all operations like add open tasks, pending tasks, completed tasks, pics\r\nuploaded by operations user, Settings & etc..</p>\r\n                                    <p><b>Mobile App:</b> Application for multi operations housekeeping user, supervisor, customer.</p><p></p>', 'Key Point Design Final', '<center><p><b><u>WEB BASED SUPER ADMIN PANEL</u></b></p></center>\r\n                                   <p><b><u>KEY MODULES:</u></b></p>\r\n                                    <p><b>Customer Management</b></p>\r\n                                    <ul><li>Add / update customer</li><ul><li>Registered Customer List</li><li>Access level</li></ul></ul>\r\n                                    <b>User (Operational Users) Management</b>\r\n                                    <ul><li>Add / update user roles</li><ul><li>User Role list</li><li>Access type</li><ul><li>View, update, full access</li></ul></ul><li>Add / Update users</li><ul><li>User List</li><li>Enable / disable users</li></ul></ul>\r\n                                    <b>Integrations</b>\r\n                                     <ul><li> SMS integration</li><li>Email integration</li></ul>\r\n                                    <b>Reports & other feature</b>\r\n                                     <ul><li>Customer List</li><li>Customer Report</li><ul><li>Customer / site wise analysis report</li><li>Monthly report</li><li>QTLY report</li><li>Yearly Report</li></ul></ul>\r\n                                   \r\n                                \r\n                                \r\n                        \r\n                    \r\n                \r\n                \r\n\r\n                  \r\n                \r\n                    \r\n                        \r\n                            \r\n                                \r\n                                    \r\n                                   \r\n                                  \r\n                                     \r\n                                    <center><p><b><u>WEB BASED CUSTOMER SITE (SUPERVISOR) PANEL</u></b></p></center>\r\n                                    <p><b><u>KEY MODULES:</u></b></p>\r\n                                    <p><b>Customer Site Setup</b></p>\r\n                                    <ul><li>Add / update rooms, desks, etc.</li><ul><li>Area / Location wise activity mapping</li></ul></ul>\r\n                                   \r\n                                    <ul><li>Activity (Task) management</li><ul><li>Add / update activities</li><li>Add / update schedules</li><ul><li>View, update, full access</li></ul></ul></ul>\r\n                                 \r\n\r\n                                     <b>Site Operations Management</b>\r\n                                    \r\n                                     <ul><li>Housekeeping Operations</li><ul><li>Attendance of staff</li><li>Assign scheduled tasks to user </li></ul><li>Cleaning / sensitization monitoring</li><ul><li>Provision to create QR \r\ncodes for all areas where Sanitization and Disinfection must be done \r\nfrequently (RFID based auto scanning solution optional)</li><li>Housekeeping person can \r\nscan respective QR codes while cleaning / Sanitization area, desk (RFID \r\nbased auto scanning solution optional)</li><li>On scanning QR auto update in system</li></ul><li>Easy to monitor cleaning / Sanitization status</li></ul>\r\n\r\n\r\n                                    \r\n                                     <ul><li>Resource management</li><ul><li>Attendance</li><li>Assign activities </li></ul><li>Inventory Management</li><ul><li>Housekeeping inventory</li><li>Provision to set minimum QTY</li><li>Provision to update used items / goods</li><li>System will notify to respective user on low inventory</li></ul></ul><p></p>', '', '', 'Terms And Condition Design Final', '<p><b><u>TERMS & CONDITION:</u></b></p>\r\n                                    \r\n                                     <ul><li>GST extra as applicable. (@18%)</li><li>Payment Terms:</li><ul><li>40% in advance along with PO</li><li>40% on completion of 50% scope of work </li><li>20% on successful UAT </li></ul><li>Development duration 40 working days form the date of PO or advance amount.</li><li>Server cost will be charge separately on need basis.</li><li> If need to travel outside the Mumbai, customer will arrange the traveling cost &\r\n                                        accommodation & additional cost Rs. 4500/- per day per person</li><li> If third party API required, API & integration cost will be paid by client.</li><li> Free maintenance for three months, after that 15% AMC cost applicable.</li><li>Above milestone not considered testing period.</li><li>\r\n                                        <br></li><li> For any new CR cost will be applicable based on change request.</li><li>SMS, Payment gateway and other third party costs will be client responsibility</li><li> Client will provide all required images and contents in soft copy format.</li></ul><p></p>', '', '2022-04-25 13:51:51', '2022-07-27 11:40:56', '1', '1'),
(2, 117, 2, 'Design Final 23', 'tttb bhhj cdff<p></p>', '', '', '', '', ' Over View Project Design Final', '                                <p><b>OVERVIEW OF REQUIREMENT:</b>\r\nApplication to provide effective service & manage centralized operations, most of\r\noperations will be notify as its schedules. The application will help to the organizations\r\nto manage, and analyze securely to accomplish everyday tasks and processes.\r\nApplication will be help to save time and resources by ensuring error-free deliveries.</p>\r\n<p>\r\n                                    </p>\r\n\r\n                                    <p><b>BENEFITS OF AN OFFICE AUTOMATION APPLICATION</b><br>\r\nApplication will help to improved accuracy, Reduced costs, Reduced time and resources,\r\nCentralized data availability / storage and management, Data insights and more\r\ninformed decisions, Business process improvement.</p>\r\n                                    \r\n                                    <p><b>ADMIN PANEL:</b> Web-based admin panel, two type of admin panel. 1. for super admin\r\nwho can handle the customers & 2. customer admin panel where customer admin can\r\nmonitor all operations like add open tasks, pending tasks, completed tasks, pics\r\nuploaded by operations user, Settings & etc..</p>\r\n                                    <p><b>Mobile App:</b> Application for multi operations housekeeping user, supervisor, customer.</p><p></p>', 'Key Point Design Final', '<center><p><b><u>WEB BASED SUPER ADMIN PANEL</u></b></p></center>\r\n                                   <p><b><u>KEY MODULES:</u></b></p>\r\n                                    <p><b>Customer Management</b></p>\r\n                                    <ul><li>Add / update customer</li><ul><li>Registered Customer List</li><li>Access level</li></ul></ul>\r\n                                    <b>User (Operational Users) Management</b>\r\n                                    <ul><li>Add / update user roles</li><ul><li>User Role list</li><li>Access type</li><ul><li>View, update, full access</li></ul></ul><li>Add / Update users</li><ul><li>User List</li><li>Enable / disable users</li></ul></ul>\r\n                                    <b>Integrations</b>\r\n                                     <ul><li> SMS integration</li><li>Email integration</li></ul>\r\n                                    <b>Reports & other feature</b>\r\n                                     <ul><li>Customer List</li><li>Customer Report</li><ul><li>Customer / site wise analysis report</li><li>Monthly report</li><li>QTLY report</li><li>Yearly Report</li></ul></ul>\r\n                                   \r\n                                \r\n                                \r\n                        \r\n                    \r\n                \r\n                \r\n\r\n                  \r\n                \r\n                    \r\n                        \r\n                            \r\n                                \r\n                                    \r\n                                   \r\n                                  \r\n                                     \r\n                                    <center><p><b><u>WEB BASED CUSTOMER SITE (SUPERVISOR) PANEL</u></b></p></center>\r\n                                    <p><b><u>KEY MODULES:</u></b></p>\r\n                                    <p><b>Customer Site Setup</b></p>\r\n                                    <ul><li>Add / update rooms, desks, etc.</li><ul><li>Area / Location wise activity mapping</li></ul></ul>\r\n                                   \r\n                                    <ul><li>Activity (Task) management</li><ul><li>Add / update activities</li><li>Add / update schedules</li><ul><li>View, update, full access</li></ul></ul></ul>\r\n                                 \r\n\r\n                                     <b>Site Operations Management</b>\r\n                                    \r\n                                     <ul><li>Housekeeping Operations</li><ul><li>Attendance of staff</li><li>Assign scheduled tasks to user </li></ul><li>Cleaning / sensitization monitoring</li><ul><li>Provision to create QR \r\ncodes for all areas where Sanitization and Disinfection must be done \r\nfrequently (RFID based auto scanning solution optional)</li><li>Housekeeping person can \r\nscan respective QR codes while cleaning / Sanitization area, desk (RFID \r\nbased auto scanning solution optional)</li><li>On scanning QR auto update in system</li></ul><li>Easy to monitor cleaning / Sanitization status</li></ul>\r\n\r\n\r\n                                    \r\n                                     <ul><li>Resource management</li><ul><li>Attendance</li><li>Assign activities </li></ul><li>Inventory Management</li><ul><li>Housekeeping inventory</li><li>Provision to set minimum QTY</li><li>Provision to update used items / goods</li><li>System will notify to respective user on low inventory</li></ul></ul><p></p>', '', '', 'Terms And Condition Design Final', '<p><b><u>TERMS & CONDITION:</u></b></p>\r\n                                    \r\n                                     <ul><li>GST extra as applicable. (@18%)</li><li>Payment Terms:</li><ul><li>40% in advance along with PO</li><li>40% on completion of 50% scope of work </li><li>20% on successful UAT </li></ul><li>Development duration 40 working days form the date of PO or advance amount.</li><li>Server cost will be charge separately on need basis.</li><li> If need to travel outside the Mumbai, customer will arrange the traveling cost &\r\n                                        accommodation & additional cost Rs. 4500/- per day per person</li><li> If third party API required, API & integration cost will be paid by client.</li><li> Free maintenance for three months, after that 15% AMC cost applicable.</li><li>Above milestone not considered testing period.</li><li>\r\n                                        <br></li><li> For any new CR cost will be applicable based on change request.</li><li>SMS, Payment gateway and other third party costs will be client responsibility</li><li> Client will provide all required images and contents in soft copy format.</li></ul><p></p>', '', '2022-04-25 14:01:37', '2025-02-03 17:59:34', '1', '1'),
(3, 0, 0, '', '', '', '', '', '', '', '', '', '', '', '', '', '', '', '2022-05-16 13:13:22', '2022-05-16 13:13:33', '0', '1'),
(4, 0, 0, '', '', '', '', '', '', 'Micro', '<p>This is commerial project.</p>', '', '', '', '', '', '', '', '2022-05-16 13:14:21', '2022-05-16 13:15:32', '0', '1'),
(5, 0, 0, 'Test', '', '', '', '', '', '', '', '', '', '', '', '', '', '', '2022-05-16 13:15:24', '2022-07-27 11:37:57', '0', '1'),
(6, 0, 0, '', '', '', '', 'resume', '', '', '', '', '', '', '', '', '', '', '2022-05-16 18:20:21', '2022-05-16 18:20:38', '0', '1'),
(7, 0, 0, 'resume', '', '', '', '', '', '', '', '', '', '', '', '', '', '', '2022-05-16 18:20:51', '2022-05-16 18:20:57', '0', '1'),
(8, 0, 0, 'tghhh', '<p>hhhhhhhhhhhhh</p>', '', '', 'resume', '<p>bbbbbbbbbbbbbb</p>', '', '', '', '', '', '', '', '', '', '2022-05-16 18:53:33', '2022-08-02 14:40:25', '0', '1'),
(9, 121, 4, 'Design Final', '<br><p></p>', '', '', '', '', ' Over View Project Design Final', '<p><b>OVERVIEW OF REQUIREMENT:</b>\r\nApplication to provide effective service & manage centralized operations, most of\r\noperations will be notify as its schedules. The application will help to the organizations\r\nto manage, and analyze securely to accomplish everyday tasks and processes.\r\nApplication will be help to save time and resources by ensuring error-free deliveries.</p>\r\n<p>\r\n                                    </p>\r\n\r\n                                    <p><b>BENEFITS OF AN OFFICE AUTOMATION APPLICATION</b><br>\r\nApplication will help to improved accuracy, Reduced costs, Reduced time and resources,\r\nCentralized data availability / storage and management, Data insights and more\r\ninformed decisions, Business process improvement.</p>\r\n                                    \r\n                                    <p><b>ADMIN PANEL:</b> Web-based admin panel, two type of admin panel. 1. for super admin\r\nwho can handle the customers & 2. customer admin panel where customer admin can\r\nmonitor all operations like add open tasks, pending tasks, completed tasks, pics\r\nuploaded by operations user, Settings & etc..</p>\r\n                                    <p><b>Mobile App:</b> Application for multi operations housekeeping user, supervisor, customer.</p><p></p>', 'Key Point Design Final', '<center><p><b><u>WEB BASED SUPER ADMIN PANEL</u></b></p></center>\r\n                                   <p><b><u>KEY MODULES:</u></b></p>\r\n                                    <p><b>Customer Management</b></p>\r\n                                    <ul><li>Add / update customer</li><ul><li>Registered Customer List</li><li>Access level</li></ul></ul>\r\n                                    <b>User (Operational Users) Management</b>\r\n                                    <ul><li>Add / update user roles</li><ul><li>User Role list</li><li>Access type</li><ul><li>View, update, full access</li></ul></ul><li>Add / Update users</li><ul><li>User List</li><li>Enable / disable users</li></ul></ul>\r\n                                    <b>Integrations</b>\r\n                                     <ul><li> SMS integration</li><li>Email integration</li></ul>\r\n                                    <b>Reports & other feature</b>\r\n                                     <ul><li>Customer List</li><li>Customer Report</li><ul><li>Customer / site wise analysis report</li><li>Monthly report</li><li>QTLY report</li><li>Yearly Report</li></ul></ul>\r\n                                   \r\n                                \r\n                                \r\n                        \r\n                    \r\n                \r\n                \r\n\r\n                  \r\n                \r\n                    \r\n                        \r\n                            \r\n                                \r\n                                    \r\n                                   \r\n                                  \r\n                                     \r\n                                    <center><p><b><u>WEB BASED CUSTOMER SITE (SUPERVISOR) PANEL</u></b></p></center>\r\n                                    <p><b><u>KEY MODULES:</u></b></p>\r\n                                    <p><b>Customer Site Setup</b></p>\r\n                                    <ul><li>Add / update rooms, desks, etc.</li><ul><li>Area / Location wise activity mapping</li></ul></ul>\r\n                                   \r\n                                    <ul><li>Activity (Task) management</li><ul><li>Add / update activities</li><li>Add / update schedules</li><ul><li>View, update, full access</li></ul></ul></ul>\r\n                                 \r\n\r\n                                     <b>Site Operations Management</b>\r\n                                    \r\n                                     <ul><li>Housekeeping Operations</li><ul><li>Attendance of staff</li><li>Assign scheduled tasks to user </li></ul><li>Cleaning / sensitization monitoring</li><ul><li>Provision to create QR \r\ncodes for all areas where Sanitization and Disinfection must be done \r\nfrequently (RFID based auto scanning solution optional)</li><li>Housekeeping person can \r\nscan respective QR codes while cleaning / Sanitization area, desk (RFID \r\nbased auto scanning solution optional)</li><li>On scanning QR auto update in system</li></ul><li>Easy to monitor cleaning / Sanitization status</li></ul>\r\n\r\n\r\n                                    \r\n                                     <ul><li>Resource management</li><ul><li>Attendance</li><li>Assign activities </li></ul><li>Inventory Management</li><ul><li>Housekeeping inventory</li><li>Provision to set minimum QTY</li><li>Provision to update used items / goods</li><li>System will notify to respective user on low inventory</li></ul></ul><p></p>', '', '', 'Terms And Condition Design Final', '<p><b><u>TERMS & CONDITION:</u></b></p>\r\n                                    \r\n                                     <ul><li>GST extra as applicable. (@18%)</li><li>Payment Terms:</li><ul><li>40% in advance along with PO</li><li>40% on completion of 50% scope of work </li><li>20% on successful UAT </li></ul><li>Development duration 40 working days form the date of PO or advance amount.</li><li>Server cost will be charge separately on need basis.</li><li> If need to travel outside the Mumbai, customer will arrange the traveling cost &\r\n                                        accommodation & additional cost Rs. 4500/- per day per person</li><li> If third party API required, API & integration cost will be paid by client.</li><li> Free maintenance for three months, after that 15% AMC cost applicable.</li><li>Above milestone not considered testing period.</li><li>\r\n                                        <br></li><li> For any new CR cost will be applicable based on change request.</li><li>SMS, Payment gateway and other third party costs will be client responsibility</li><li> Client will provide all required images and contents in soft copy format.</li></ul><p></p>', '', '2022-07-22 16:34:28', '2022-07-22 16:59:35', '0', '1'),
(10, 0, 0, '', '', '', '', 'letter', '<p>hvcfffvvv</p>', 'Micro', '<p>ttttttt hhhhh</p>', '', '', '', '', 'terms', '<p>dfgdsaf nadfkvhfkgn</p>', '', '2022-07-22 17:00:32', '2022-08-02 14:40:11', '0', '0'),
(11, 0, 0, '', '', '', '', 'resume', '<p>hhhhhh</p>', 'Micro', '<p>ghhf</p>', '', '', '', '', '', '', '', '2022-08-02 16:33:29', '2022-08-02 17:01:50', '0', '1'),
(12, 0, 0, 'New Template', '<p>Template add for refrence</p>', '', '', 'covering letter', '<p>hdhhd</p>', 'overview', '                                                                                                                                                                                                                                                                                                                                                                                                                                                                                                                                                                                                                                                                                                                                                                                                                                                                                                                                                                                                                                                                                                                                                                                                                                                                                                                                                                                                                                                                                                                                                                                                                                                                                                                                                                                                                                                                                                                                                                                                                                                                                                                                                                                                                                                                                                                                                                                                                                                                                                                                                                                                                                                                                                                                                                ', '', '', '', '', '', '', '<p>shazi khatoon</p>', '2022-08-02 16:53:36', '2025-02-06 07:37:33', '1', '1'),
(13, 0, 0, '', '', '', '', 'resume', '<p>jjjj</p>', '', '', '', '', '', '', '', '', '', '2022-08-02 17:01:22', '2025-02-04 12:27:42', '1', '0'),
(14, 0, 0, 'sad', '<p>sad<br></p>', '', '', 'sadas', '<p>sadasdasd<br></p>', 'weqe', '<p>sadasdsa<br></p>', 'weewr', '<p>sdasdsa<br></p>', 'weewrewr', '<p>dsdvbvcb<br></p>', 'sadwee', '<p>sadsadasd<br></p>', '', '2022-08-02 17:45:27', '2022-08-02 17:45:27', '1', '1'),
(15, 0, 0, '', '', '', '', 'resume', '<p>hhhh</p>', '', '', '', '', '', '', '', '', '', '2022-08-02 17:46:56', '2022-08-02 17:46:56', '1', '1'),
(16, 0, 0, 'tcd', '<p>ggdf</p>', '', '', '', '', '', '', '', '', '', '', '', '', '', '2022-08-02 18:39:38', '2022-08-02 18:39:38', '1', '1'),
(17, 0, 0, 'proposal 1', '<p>ed tgt t</p>', '', '', '', '', '', '', '', '', '', '', '', '', '', '2022-10-14 14:18:43', '2022-10-14 14:18:43', '1', '1'),
(18, 0, 0, 'Template111', '<p>Template title added</p>', '', '', 'cover', '<p>cover of the template</p>', 'overview', '                                                                                                                                                                                                                                                                <p>overview written</p>', '', '', 'Commercial', '<p>commercial data</p>', 'tc', '<p>tc data</p>', '<p>signature</p>', '2025-02-02 19:26:25', '2025-02-12 18:08:20', '1', '1'),
(19, 0, 0, 'gfgdfgd', '<p>dfsvgfd</p>', '', '', '', '', '', '', '', '', '', '', '', '', '', '2025-02-06 17:27:47', '2025-02-06 17:27:47', '1', '1'),
(20, 0, 0, 'Proposal Template', '', '', '', '', '', '', '', '', '', '', '', '', '', '', '2025-02-12 18:20:45', '2025-02-12 18:20:45', '1', '1'),
(21, 0, 0, 'Proposal Temp11', '', '', '', '', '', '', '', '', '', '', '', '', '', '', '2025-02-12 18:22:05', '2025-02-12 18:22:05', '1', '1'),
(22, 0, 0, '', '', '', '', '', '', '', '', '', '', '', '', '', '', '', '2025-02-13 12:27:47', '2025-02-13 12:27:47', '1', '1'),
(23, 0, 0, '', '', '', '', '', '', '', '', '', '', '', '', '', '', '', '2025-02-13 12:28:15', '2025-02-13 12:28:15', '1', '1'),
(24, 0, 0, '', '', '', '', '', '', '', '', 'test', '<p>xfsfdd</p>', '', '', '', '', '', '2025-02-13 12:30:16', '2025-02-13 12:30:16', '1', '1'),
(25, 0, 0, 'test', '<p>dfsfs</p>', '', '', '', '', '', '                                                                                                ', 'test', '<p>abc</p>', '', '', '', '', '', '2025-02-13 12:30:39', '2025-02-13 12:32:19', '1', '1'),
(26, 0, 0, '', '', '', '', '', '', '', '', '', '', '', '', '', '', '', '2025-02-14 08:24:45', '2025-02-14 08:24:45', '1', '1'),
(27, 0, 0, 'Test Template', '<p><span style=\"font-family: \"Open Sans\", Arial, sans-serif; letter-spacing: normal; text-align: justify;\"><b>There are many variations of passages of Lorem Ipsum available, but the majority have suffered alteration in some form, by injected humour, or randomised words which don\'t look even slightly believable. If you are going to use a passage of Lorem Ipsum, you need to be sure there isn\'t anything embarrassing hidden in the middle of text. All the Lorem Ipsum generators on the Internet tend to repeat predefined chunks as necessary, making this the first true generator on the Internet. It uses a dictionary of over 200 Latin words, combined with a handful of model sentence structures, to generate Lorem Ipsum which looks reasonable. The generated Lorem Ipsum is therefore always free from repetition, injected humour, or non-characteristic words etc.</b></span></p>', '', '', 'Letter', '<p><span style=\"font-family: \"Open Sans\", Arial, sans-serif; letter-spacing: normal; text-align: justify;\">There are many variations of passages of Lorem Ipsum available, but the majority have suffered alteration in some form, by injected humour, or randomised words which don\'t look even slightly believable. If you are going to use a passage of Lorem Ipsum, you need to be sure there isn\'t anything embarrassing hidden in the middle of text. All the Lorem Ipsum generators on the Internet tend to repeat predefined chunks as necessary, making this the first true generator on the Internet. It uses a dictionary of over 200 Latin words, combined with a handful of model sentence structures, to generate Lorem Ipsum which looks reasonable. The generated Lorem Ipsum is therefore always free from repetition, injected humour, or non-characteristic words etc.</span></p>', 'Overview', '                                <span style=\"font-family: \"Open Sans\", Arial, sans-serif; letter-spacing: normal; text-align: justify;\">There are many variations of passages of Lorem Ipsum available, but the majority have suffered alteration in some form, by injected humour, or randomised words which don\'t look even slightly believable. If you are going to use a passage of Lorem Ipsum, you need to be sure there isn\'t anything embarrassing hidden in the middle of text. All the Lorem Ipsum generators on the Internet tend to repeat predefined chunks as necessary, making this the first true generator on the Internet. It uses a dictionary of over 200 Latin words, combined with a handful of model sentence structures, to generate Lorem Ipsum which looks reasonable. The generated Lorem Ipsum is therefore always free from repetition, injected humour, or non-characteristic words etc.</span>                                ', 'Product module', '<p><span style=\"font-family: \"Open Sans\", Arial, sans-serif; letter-spacing: normal; text-align: justify;\">There are many variations of passages of Lorem Ipsum available, but the majority have suffered alteration in some form, by injected humour, or randomised words which don\'t look even slightly believable. If you are going to use a passage of Lorem Ipsum, you need to be sure there isn\'t anything embarrassing hidden in the middle of text. All the Lorem Ipsum generators on the Internet tend to repeat predefined chunks as necessary, making this the first true generator on the Internet. It uses a dictionary of over 200 Latin words, combined with a handful of model sentence structures, to generate Lorem Ipsum which looks reasonable. The generated Lorem Ipsum is therefore always free from repetition, injected humour, or non-characteristic words etc.</span></p>', 'Commercial', '<p><span style=\"font-family: &quot;Open Sans&quot;, Arial, sans-serif; letter-spacing: normal; text-align: justify;\">There are many variations of passages of Lorem Ipsum available, but the majority have suffered alteration in some form, by injected humour, or randomised words which don\'t look even slightly believable. If you are going to use a passage of Lorem Ipsum, you need to be sure there isn\'t anything embarrassing hidden in the middle of text. All the Lorem Ipsum generators on the Internet tend to repeat predefined chunks as necessary, making this the first true generator on the Internet. It uses a dictionary of over 200 Latin words, combined with a handful of model sentence structures, to generate Lorem Ipsum which looks reasonable. The generated Lorem Ipsum is therefore always free from repetition, injected humour, or non-characteristic words etc.</span></p>', 'Term and condition', '<p><span style=\"font-family: &quot;Open Sans&quot;, Arial, sans-serif; letter-spacing: normal; text-align: justify;\">There are many variations of passages of Lorem Ipsum available, but the majority have suffered alteration in some form, by injected humour, or randomised words which don\'t look even slightly believable. If you are going to use a passage of Lorem Ipsum, you need to be sure there isn\'t anything embarrassing hidden in the middle of text. All the Lorem Ipsum generators on the Internet tend to repeat predefined chunks as necessary, making this the first true generator on the Internet. It uses a dictionary of over 200 Latin words, combined with a handful of model sentence structures, to generate Lorem Ipsum which looks reasonable. The generated Lorem Ipsum is therefore always free from repetition, injected humour, or non-characteristic words etc.</span></p>', '', '2025-02-14 08:25:41', '2025-02-14 08:36:43', '1', '1'),
(28, 0, 0, 'abc', '<p><span style=\"letter-spacing: 0.1px;\">For testing purpose</span></p>', '', '', 'test', '<p>For testing purpose</p>', 'test project', '<p><span style=\"letter-spacing: 0.1px;\">For testing purpose</span></p>', 'module 1', '<p><span style=\"letter-spacing: 0.1px;\">For testing purpose</span></p>', 'test', '<p><span style=\"letter-spacing: 0.1px;\">For testing purpose</span></p>', 'abc', '<p><span style=\"letter-spacing: 0.1px;\">For testing purpose</span></p>', '', '2025-02-14 16:10:05', '2025-02-14 16:10:05', '1', '1'),
(29, 0, 0, 'Project proposal template', '<h4 data-start=\"130\" data-end=\"155\" class=\"\"><strong data-start=\"135\" data-end=\"155\">1. Project Title</strong></h4><ul data-start=\"156\" data-end=\"200\">\r\n<li data-start=\"156\" data-end=\"200\" class=\"\">\r\n<p data-start=\"158\" data-end=\"200\" class=\"\">A clear and concise title for the project.</p>\r\n</li>\r\n</ul><h4 data-start=\"202\" data-end=\"231\" class=\"\"><strong data-start=\"207\" data-end=\"231\">2. Executive Summary</strong></h4><ul data-start=\"232\" data-end=\"314\">\r\n<li data-start=\"232\" data-end=\"264\" class=\"\">\r\n<p data-start=\"234\" data-end=\"264\" class=\"\">Brief overview of the project.</p>\r\n</li>\r\n<li data-start=\"265\" data-end=\"314\" class=\"\">\r\n<p data-start=\"267\" data-end=\"314\" class=\"\">Key goals, stakeholders, and expected outcomes.</p>\r\n</li>\r\n</ul><h4 data-start=\"316\" data-end=\"350\" class=\"\"><strong data-start=\"321\" data-end=\"350\">3. Background and Context</strong></h4><ul data-start=\"351\" data-end=\"448\">\r\n<li data-start=\"351\" data-end=\"417\" class=\"\">\r\n<p data-start=\"353\" data-end=\"417\" class=\"\">Description of the problem or opportunity the project addresses.</p>\r\n</li>\r\n<li data-start=\"418\" data-end=\"448\" class=\"\">\r\n<p data-start=\"420\" data-end=\"448\" class=\"\">Relevant history or context.</p>\r\n</li>\r\n</ul><h4 data-start=\"450\" data-end=\"472\" class=\"\"><strong data-start=\"455\" data-end=\"472\">4. Objectives</strong></h4><ul data-start=\"473\" data-end=\"548\">\r\n<li data-start=\"473\" data-end=\"548\" class=\"\">\r\n<p data-start=\"475\" data-end=\"548\" class=\"\">Specific, measurable, achievable, relevant, and time-bound (SMART) goals.</p>\r\n</li>\r\n</ul><h4 data-start=\"550\" data-end=\"575\" class=\"\"><strong data-start=\"555\" data-end=\"575\">5. Scope of Work</strong></h4><ul data-start=\"576\" data-end=\"653\">\r\n<li data-start=\"576\" data-end=\"615\" class=\"\">\r\n<p data-start=\"578\" data-end=\"615\" class=\"\">Define the boundaries of the project.</p>\r\n</li>\r\n<li data-start=\"616\" data-end=\"653\" class=\"\">\r\n<p data-start=\"618\" data-end=\"653\" class=\"\">List what is included and excluded.</p>\r\n</li>\r\n</ul><h4 data-start=\"655\" data-end=\"679\" class=\"\"><strong data-start=\"660\" data-end=\"679\">6. Deliverables</strong></h4><ul data-start=\"680\" data-end=\"751\">\r\n<li data-start=\"680\" data-end=\"751\" class=\"\">\r\n<p data-start=\"682\" data-end=\"751\" class=\"\">Detailed list of the outcomes, products, or services to be delivered.</p>\r\n</li>\r\n</ul><h4 data-start=\"753\" data-end=\"773\" class=\"\"><strong data-start=\"758\" data-end=\"773\">7. Timeline</strong></h4><ul data-start=\"774\" data-end=\"851\">\r\n<li data-start=\"774\" data-end=\"811\" class=\"\">\r\n<p data-start=\"776\" data-end=\"811\" class=\"\">Estimated timeline with milestones.</p>\r\n</li>\r\n<li data-start=\"812\" data-end=\"851\" class=\"\">\r\n<p data-start=\"814\" data-end=\"851\" class=\"\">Use a Gantt chart or table if needed.</p>\r\n</li>\r\n</ul><h4 data-start=\"853\" data-end=\"871\" class=\"\"><strong data-start=\"858\" data-end=\"871\">8. Budget</strong></h4><ul data-start=\"872\" data-end=\"968\">\r\n<li data-start=\"872\" data-end=\"929\" class=\"\">\r\n<p data-start=\"874\" data-end=\"929\" class=\"\">Breakdown of costs (e.g., resources, labor, materials).</p>\r\n</li>\r\n<li data-start=\"930\" data-end=\"968\" class=\"\">\r\n<p data-start=\"932\" data-end=\"968\" class=\"\">Any additional funding requirements.</p>\r\n</li>\r\n</ul><h4 data-start=\"970\" data-end=\"1007\" class=\"\"><strong data-start=\"975\" data-end=\"1007\">9. Team and Responsibilities</strong></h4><ul data-start=\"1008\" data-end=\"1106\">\r\n<li data-start=\"1008\" data-end=\"1053\" class=\"\">\r\n<p data-start=\"1010\" data-end=\"1053\" class=\"\">Roles and responsibilities of team members.</p>\r\n</li>\r\n<li data-start=\"1054\" data-end=\"1106\" class=\"\">\r\n<p data-start=\"1056\" data-end=\"1106\" class=\"\">Include a project manager and other key personnel.</p>\r\n</li>\r\n</ul><h4 data-start=\"1108\" data-end=\"1136\" class=\"\"><strong data-start=\"1113\" data-end=\"1136\">10. Risk Management</strong></h4><ul data-start=\"1137\" data-end=\"1181\">\r\n<li data-start=\"1137\" data-end=\"1181\" class=\"\">\r\n<p data-start=\"1139\" data-end=\"1181\" class=\"\">Potential risks and mitigation strategies.</p>\r\n</li>\r\n</ul><h4 data-start=\"1183\" data-end=\"1212\" class=\"\"><strong data-start=\"1188\" data-end=\"1212\">11. Success Criteria</strong></h4><ul data-start=\"1213\" data-end=\"1259\">\r\n<li data-start=\"1213\" data-end=\"1259\" class=\"\">\r\n<p data-start=\"1215\" data-end=\"1259\" class=\"\">How the project\'s success will be evaluated.</p>\r\n</li>\r\n</ul><h4 data-start=\"1261\" data-end=\"1284\" class=\"\"><strong data-start=\"1266\" data-end=\"1284\">12. Conclusion</strong></h4><ul data-start=\"1285\" data-end=\"1393\">\r\n<li data-start=\"1285\" data-end=\"1349\" class=\"\">\r\n<p data-start=\"1287\" data-end=\"1349\" class=\"\">Reiteration of the project\'s importance and expected benefits.</p>\r\n</li>\r\n<li data-start=\"1350\" data-end=\"1393\" class=\"\">\r\n<p data-start=\"1352\" data-end=\"1393\" class=\"\">Call to action (approval, funding, etc.).</p>\r\n</li>\r\n</ul><h4 data-start=\"1395\" data-end=\"1434\" class=\"\"><strong data-start=\"1400\" data-end=\"1434\">13. Appendices (if applicable)</strong></h4><p>\r\n\r\n\r\n\r\n\r\n\r\n\r\n\r\n\r\n\r\n\r\n\r\n\r\n\r\n\r\n\r\n\r\n\r\n\r\n\r\n\r\n\r\n\r\n\r\n\r\n</p><ul data-start=\"1435\" data-end=\"1503\">\r\n<li data-start=\"1435\" data-end=\"1503\" class=\"\">\r\n<p data-start=\"1437\" data-end=\"1503\" class=\"\">Supporting documents like charts, detailed reports, or references.</p><p data-start=\"1437\" data-end=\"1503\" class=\"\"><br></p>\r\n</li>\r\n</ul>', '', '', '', '', '', '                                ', '', '', '', '', '', '', '', '2025-04-29 16:37:26', '2025-04-29 16:42:46', '1', '1'),
(30, 0, 0, 'sdsd', '', '', '', 'ddddf', '', '', '                                                                ', '', '', '', '', '', '', '', '2025-05-03 19:04:39', '2025-05-03 19:07:46', '1', '1');

-- --------------------------------------------------------

--
-- Table structure for table `template_attchment_file`
--

CREATE TABLE `template_attchment_file` (
  `temp_cf_id` int(11) NOT NULL,
  `template_id` int(11) NOT NULL,
  `cust_id` int(11) NOT NULL,
  `file_type` int(11) NOT NULL,
  `image_name` text DEFAULT NULL,
  `status` enum('0','1') DEFAULT '1' COMMENT '0:Disabled, 1:Enabled',
  `created_date` timestamp NOT NULL DEFAULT current_timestamp() ON UPDATE current_timestamp()
) ENGINE=InnoDB DEFAULT CHARSET=latin1 COLLATE=latin1_swedish_ci;

--
-- Dumping data for table `template_attchment_file`
--

INSERT INTO `template_attchment_file` (`temp_cf_id`, `template_id`, `cust_id`, `file_type`, `image_name`, `status`, `created_date`) VALUES
(1, 14, 0, 0, '465229023direct.jpg', '1', '2022-08-02 12:15:27'),
(4, 12, 0, 0, 'PARTNERAPP API Document.docx', '1', '2025-02-02 11:52:08'),
(6, 12, 0, 0, 'download (1).jpg', '1', '2025-02-02 12:10:43'),
(7, 18, 0, 0, '2080641526Match the following.docx', '1', '2025-02-02 13:56:25'),
(8, 18, 0, 0, 'malP.webp', '1', '2025-02-03 12:22:18'),
(9, 25, 0, 0, 'TC_DOS.exe.intermediate.manifest', '1', '2025-02-13 07:02:02'),
(10, 27, 0, 0, '1738128129 (2).xlsx', '1', '2025-02-14 03:06:43'),
(11, 28, 0, 0, '468536191Test data.pdf', '1', '2025-02-14 10:40:05');

-- --------------------------------------------------------

--
-- Table structure for table `template_attchment_file_custom`
--

CREATE TABLE `template_attchment_file_custom` (
  `temp_cf_id` int(11) NOT NULL,
  `template_id` int(11) NOT NULL,
  `lead_id` int(11) NOT NULL,
  `lead_proposal_id` int(50) NOT NULL,
  `file_type` int(11) NOT NULL,
  `image_name` text DEFAULT NULL,
  `status` enum('0','1') DEFAULT '1' COMMENT '0:Disabled, 1:Enabled',
  `created_date` timestamp NOT NULL DEFAULT current_timestamp() ON UPDATE current_timestamp()
) ENGINE=InnoDB DEFAULT CHARSET=latin1 COLLATE=latin1_swedish_ci;

--
-- Dumping data for table `template_attchment_file_custom`
--

INSERT INTO `template_attchment_file_custom` (`temp_cf_id`, `template_id`, `lead_id`, `lead_proposal_id`, `file_type`, `image_name`, `status`, `created_date`) VALUES
(1, 18, 5, 29, 0, '2080641526Match the following.docx', '1', '2025-02-04 03:46:14'),
(2, 18, 5, 29, 0, 'malP.webp', '1', '2025-02-04 03:46:14'),
(3, 18, 6, 35, 0, '2080641526Match the following.docx', '1', '2025-02-06 01:15:27'),
(4, 18, 6, 35, 0, 'malP.webp', '1', '2025-02-06 01:15:27'),
(5, 18, 6, 37, 0, '2080641526Match the following.docx', '1', '2025-02-12 11:46:00'),
(6, 18, 6, 37, 0, 'malP.webp', '1', '2025-02-12 11:46:00');

-- --------------------------------------------------------

--
-- Table structure for table `template_commercial_file`
--

CREATE TABLE `template_commercial_file` (
  `temp_cf_id` int(11) NOT NULL,
  `template_id` int(11) NOT NULL,
  `cust_id` int(11) NOT NULL,
  `image_name` text DEFAULT NULL,
  `status` enum('0','1') DEFAULT '1' COMMENT '0:Disabled, 1:Enabled',
  `created_date` timestamp NOT NULL DEFAULT current_timestamp() ON UPDATE current_timestamp()
) ENGINE=InnoDB DEFAULT CHARSET=latin1 COLLATE=latin1_swedish_ci;

--
-- Dumping data for table `template_commercial_file`
--

INSERT INTO `template_commercial_file` (`temp_cf_id`, `template_id`, `cust_id`, `image_name`, `status`, `created_date`) VALUES
(1, 12, 0, 'images.jpg', '1', '2025-02-02 12:25:34'),
(3, 18, 0, '546553258photo-1597655601841-214a4cfe8b2c.jpg', '1', '2025-02-02 13:56:25'),
(4, 27, 0, '380568018images.jpg', '1', '2025-02-14 03:06:43');

-- --------------------------------------------------------

--
-- Table structure for table `template_commercial_file_custom`
--

CREATE TABLE `template_commercial_file_custom` (
  `temp_cf_id` int(11) NOT NULL,
  `template_id` int(11) NOT NULL,
  `lead_id` int(11) NOT NULL,
  `lead_proposal_id` int(50) NOT NULL,
  `image_name` text DEFAULT NULL,
  `status` enum('0','1') DEFAULT '1' COMMENT '0:Disabled, 1:Enabled',
  `created_date` timestamp NOT NULL DEFAULT current_timestamp() ON UPDATE current_timestamp()
) ENGINE=InnoDB DEFAULT CHARSET=latin1 COLLATE=latin1_swedish_ci;

--
-- Dumping data for table `template_commercial_file_custom`
--

INSERT INTO `template_commercial_file_custom` (`temp_cf_id`, `template_id`, `lead_id`, `lead_proposal_id`, `image_name`, `status`, `created_date`) VALUES
(1, 18, 5, 29, '546553258photo-1597655601841-214a4cfe8b2c.jpg', '1', '2025-02-04 03:46:14'),
(2, 18, 6, 35, '546553258photo-1597655601841-214a4cfe8b2c.jpg', '1', '2025-02-06 01:15:27'),
(3, 18, 6, 37, '546553258photo-1597655601841-214a4cfe8b2c.jpg', '1', '2025-02-12 11:46:00');

-- --------------------------------------------------------

--
-- Table structure for table `template_covering_file`
--

CREATE TABLE `template_covering_file` (
  `temp_cf_id` int(11) NOT NULL,
  `template_id` int(11) NOT NULL,
  `cust_id` int(11) NOT NULL,
  `image_name` text DEFAULT NULL,
  `status` enum('0','1') DEFAULT '1' COMMENT '0:Disabled, 1:Enabled',
  `created_date` timestamp NOT NULL DEFAULT current_timestamp() ON UPDATE current_timestamp()
) ENGINE=InnoDB DEFAULT CHARSET=latin1 COLLATE=latin1_swedish_ci;

--
-- Dumping data for table `template_covering_file`
--

INSERT INTO `template_covering_file` (`temp_cf_id`, `template_id`, `cust_id`, `image_name`, `status`, `created_date`) VALUES
(1, 8, 0, '4848414411920.jpg', '1', '2022-07-22 11:29:12'),
(2, 10, 0, '1582312317Coding Standards and Best Practices.docx', '1', '2022-07-22 11:31:56'),
(13, 12, 0, 'birds.png', '1', '2025-02-02 13:02:09'),
(15, 18, 0, '1520490278a.jpg', '1', '2025-02-02 13:56:25'),
(16, 19, 0, '661039027nortan360D3.jpg', '1', '2025-02-06 11:57:47'),
(17, 27, 0, '1738128129 (2).xlsx', '1', '2025-02-14 03:03:08');

-- --------------------------------------------------------

--
-- Table structure for table `template_covering_file_custom`
--

CREATE TABLE `template_covering_file_custom` (
  `temp_cf_id` int(11) NOT NULL,
  `template_id` int(11) NOT NULL,
  `lead_id` int(11) NOT NULL,
  `lead_proposal_id` int(50) NOT NULL,
  `image_name` text DEFAULT NULL,
  `status` enum('0','1') DEFAULT '1' COMMENT '0:Disabled, 1:Enabled',
  `created_date` timestamp NOT NULL DEFAULT current_timestamp() ON UPDATE current_timestamp()
) ENGINE=InnoDB DEFAULT CHARSET=latin1 COLLATE=latin1_swedish_ci;

--
-- Dumping data for table `template_covering_file_custom`
--

INSERT INTO `template_covering_file_custom` (`temp_cf_id`, `template_id`, `lead_id`, `lead_proposal_id`, `image_name`, `status`, `created_date`) VALUES
(10, 18, 5, 29, '1520490278a.jpg', '1', '2025-02-04 03:46:14'),
(11, 35, 5, 0, 'malP.webp', '1', '2025-02-04 07:43:53'),
(14, 18, 6, 35, 'icons8-double-right-48.png', '1', '2025-02-06 02:47:12'),
(15, 18, 6, 35, 'nortan360D4.jpg', '1', '2025-02-06 02:52:01'),
(16, 17, 6, 35, 'rozerpayclick.txt', '1', '2025-02-06 03:19:16'),
(17, 18, 6, 37, '1520490278a.jpg', '1', '2025-02-12 11:46:00');

-- --------------------------------------------------------

--
-- Table structure for table `template_custom`
--

CREATE TABLE `template_custom` (
  `t_id` int(11) NOT NULL,
  `template_id` int(11) NOT NULL,
  `cust_id` int(11) NOT NULL,
  `lead_id` int(11) NOT NULL,
  `lead_proposal_id` int(50) NOT NULL,
  `title` varchar(255) NOT NULL,
  `description` text NOT NULL,
  `file` text NOT NULL,
  `files` varchar(255) NOT NULL,
  `title_covering` varchar(255) NOT NULL,
  `description_covering` text NOT NULL,
  `title_over_view_project` varchar(255) NOT NULL,
  `description_over_view_project` text NOT NULL,
  `title_key_point` varchar(255) NOT NULL,
  `description_key_point` text NOT NULL,
  `title_commercial` varchar(255) NOT NULL,
  `description_commercial` text NOT NULL,
  `title_term_and_condtion` varchar(255) NOT NULL,
  `description_term_and_condtion` text NOT NULL,
  `signature` varchar(255) NOT NULL,
  `old_template_id` int(50) NOT NULL,
  `created_date` datetime NOT NULL DEFAULT current_timestamp(),
  `updated_date` datetime NOT NULL DEFAULT current_timestamp() ON UPDATE current_timestamp(),
  `deleted_status` enum('1','0') NOT NULL DEFAULT '1' COMMENT '0-Deleted, 1-No Deleted',
  `status` enum('1','0') NOT NULL DEFAULT '1'
) ENGINE=InnoDB DEFAULT CHARSET=latin1 COLLATE=latin1_swedish_ci;

--
-- Dumping data for table `template_custom`
--

INSERT INTO `template_custom` (`t_id`, `template_id`, `cust_id`, `lead_id`, `lead_proposal_id`, `title`, `description`, `file`, `files`, `title_covering`, `description_covering`, `title_over_view_project`, `description_over_view_project`, `title_key_point`, `description_key_point`, `title_commercial`, `description_commercial`, `title_term_and_condtion`, `description_term_and_condtion`, `signature`, `old_template_id`, `created_date`, `updated_date`, `deleted_status`, `status`) VALUES
(30, 2, 117, 2, 27, 'Design Final 23', 'tttb bhhj cdff<p></p>', '', '', '', '', ' Over View Project Design Final', '                                <p><b>OVERVIEW OF REQUIREMENT:</b>\r\nApplication to provide effective service & manage centralized operations, most of\r\noperations will be notify as its schedules. The application will help to the organizations\r\nto manage, and analyze securely to accomplish everyday tasks and processes.\r\nApplication will be help to save time and resources by ensuring error-free deliveries.</p>\r\n<p>\r\n                                    </p>\r\n\r\n                                    <p><b>BENEFITS OF AN OFFICE AUTOMATION APPLICATION</b><br>\r\nApplication will help to improved accuracy, Reduced costs, Reduced time and resources,\r\nCentralized data availability / storage and management, Data insights and more\r\ninformed decisions, Business process improvement.</p>\r\n                                    \r\n                                    <p><b>ADMIN PANEL:</b> Web-based admin panel, two type of admin panel. 1. for super admin\r\nwho can handle the customers & 2. customer admin panel where customer admin can\r\nmonitor all operations like add open tasks, pending tasks, completed tasks, pics\r\nuploaded by operations user, Settings & etc..</p>\r\n                                    <p><b>Mobile App:</b> Application for multi operations housekeeping user, supervisor, customer.</p><p></p>', 'Key Point Design Final', '<center><p><b><u>WEB BASED SUPER ADMIN PANEL</u></b></p></center>\r\n                                   <p><b><u>KEY MODULES:</u></b></p>\r\n                                    <p><b>Customer Management</b></p>\r\n                                    <ul><li>Add / update customer</li><ul><li>Registered Customer List</li><li>Access level</li></ul></ul>\r\n                                    <b>User (Operational Users) Management</b>\r\n                                    <ul><li>Add / update user roles</li><ul><li>User Role list</li><li>Access type</li><ul><li>View, update, full access</li></ul></ul><li>Add / Update users</li><ul><li>User List</li><li>Enable / disable users</li></ul></ul>\r\n                                    <b>Integrations</b>\r\n                                     <ul><li> SMS integration</li><li>Email integration</li></ul>\r\n                                    <b>Reports & other feature</b>\r\n                                     <ul><li>Customer List</li><li>Customer Report</li><ul><li>Customer / site wise analysis report</li><li>Monthly report</li><li>QTLY report</li><li>Yearly Report</li></ul></ul>\r\n                                   \r\n                                \r\n                                \r\n                        \r\n                    \r\n                \r\n                \r\n\r\n                  \r\n                \r\n                    \r\n                        \r\n                            \r\n                                \r\n                                    \r\n                                   \r\n                                  \r\n                                     \r\n                                    <center><p><b><u>WEB BASED CUSTOMER SITE (SUPERVISOR) PANEL</u></b></p></center>\r\n                                    <p><b><u>KEY MODULES:</u></b></p>\r\n                                    <p><b>Customer Site Setup</b></p>\r\n                                    <ul><li>Add / update rooms, desks, etc.</li><ul><li>Area / Location wise activity mapping</li></ul></ul>\r\n                                   \r\n                                    <ul><li>Activity (Task) management</li><ul><li>Add / update activities</li><li>Add / update schedules</li><ul><li>View, update, full access</li></ul></ul></ul>\r\n                                 \r\n\r\n                                     <b>Site Operations Management</b>\r\n                                    \r\n                                     <ul><li>Housekeeping Operations</li><ul><li>Attendance of staff</li><li>Assign scheduled tasks to user </li></ul><li>Cleaning / sensitization monitoring</li><ul><li>Provision to create QR \r\ncodes for all areas where Sanitization and Disinfection must be done \r\nfrequently (RFID based auto scanning solution optional)</li><li>Housekeeping person can \r\nscan respective QR codes while cleaning / Sanitization area, desk (RFID \r\nbased auto scanning solution optional)</li><li>On scanning QR auto update in system</li></ul><li>Easy to monitor cleaning / Sanitization status</li></ul>\r\n\r\n\r\n                                    \r\n                                     <ul><li>Resource management</li><ul><li>Attendance</li><li>Assign activities </li></ul><li>Inventory Management</li><ul><li>Housekeeping inventory</li><li>Provision to set minimum QTY</li><li>Provision to update used items / goods</li><li>System will notify to respective user on low inventory</li></ul></ul><p></p>', '', '', 'Terms And Condition Design Final', '<p><b><u>TERMS & CONDITION:</u></b></p>\r\n                                    \r\n                                     <ul><li>GST extra as applicable. (@18%)</li><li>Payment Terms:</li><ul><li>40% in advance along with PO</li><li>40% on completion of 50% scope of work </li><li>20% on successful UAT </li></ul><li>Development duration 40 working days form the date of PO or advance amount.</li><li>Server cost will be charge separately on need basis.</li><li> If need to travel outside the Mumbai, customer will arrange the traveling cost &\r\n                                        accommodation & additional cost Rs. 4500/- per day per person</li><li> If third party API required, API & integration cost will be paid by client.</li><li> Free maintenance for three months, after that 15% AMC cost applicable.</li><li>Above milestone not considered testing period.</li><li>\r\n                                        <br></li><li> For any new CR cost will be applicable based on change request.</li><li>SMS, Payment gateway and other third party costs will be client responsibility</li><li> Client will provide all required images and contents in soft copy format.</li></ul><p></p>', '', 0, '2022-04-25 14:01:37', '2025-02-03 17:59:34', '1', '1'),
(31, 1, 0, 0, 28, 'Design Final', '<br><p></p>', '', '', '', '', ' Over View Project Design Final', '<p><b>OVERVIEW OF REQUIREMENT:</b>\r\nApplication to provide effective service & manage centralized operations, most of\r\noperations will be notify as its schedules. The application will help to the organizations\r\nto manage, and analyze securely to accomplish everyday tasks and processes.\r\nApplication will be help to save time and resources by ensuring error-free deliveries.</p>\r\n<p>\r\n                                    </p>\r\n\r\n                                    <p><b>BENEFITS OF AN OFFICE AUTOMATION APPLICATION</b><br>\r\nApplication will help to improved accuracy, Reduced costs, Reduced time and resources,\r\nCentralized data availability / storage and management, Data insights and more\r\ninformed decisions, Business process improvement.</p>\r\n                                    \r\n                                    <p><b>ADMIN PANEL:</b> Web-based admin panel, two type of admin panel. 1. for super admin\r\nwho can handle the customers & 2. customer admin panel where customer admin can\r\nmonitor all operations like add open tasks, pending tasks, completed tasks, pics\r\nuploaded by operations user, Settings & etc..</p>\r\n                                    <p><b>Mobile App:</b> Application for multi operations housekeeping user, supervisor, customer.</p><p></p>', 'Key Point Design Final', '<center><p><b><u>WEB BASED SUPER ADMIN PANEL</u></b></p></center>\r\n                                   <p><b><u>KEY MODULES:</u></b></p>\r\n                                    <p><b>Customer Management</b></p>\r\n                                    <ul><li>Add / update customer</li><ul><li>Registered Customer List</li><li>Access level</li></ul></ul>\r\n                                    <b>User (Operational Users) Management</b>\r\n                                    <ul><li>Add / update user roles</li><ul><li>User Role list</li><li>Access type</li><ul><li>View, update, full access</li></ul></ul><li>Add / Update users</li><ul><li>User List</li><li>Enable / disable users</li></ul></ul>\r\n                                    <b>Integrations</b>\r\n                                     <ul><li> SMS integration</li><li>Email integration</li></ul>\r\n                                    <b>Reports & other feature</b>\r\n                                     <ul><li>Customer List</li><li>Customer Report</li><ul><li>Customer / site wise analysis report</li><li>Monthly report</li><li>QTLY report</li><li>Yearly Report</li></ul></ul>\r\n                                   \r\n                                \r\n                                \r\n                        \r\n                    \r\n                \r\n                \r\n\r\n                  \r\n                \r\n                    \r\n                        \r\n                            \r\n                                \r\n                                    \r\n                                   \r\n                                  \r\n                                     \r\n                                    <center><p><b><u>WEB BASED CUSTOMER SITE (SUPERVISOR) PANEL</u></b></p></center>\r\n                                    <p><b><u>KEY MODULES:</u></b></p>\r\n                                    <p><b>Customer Site Setup</b></p>\r\n                                    <ul><li>Add / update rooms, desks, etc.</li><ul><li>Area / Location wise activity mapping</li></ul></ul>\r\n                                   \r\n                                    <ul><li>Activity (Task) management</li><ul><li>Add / update activities</li><li>Add / update schedules</li><ul><li>View, update, full access</li></ul></ul></ul>\r\n                                 \r\n\r\n                                     <b>Site Operations Management</b>\r\n                                    \r\n                                     <ul><li>Housekeeping Operations</li><ul><li>Attendance of staff</li><li>Assign scheduled tasks to user </li></ul><li>Cleaning / sensitization monitoring</li><ul><li>Provision to create QR \r\ncodes for all areas where Sanitization and Disinfection must be done \r\nfrequently (RFID based auto scanning solution optional)</li><li>Housekeeping person can \r\nscan respective QR codes while cleaning / Sanitization area, desk (RFID \r\nbased auto scanning solution optional)</li><li>On scanning QR auto update in system</li></ul><li>Easy to monitor cleaning / Sanitization status</li></ul>\r\n\r\n\r\n                                    \r\n                                     <ul><li>Resource management</li><ul><li>Attendance</li><li>Assign activities </li></ul><li>Inventory Management</li><ul><li>Housekeeping inventory</li><li>Provision to set minimum QTY</li><li>Provision to update used items / goods</li><li>System will notify to respective user on low inventory</li></ul></ul><p></p>', '', '', 'Terms And Condition Design Final', '<p><b><u>TERMS & CONDITION:</u></b></p>\r\n                                    \r\n                                     <ul><li>GST extra as applicable. (@18%)</li><li>Payment Terms:</li><ul><li>40% in advance along with PO</li><li>40% on completion of 50% scope of work </li><li>20% on successful UAT </li></ul><li>Development duration 40 working days form the date of PO or advance amount.</li><li>Server cost will be charge separately on need basis.</li><li> If need to travel outside the Mumbai, customer will arrange the traveling cost &\r\n                                        accommodation & additional cost Rs. 4500/- per day per person</li><li> If third party API required, API & integration cost will be paid by client.</li><li> Free maintenance for three months, after that 15% AMC cost applicable.</li><li>Above milestone not considered testing period.</li><li>\r\n                                        <br></li><li> For any new CR cost will be applicable based on change request.</li><li>SMS, Payment gateway and other third party costs will be client responsibility</li><li> Client will provide all required images and contents in soft copy format.</li></ul><p></p>', '', 0, '2025-02-04 09:13:01', '2022-07-27 11:40:56', '1', '1'),
(32, 18, 0, 2, 29, 'Template111', '<p>Template title added</p>', '', '', 'cover', '<p>cover of the template</p>', 'overview', '                                                                                                                                                                                                <p>overview written</p>', '', '', 'Commercial', '<p>commercial data</p>', 'tc', '<p>tc data</p>', '<p>signature</p>', 0, '2025-02-04 09:16:14', '2025-02-03 18:02:46', '1', '1'),
(33, 18, 0, 5, 29, 'Template111', '<p>Template title added 4</p>', '', '', 'cover', '<p>cover of the template</p>', 'overview', '                                                                                                                                                                                                                                <p>overview written</p>', '', '', 'Commercial', '<p>commercial data</p>', 'tc', '<p>tc data</p>', '<p>signature</p>', 18, '2025-02-04 13:13:04', '2025-02-04 13:13:04', '1', '1'),
(34, 2, 0, 5, 30, 'Design Final 23', 'tttb bhhj cdff ggg<p></p>', '', '', '', '', ' Over View Project Design Final', '                                                                                                <p><b>OVERVIEW OF REQUIREMENT:</b>\r\nApplication to provide effective service & manage centralized operations, most of\r\noperations will be notify as its schedules. The application will help to the organizations\r\nto manage, and analyze securely to accomplish everyday tasks and processes.\r\nApplication will be help to save time and resources by ensuring error-free deliveries.</p>\r\n<p>\r\n                                    </p>\r\n\r\n                                    <p><b>BENEFITS OF AN OFFICE AUTOMATION APPLICATION</b><br>\r\nApplication will help to improved accuracy, Reduced costs, Reduced time and resources,\r\nCentralized data availability / storage and management, Data insights and more\r\ninformed decisions, Business process improvement.</p>\r\n                                    \r\n                                    <p><b>ADMIN PANEL:</b> Web-based admin panel, two type of admin panel. 1. for super admin\r\nwho can handle the customers & 2. customer admin panel where customer admin can\r\nmonitor all operations like add open tasks, pending tasks, completed tasks, pics\r\nuploaded by operations user, Settings & etc..</p>\r\n                                    <p><b>Mobile App:</b> Application for multi operations housekeeping user, supervisor, customer.</p><p></p>', 'Key Point Design Final', '<center><p><b><u>WEB BASED SUPER ADMIN PANEL</u></b></p></center>\r\n                                   <p><b><u>KEY MODULES:</u></b></p>\r\n                                    <p><b>Customer Management</b></p>\r\n                                    <ul><li>Add / update customer</li><ul><li>Registered Customer List</li><li>Access level</li></ul></ul>\r\n                                    <b>User (Operational Users) Management</b>\r\n                                    <ul><li>Add / update user roles</li><ul><li>User Role list</li><li>Access type</li><ul><li>View, update, full access</li></ul></ul><li>Add / Update users</li><ul><li>User List</li><li>Enable / disable users</li></ul></ul>\r\n                                    <b>Integrations</b>\r\n                                     <ul><li> SMS integration</li><li>Email integration</li></ul>\r\n                                    <b>Reports & other feature</b>\r\n                                     <ul><li>Customer List</li><li>Customer Report</li><ul><li>Customer / site wise analysis report</li><li>Monthly report</li><li>QTLY report</li><li>Yearly Report</li></ul></ul>\r\n                                   \r\n                                \r\n                                \r\n                        \r\n                    \r\n                \r\n                \r\n\r\n                  \r\n                \r\n                    \r\n                        \r\n                            \r\n                                \r\n                                    \r\n                                   \r\n                                  \r\n                                     \r\n                                    <center><p><b><u>WEB BASED CUSTOMER SITE (SUPERVISOR) PANEL</u></b></p></center>\r\n                                    <p><b><u>KEY MODULES:</u></b></p>\r\n                                    <p><b>Customer Site Setup</b></p>\r\n                                    <ul><li>Add / update rooms, desks, etc.</li><ul><li>Area / Location wise activity mapping</li></ul></ul>\r\n                                   \r\n                                    <ul><li>Activity (Task) management</li><ul><li>Add / update activities</li><li>Add / update schedules</li><ul><li>View, update, full access</li></ul></ul></ul>\r\n                                 \r\n\r\n                                     <b>Site Operations Management</b>\r\n                                    \r\n                                     <ul><li>Housekeeping Operations</li><ul><li>Attendance of staff</li><li>Assign scheduled tasks to user </li></ul><li>Cleaning / sensitization monitoring</li><ul><li>Provision to create QR \r\ncodes for all areas where Sanitization and Disinfection must be done \r\nfrequently (RFID based auto scanning solution optional)</li><li>Housekeeping person can \r\nscan respective QR codes while cleaning / Sanitization area, desk (RFID \r\nbased auto scanning solution optional)</li><li>On scanning QR auto update in system</li></ul><li>Easy to monitor cleaning / Sanitization status</li></ul>\r\n\r\n\r\n                                    \r\n                                     <ul><li>Resource management</li><ul><li>Attendance</li><li>Assign activities </li></ul><li>Inventory Management</li><ul><li>Housekeeping inventory</li><li>Provision to set minimum QTY</li><li>Provision to update used items / goods</li><li>System will notify to respective user on low inventory</li></ul></ul><p></p>', '', '', 'Terms And Condition Design Final', '<p><b><u>TERMS & CONDITION:</u></b></p>\r\n                                    \r\n                                     <ul><li>GST extra as applicable. (@18%)</li><li>Payment Terms:</li><ul><li>40% in advance along with PO</li><li>40% on completion of 50% scope of work </li><li>20% on successful UAT </li></ul><li>Development duration 40 working days form the date of PO or advance amount.</li><li>Server cost will be charge separately on need basis.</li><li> If need to travel outside the Mumbai, customer will arrange the traveling cost &\r\n                                        accommodation & additional cost Rs. 4500/- per day per person</li><li> If third party API required, API & integration cost will be paid by client.</li><li> Free maintenance for three months, after that 15% AMC cost applicable.</li><li>Above milestone not considered testing period.</li><li>\r\n                                        <br></li><li> For any new CR cost will be applicable based on change request.</li><li>SMS, Payment gateway and other third party costs will be client responsibility</li><li> Client will provide all required images and contents in soft copy format.</li></ul><p></p>', '', 2, '2025-02-04 13:13:36', '2025-02-04 13:16:46', '1', '1'),
(35, 2, 0, 5, 30, 'Design Final 23', 'tttb bhhj cdff ggg<p></p>', '', '', '', '', ' Over View Project Design Final', '                                                                                                <p><b>OVERVIEW OF REQUIREMENT:</b>\r\nApplication to provide effective service & manage centralized operations, most of\r\noperations will be notify as its schedules. The application will help to the organizations\r\nto manage, and analyze securely to accomplish everyday tasks and processes.\r\nApplication will be help to save time and resources by ensuring error-free deliveries.</p>\r\n<p>\r\n                                    </p>\r\n\r\n                                    <p><b>BENEFITS OF AN OFFICE AUTOMATION APPLICATION</b><br>\r\nApplication will help to improved accuracy, Reduced costs, Reduced time and resources,\r\nCentralized data availability / storage and management, Data insights and more\r\ninformed decisions, Business process improvement.</p>\r\n                                    \r\n                                    <p><b>ADMIN PANEL:</b> Web-based admin panel, two type of admin panel. 1. for super admin\r\nwho can handle the customers & 2. customer admin panel where customer admin can\r\nmonitor all operations like add open tasks, pending tasks, completed tasks, pics\r\nuploaded by operations user, Settings & etc..</p>\r\n                                    <p><b>Mobile App:</b> Application for multi operations housekeeping user, supervisor, customer.</p><p></p>', 'Key Point Design Final', '<center><p><b><u>WEB BASED SUPER ADMIN PANEL</u></b></p></center>\r\n                                   <p><b><u>KEY MODULES:</u></b></p>\r\n                                    <p><b>Customer Management</b></p>\r\n                                    <ul><li>Add / update customer</li><ul><li>Registered Customer List</li><li>Access level</li></ul></ul>\r\n                                    <b>User (Operational Users) Management</b>\r\n                                    <ul><li>Add / update user roles</li><ul><li>User Role list</li><li>Access type</li><ul><li>View, update, full access</li></ul></ul><li>Add / Update users</li><ul><li>User List</li><li>Enable / disable users</li></ul></ul>\r\n                                    <b>Integrations</b>\r\n                                     <ul><li> SMS integration</li><li>Email integration</li></ul>\r\n                                    <b>Reports & other feature</b>\r\n                                     <ul><li>Customer List</li><li>Customer Report</li><ul><li>Customer / site wise analysis report</li><li>Monthly report</li><li>QTLY report</li><li>Yearly Report</li></ul></ul>\r\n                                   \r\n                                \r\n                                \r\n                        \r\n                    \r\n                \r\n                \r\n\r\n                  \r\n                \r\n                    \r\n                        \r\n                            \r\n                                \r\n                                    \r\n                                   \r\n                                  \r\n                                     \r\n                                    <center><p><b><u>WEB BASED CUSTOMER SITE (SUPERVISOR) PANEL</u></b></p></center>\r\n                                    <p><b><u>KEY MODULES:</u></b></p>\r\n                                    <p><b>Customer Site Setup</b></p>\r\n                                    <ul><li>Add / update rooms, desks, etc.</li><ul><li>Area / Location wise activity mapping</li></ul></ul>\r\n                                   \r\n                                    <ul><li>Activity (Task) management</li><ul><li>Add / update activities</li><li>Add / update schedules</li><ul><li>View, update, full access</li></ul></ul></ul>\r\n                                 \r\n\r\n                                     <b>Site Operations Management</b>\r\n                                    \r\n                                     <ul><li>Housekeeping Operations</li><ul><li>Attendance of staff</li><li>Assign scheduled tasks to user </li></ul><li>Cleaning / sensitization monitoring</li><ul><li>Provision to create QR \r\ncodes for all areas where Sanitization and Disinfection must be done \r\nfrequently (RFID based auto scanning solution optional)</li><li>Housekeeping person can \r\nscan respective QR codes while cleaning / Sanitization area, desk (RFID \r\nbased auto scanning solution optional)</li><li>On scanning QR auto update in system</li></ul><li>Easy to monitor cleaning / Sanitization status</li></ul>\r\n\r\n\r\n                                    \r\n                                     <ul><li>Resource management</li><ul><li>Attendance</li><li>Assign activities </li></ul><li>Inventory Management</li><ul><li>Housekeeping inventory</li><li>Provision to set minimum QTY</li><li>Provision to update used items / goods</li><li>System will notify to respective user on low inventory</li></ul></ul><p></p>', '', '', 'Terms And Condition Design Final', '<p><b><u>TERMS & CONDITION:</u></b></p>\r\n                                    \r\n                                     <ul><li>GST extra as applicable. (@18%)</li><li>Payment Terms:</li><ul><li>40% in advance along with PO</li><li>40% on completion of 50% scope of work </li><li>20% on successful UAT </li></ul><li>Development duration 40 working days form the date of PO or advance amount.</li><li>Server cost will be charge separately on need basis.</li><li> If need to travel outside the Mumbai, customer will arrange the traveling cost &\r\n                                        accommodation & additional cost Rs. 4500/- per day per person</li><li> If third party API required, API & integration cost will be paid by client.</li><li> Free maintenance for three months, after that 15% AMC cost applicable.</li><li>Above milestone not considered testing period.</li><li>\r\n                                        <br></li><li> For any new CR cost will be applicable based on change request.</li><li>SMS, Payment gateway and other third party costs will be client responsibility</li><li> Client will provide all required images and contents in soft copy format.</li></ul><p></p>', '', 2, '2025-02-04 13:13:53', '2025-02-04 13:16:46', '1', '1'),
(36, 2, 117, 2, 30, 'Design Final 23', 'tttb bhhj cdff<p></p>', '', '', '', '', ' Over View Project Design Final', '                                <p><b>OVERVIEW OF REQUIREMENT:</b>\r\nApplication to provide effective service & manage centralized operations, most of\r\noperations will be notify as its schedules. The application will help to the organizations\r\nto manage, and analyze securely to accomplish everyday tasks and processes.\r\nApplication will be help to save time and resources by ensuring error-free deliveries.</p>\r\n<p>\r\n                                    </p>\r\n\r\n                                    <p><b>BENEFITS OF AN OFFICE AUTOMATION APPLICATION</b><br>\r\nApplication will help to improved accuracy, Reduced costs, Reduced time and resources,\r\nCentralized data availability / storage and management, Data insights and more\r\ninformed decisions, Business process improvement.</p>\r\n                                    \r\n                                    <p><b>ADMIN PANEL:</b> Web-based admin panel, two type of admin panel. 1. for super admin\r\nwho can handle the customers & 2. customer admin panel where customer admin can\r\nmonitor all operations like add open tasks, pending tasks, completed tasks, pics\r\nuploaded by operations user, Settings & etc..</p>\r\n                                    <p><b>Mobile App:</b> Application for multi operations housekeeping user, supervisor, customer.</p><p></p>', 'Key Point Design Final', '<center><p><b><u>WEB BASED SUPER ADMIN PANEL</u></b></p></center>\r\n                                   <p><b><u>KEY MODULES:</u></b></p>\r\n                                    <p><b>Customer Management</b></p>\r\n                                    <ul><li>Add / update customer</li><ul><li>Registered Customer List</li><li>Access level</li></ul></ul>\r\n                                    <b>User (Operational Users) Management</b>\r\n                                    <ul><li>Add / update user roles</li><ul><li>User Role list</li><li>Access type</li><ul><li>View, update, full access</li></ul></ul><li>Add / Update users</li><ul><li>User List</li><li>Enable / disable users</li></ul></ul>\r\n                                    <b>Integrations</b>\r\n                                     <ul><li> SMS integration</li><li>Email integration</li></ul>\r\n                                    <b>Reports & other feature</b>\r\n                                     <ul><li>Customer List</li><li>Customer Report</li><ul><li>Customer / site wise analysis report</li><li>Monthly report</li><li>QTLY report</li><li>Yearly Report</li></ul></ul>\r\n                                   \r\n                                \r\n                                \r\n                        \r\n                    \r\n                \r\n                \r\n\r\n                  \r\n                \r\n                    \r\n                        \r\n                            \r\n                                \r\n                                    \r\n                                   \r\n                                  \r\n                                     \r\n                                    <center><p><b><u>WEB BASED CUSTOMER SITE (SUPERVISOR) PANEL</u></b></p></center>\r\n                                    <p><b><u>KEY MODULES:</u></b></p>\r\n                                    <p><b>Customer Site Setup</b></p>\r\n                                    <ul><li>Add / update rooms, desks, etc.</li><ul><li>Area / Location wise activity mapping</li></ul></ul>\r\n                                   \r\n                                    <ul><li>Activity (Task) management</li><ul><li>Add / update activities</li><li>Add / update schedules</li><ul><li>View, update, full access</li></ul></ul></ul>\r\n                                 \r\n\r\n                                     <b>Site Operations Management</b>\r\n                                    \r\n                                     <ul><li>Housekeeping Operations</li><ul><li>Attendance of staff</li><li>Assign scheduled tasks to user </li></ul><li>Cleaning / sensitization monitoring</li><ul><li>Provision to create QR \r\ncodes for all areas where Sanitization and Disinfection must be done \r\nfrequently (RFID based auto scanning solution optional)</li><li>Housekeeping person can \r\nscan respective QR codes while cleaning / Sanitization area, desk (RFID \r\nbased auto scanning solution optional)</li><li>On scanning QR auto update in system</li></ul><li>Easy to monitor cleaning / Sanitization status</li></ul>\r\n\r\n\r\n                                    \r\n                                     <ul><li>Resource management</li><ul><li>Attendance</li><li>Assign activities </li></ul><li>Inventory Management</li><ul><li>Housekeeping inventory</li><li>Provision to set minimum QTY</li><li>Provision to update used items / goods</li><li>System will notify to respective user on low inventory</li></ul></ul><p></p>', '', '', 'Terms And Condition Design Final', '<p><b><u>TERMS & CONDITION:</u></b></p>\r\n                                    \r\n                                     <ul><li>GST extra as applicable. (@18%)</li><li>Payment Terms:</li><ul><li>40% in advance along with PO</li><li>40% on completion of 50% scope of work </li><li>20% on successful UAT </li></ul><li>Development duration 40 working days form the date of PO or advance amount.</li><li>Server cost will be charge separately on need basis.</li><li> If need to travel outside the Mumbai, customer will arrange the traveling cost &\r\n                                        accommodation & additional cost Rs. 4500/- per day per person</li><li> If third party API required, API & integration cost will be paid by client.</li><li> Free maintenance for three months, after that 15% AMC cost applicable.</li><li>Above milestone not considered testing period.</li><li>\r\n                                        <br></li><li> For any new CR cost will be applicable based on change request.</li><li>SMS, Payment gateway and other third party costs will be client responsibility</li><li> Client will provide all required images and contents in soft copy format.</li></ul><p></p>', '', 0, '2025-02-04 13:15:20', '2025-02-03 17:59:34', '1', '1'),
(38, 1, 0, 0, 32, 'Design Final', '<br><p></p>', '', '', '', '', ' Over View Project Design Final', '<p><b>OVERVIEW OF REQUIREMENT:</b>\r\nApplication to provide effective service & manage centralized operations, most of\r\noperations will be notify as its schedules. The application will help to the organizations\r\nto manage, and analyze securely to accomplish everyday tasks and processes.\r\nApplication will be help to save time and resources by ensuring error-free deliveries.</p>\r\n<p>\r\n                                    </p>\r\n\r\n                                    <p><b>BENEFITS OF AN OFFICE AUTOMATION APPLICATION</b><br>\r\nApplication will help to improved accuracy, Reduced costs, Reduced time and resources,\r\nCentralized data availability / storage and management, Data insights and more\r\ninformed decisions, Business process improvement.</p>\r\n                                    \r\n                                    <p><b>ADMIN PANEL:</b> Web-based admin panel, two type of admin panel. 1. for super admin\r\nwho can handle the customers & 2. customer admin panel where customer admin can\r\nmonitor all operations like add open tasks, pending tasks, completed tasks, pics\r\nuploaded by operations user, Settings & etc..</p>\r\n                                    <p><b>Mobile App:</b> Application for multi operations housekeeping user, supervisor, customer.</p><p></p>', 'Key Point Design Final', '<center><p><b><u>WEB BASED SUPER ADMIN PANEL</u></b></p></center>\r\n                                   <p><b><u>KEY MODULES:</u></b></p>\r\n                                    <p><b>Customer Management</b></p>\r\n                                    <ul><li>Add / update customer</li><ul><li>Registered Customer List</li><li>Access level</li></ul></ul>\r\n                                    <b>User (Operational Users) Management</b>\r\n                                    <ul><li>Add / update user roles</li><ul><li>User Role list</li><li>Access type</li><ul><li>View, update, full access</li></ul></ul><li>Add / Update users</li><ul><li>User List</li><li>Enable / disable users</li></ul></ul>\r\n                                    <b>Integrations</b>\r\n                                     <ul><li> SMS integration</li><li>Email integration</li></ul>\r\n                                    <b>Reports & other feature</b>\r\n                                     <ul><li>Customer List</li><li>Customer Report</li><ul><li>Customer / site wise analysis report</li><li>Monthly report</li><li>QTLY report</li><li>Yearly Report</li></ul></ul>\r\n                                   \r\n                                \r\n                                \r\n                        \r\n                    \r\n                \r\n                \r\n\r\n                  \r\n                \r\n                    \r\n                        \r\n                            \r\n                                \r\n                                    \r\n                                   \r\n                                  \r\n                                     \r\n                                    <center><p><b><u>WEB BASED CUSTOMER SITE (SUPERVISOR) PANEL</u></b></p></center>\r\n                                    <p><b><u>KEY MODULES:</u></b></p>\r\n                                    <p><b>Customer Site Setup</b></p>\r\n                                    <ul><li>Add / update rooms, desks, etc.</li><ul><li>Area / Location wise activity mapping</li></ul></ul>\r\n                                   \r\n                                    <ul><li>Activity (Task) management</li><ul><li>Add / update activities</li><li>Add / update schedules</li><ul><li>View, update, full access</li></ul></ul></ul>\r\n                                 \r\n\r\n                                     <b>Site Operations Management</b>\r\n                                    \r\n                                     <ul><li>Housekeeping Operations</li><ul><li>Attendance of staff</li><li>Assign scheduled tasks to user </li></ul><li>Cleaning / sensitization monitoring</li><ul><li>Provision to create QR \r\ncodes for all areas where Sanitization and Disinfection must be done \r\nfrequently (RFID based auto scanning solution optional)</li><li>Housekeeping person can \r\nscan respective QR codes while cleaning / Sanitization area, desk (RFID \r\nbased auto scanning solution optional)</li><li>On scanning QR auto update in system</li></ul><li>Easy to monitor cleaning / Sanitization status</li></ul>\r\n\r\n\r\n                                    \r\n                                     <ul><li>Resource management</li><ul><li>Attendance</li><li>Assign activities </li></ul><li>Inventory Management</li><ul><li>Housekeeping inventory</li><li>Provision to set minimum QTY</li><li>Provision to update used items / goods</li><li>System will notify to respective user on low inventory</li></ul></ul><p></p>', '', '', 'Terms And Condition Design Final', '<p><b><u>TERMS & CONDITION:</u></b></p>\r\n                                    \r\n                                     <ul><li>GST extra as applicable. (@18%)</li><li>Payment Terms:</li><ul><li>40% in advance along with PO</li><li>40% on completion of 50% scope of work </li><li>20% on successful UAT </li></ul><li>Development duration 40 working days form the date of PO or advance amount.</li><li>Server cost will be charge separately on need basis.</li><li> If need to travel outside the Mumbai, customer will arrange the traveling cost &\r\n                                        accommodation & additional cost Rs. 4500/- per day per person</li><li> If third party API required, API & integration cost will be paid by client.</li><li> Free maintenance for three months, after that 15% AMC cost applicable.</li><li>Above milestone not considered testing period.</li><li>\r\n                                        <br></li><li> For any new CR cost will be applicable based on change request.</li><li>SMS, Payment gateway and other third party costs will be client responsibility</li><li> Client will provide all required images and contents in soft copy format.</li></ul><p></p>', '', 0, '2025-02-06 06:31:13', '2022-07-27 11:40:56', '1', '1'),
(39, 2, 117, 2, 33, 'Design Final 23', 'tttb bhhj cdff<p></p>', '', '', '', '', ' Over View Project Design Final', '                                <p><b>OVERVIEW OF REQUIREMENT:</b>\r\nApplication to provide effective service & manage centralized operations, most of\r\noperations will be notify as its schedules. The application will help to the organizations\r\nto manage, and analyze securely to accomplish everyday tasks and processes.\r\nApplication will be help to save time and resources by ensuring error-free deliveries.</p>\r\n<p>\r\n                                    </p>\r\n\r\n                                    <p><b>BENEFITS OF AN OFFICE AUTOMATION APPLICATION</b><br>\r\nApplication will help to improved accuracy, Reduced costs, Reduced time and resources,\r\nCentralized data availability / storage and management, Data insights and more\r\ninformed decisions, Business process improvement.</p>\r\n                                    \r\n                                    <p><b>ADMIN PANEL:</b> Web-based admin panel, two type of admin panel. 1. for super admin\r\nwho can handle the customers & 2. customer admin panel where customer admin can\r\nmonitor all operations like add open tasks, pending tasks, completed tasks, pics\r\nuploaded by operations user, Settings & etc..</p>\r\n                                    <p><b>Mobile App:</b> Application for multi operations housekeeping user, supervisor, customer.</p><p></p>', 'Key Point Design Final', '<center><p><b><u>WEB BASED SUPER ADMIN PANEL</u></b></p></center>\r\n                                   <p><b><u>KEY MODULES:</u></b></p>\r\n                                    <p><b>Customer Management</b></p>\r\n                                    <ul><li>Add / update customer</li><ul><li>Registered Customer List</li><li>Access level</li></ul></ul>\r\n                                    <b>User (Operational Users) Management</b>\r\n                                    <ul><li>Add / update user roles</li><ul><li>User Role list</li><li>Access type</li><ul><li>View, update, full access</li></ul></ul><li>Add / Update users</li><ul><li>User List</li><li>Enable / disable users</li></ul></ul>\r\n                                    <b>Integrations</b>\r\n                                     <ul><li> SMS integration</li><li>Email integration</li></ul>\r\n                                    <b>Reports & other feature</b>\r\n                                     <ul><li>Customer List</li><li>Customer Report</li><ul><li>Customer / site wise analysis report</li><li>Monthly report</li><li>QTLY report</li><li>Yearly Report</li></ul></ul>\r\n                                   \r\n                                \r\n                                \r\n                        \r\n                    \r\n                \r\n                \r\n\r\n                  \r\n                \r\n                    \r\n                        \r\n                            \r\n                                \r\n                                    \r\n                                   \r\n                                  \r\n                                     \r\n                                    <center><p><b><u>WEB BASED CUSTOMER SITE (SUPERVISOR) PANEL</u></b></p></center>\r\n                                    <p><b><u>KEY MODULES:</u></b></p>\r\n                                    <p><b>Customer Site Setup</b></p>\r\n                                    <ul><li>Add / update rooms, desks, etc.</li><ul><li>Area / Location wise activity mapping</li></ul></ul>\r\n                                   \r\n                                    <ul><li>Activity (Task) management</li><ul><li>Add / update activities</li><li>Add / update schedules</li><ul><li>View, update, full access</li></ul></ul></ul>\r\n                                 \r\n\r\n                                     <b>Site Operations Management</b>\r\n                                    \r\n                                     <ul><li>Housekeeping Operations</li><ul><li>Attendance of staff</li><li>Assign scheduled tasks to user </li></ul><li>Cleaning / sensitization monitoring</li><ul><li>Provision to create QR \r\ncodes for all areas where Sanitization and Disinfection must be done \r\nfrequently (RFID based auto scanning solution optional)</li><li>Housekeeping person can \r\nscan respective QR codes while cleaning / Sanitization area, desk (RFID \r\nbased auto scanning solution optional)</li><li>On scanning QR auto update in system</li></ul><li>Easy to monitor cleaning / Sanitization status</li></ul>\r\n\r\n\r\n                                    \r\n                                     <ul><li>Resource management</li><ul><li>Attendance</li><li>Assign activities </li></ul><li>Inventory Management</li><ul><li>Housekeeping inventory</li><li>Provision to set minimum QTY</li><li>Provision to update used items / goods</li><li>System will notify to respective user on low inventory</li></ul></ul><p></p>', '', '', 'Terms And Condition Design Final', '<p><b><u>TERMS & CONDITION:</u></b></p>\r\n                                    \r\n                                     <ul><li>GST extra as applicable. (@18%)</li><li>Payment Terms:</li><ul><li>40% in advance along with PO</li><li>40% on completion of 50% scope of work </li><li>20% on successful UAT </li></ul><li>Development duration 40 working days form the date of PO or advance amount.</li><li>Server cost will be charge separately on need basis.</li><li> If need to travel outside the Mumbai, customer will arrange the traveling cost &\r\n                                        accommodation & additional cost Rs. 4500/- per day per person</li><li> If third party API required, API & integration cost will be paid by client.</li><li> Free maintenance for three months, after that 15% AMC cost applicable.</li><li>Above milestone not considered testing period.</li><li>\r\n                                        <br></li><li> For any new CR cost will be applicable based on change request.</li><li>SMS, Payment gateway and other third party costs will be client responsibility</li><li> Client will provide all required images and contents in soft copy format.</li></ul><p></p>', '', 0, '2025-02-06 06:38:36', '2025-02-03 17:59:34', '1', '1'),
(40, 18, 0, 6, 35, 'Template111', '<p>Template title added hhhhhhhhhh</p>', '', '', 'cover', '<p>cover of the template</p>', 'overview', '                                                                                                                                                                                                                                <p>overview written</p>', '', '', 'Commercial', '<p>commercial data</p>', 'tc', '<p>tc data</p>', '<p>signature</p>', 18, '2025-02-06 06:45:27', '2025-02-06 08:39:48', '1', '1'),
(41, 18, 0, 6, 35, 'Template111', '<p>Template title added hhhhhhhhhh</p>', '', '', 'cover', '<p>cover of the template</p>', 'overview', '                                                                                                                                                                                                                                <p>overview written</p>', '', '', 'Commercial', '<p>commercial data</p>', 'tc', '<p>tc data</p>', '<p>signature</p>', 18, '2025-02-06 08:14:07', '2025-02-06 08:39:48', '1', '1'),
(42, 18, 0, 6, 35, 'Template111', '<p>Template title added hhhhhhhhhh</p>', '', '', 'cover', '<p>cover of the template</p>', 'overview', '                                                                                                                                                                                                                                <p>overview written</p>', '', '', 'Commercial', '<p>commercial data</p>', 'tc', '<p>tc data</p>', '<p>signature</p>', 18, '2025-02-06 08:34:57', '2025-02-06 08:39:48', '1', '1'),
(43, 18, 0, 6, 35, 'Template111', '<p>Template title added hhhhhhhhhh</p>', '', '', 'cover', '<p>cover of the template</p>', 'overview', '                                                                                                                                                                                                                                <p>overview written</p>', '', '', 'Commercial', '<p>commercial data</p>', 'tc', '<p>tc data</p>', '<p>signature</p>', 18, '2025-02-06 08:36:43', '2025-02-06 08:39:48', '1', '1'),
(44, 18, 0, 6, 35, 'Template111', '<p>Template title added hhhhhhhhhh</p>', '', '', 'cover', '<p>cover of the template</p>', 'overview', '                                                                                                                                                                                                                                <p>overview written</p>', '', '', 'Commercial', '<p>commercial data</p>', 'tc', '<p>tc data</p>', '<p>signature</p>', 18, '2025-02-06 08:37:20', '2025-02-06 08:39:48', '1', '1'),
(45, 17, 0, 6, 35, 'proposal 1', 'new template added', '', '', '', '', '', '                                ', '', '', '', '', '', '', '', 17, '2025-02-06 08:49:16', '2025-02-06 08:49:16', '1', '1');
INSERT INTO `template_custom` (`t_id`, `template_id`, `cust_id`, `lead_id`, `lead_proposal_id`, `title`, `description`, `file`, `files`, `title_covering`, `description_covering`, `title_over_view_project`, `description_over_view_project`, `title_key_point`, `description_key_point`, `title_commercial`, `description_commercial`, `title_term_and_condtion`, `description_term_and_condtion`, `signature`, `old_template_id`, `created_date`, `updated_date`, `deleted_status`, `status`) VALUES
(46, 1, 0, 7, 7, 'Design Final', 'good to see u<p></p>', '', '', '', '', ' Over View Project Design Final', '                                <p><b>OVERVIEW OF REQUIREMENT:</b>\r\nApplication to provide effective service & manage centralized operations, most of\r\noperations will be notify as its schedules. The application will help to the organizations\r\nto manage, and analyze securely to accomplish everyday tasks and processes.\r\nApplication will be help to save time and resources by ensuring error-free deliveries.</p>\r\n<p>\r\n                                    </p>\r\n\r\n                                    <p><b>BENEFITS OF AN OFFICE AUTOMATION APPLICATION</b><br>\r\nApplication will help to improved accuracy, Reduced costs, Reduced time and resources,\r\nCentralized data availability / storage and management, Data insights and more\r\ninformed decisions, Business process improvement.</p>\r\n                                    \r\n                                    <p><b>ADMIN PANEL:</b> Web-based admin panel, two type of admin panel. 1. for super admin\r\nwho can handle the customers & 2. customer admin panel where customer admin can\r\nmonitor all operations like add open tasks, pending tasks, completed tasks, pics\r\nuploaded by operations user, Settings & etc..</p>\r\n                                    <p><b>Mobile App:</b> Application for multi operations housekeeping user, supervisor, customer.</p><p></p>', 'Key Point Design Final', '<center><p><b><u>WEB BASED SUPER ADMIN PANEL</u></b></p></center>\r\n                                   <p><b><u>KEY MODULES:</u></b></p>\r\n                                    <p><b>Customer Management</b></p>\r\n                                    <ul><li>Add / update customer</li><ul><li>Registered Customer List</li><li>Access level</li></ul></ul>\r\n                                    <b>User (Operational Users) Management</b>\r\n                                    <ul><li>Add / update user roles</li><ul><li>User Role list</li><li>Access type</li><ul><li>View, update, full access</li></ul></ul><li>Add / Update users</li><ul><li>User List</li><li>Enable / disable users</li></ul></ul>\r\n                                    <b>Integrations</b>\r\n                                     <ul><li> SMS integration</li><li>Email integration</li></ul>\r\n                                    <b>Reports & other feature</b>\r\n                                     <ul><li>Customer List</li><li>Customer Report</li><ul><li>Customer / site wise analysis report</li><li>Monthly report</li><li>QTLY report</li><li>Yearly Report</li></ul></ul>\r\n                                   \r\n                                \r\n                                \r\n                        \r\n                    \r\n                \r\n                \r\n\r\n                  \r\n                \r\n                    \r\n                        \r\n                            \r\n                                \r\n                                    \r\n                                   \r\n                                  \r\n                                     \r\n                                    <center><p><b><u>WEB BASED CUSTOMER SITE (SUPERVISOR) PANEL</u></b></p></center>\r\n                                    <p><b><u>KEY MODULES:</u></b></p>\r\n                                    <p><b>Customer Site Setup</b></p>\r\n                                    <ul><li>Add / update rooms, desks, etc.</li><ul><li>Area / Location wise activity mapping</li></ul></ul>\r\n                                   \r\n                                    <ul><li>Activity (Task) management</li><ul><li>Add / update activities</li><li>Add / update schedules</li><ul><li>View, update, full access</li></ul></ul></ul>\r\n                                 \r\n\r\n                                     <b>Site Operations Management</b>\r\n                                    \r\n                                     <ul><li>Housekeeping Operations</li><ul><li>Attendance of staff</li><li>Assign scheduled tasks to user </li></ul><li>Cleaning / sensitization monitoring</li><ul><li>Provision to create QR \r\ncodes for all areas where Sanitization and Disinfection must be done \r\nfrequently (RFID based auto scanning solution optional)</li><li>Housekeeping person can \r\nscan respective QR codes while cleaning / Sanitization area, desk (RFID \r\nbased auto scanning solution optional)</li><li>On scanning QR auto update in system</li></ul><li>Easy to monitor cleaning / Sanitization status</li></ul>\r\n\r\n\r\n                                    \r\n                                     <ul><li>Resource management</li><ul><li>Attendance</li><li>Assign activities </li></ul><li>Inventory Management</li><ul><li>Housekeeping inventory</li><li>Provision to set minimum QTY</li><li>Provision to update used items / goods</li><li>System will notify to respective user on low inventory</li></ul></ul><p></p>', '', '', 'Terms And Condition Design Final', '<p><b><u>TERMS & CONDITION:</u></b></p>\r\n                                    \r\n                                     <ul><li>GST extra as applicable. (@18%)</li><li>Payment Terms:</li><ul><li>40% in advance along with PO</li><li>40% on completion of 50% scope of work </li><li>20% on successful UAT </li></ul><li>Development duration 40 working days form the date of PO or advance amount.</li><li>Server cost will be charge separately on need basis.</li><li> If need to travel outside the Mumbai, customer will arrange the traveling cost &\r\n                                        accommodation & additional cost Rs. 4500/- per day per person</li><li> If third party API required, API & integration cost will be paid by client.</li><li> Free maintenance for three months, after that 15% AMC cost applicable.</li><li>Above milestone not considered testing period.</li><li>\r\n                                        <br></li><li> For any new CR cost will be applicable based on change request.</li><li>SMS, Payment gateway and other third party costs will be client responsibility</li><li> Client will provide all required images and contents in soft copy format.</li></ul><p></p>', '', 1, '2025-02-06 20:13:22', '2025-02-06 20:13:22', '1', '1'),
(47, 1, 0, 7, 36, 'Design Final', '<br><p></p>', '', '', '', '', ' Over View Project Design Final', '<p><b>OVERVIEW OF REQUIREMENT:</b>\r\nApplication to provide effective service & manage centralized operations, most of\r\noperations will be notify as its schedules. The application will help to the organizations\r\nto manage, and analyze securely to accomplish everyday tasks and processes.\r\nApplication will be help to save time and resources by ensuring error-free deliveries.</p>\r\n<p>\r\n                                    </p>\r\n\r\n                                    <p><b>BENEFITS OF AN OFFICE AUTOMATION APPLICATION</b><br>\r\nApplication will help to improved accuracy, Reduced costs, Reduced time and resources,\r\nCentralized data availability / storage and management, Data insights and more\r\ninformed decisions, Business process improvement.</p>\r\n                                    \r\n                                    <p><b>ADMIN PANEL:</b> Web-based admin panel, two type of admin panel. 1. for super admin\r\nwho can handle the customers & 2. customer admin panel where customer admin can\r\nmonitor all operations like add open tasks, pending tasks, completed tasks, pics\r\nuploaded by operations user, Settings & etc..</p>\r\n                                    <p><b>Mobile App:</b> Application for multi operations housekeeping user, supervisor, customer.</p><p></p>', 'Key Point Design Final', '<center><p><b><u>WEB BASED SUPER ADMIN PANEL</u></b></p></center>\r\n                                   <p><b><u>KEY MODULES:</u></b></p>\r\n                                    <p><b>Customer Management</b></p>\r\n                                    <ul><li>Add / update customer</li><ul><li>Registered Customer List</li><li>Access level</li></ul></ul>\r\n                                    <b>User (Operational Users) Management</b>\r\n                                    <ul><li>Add / update user roles</li><ul><li>User Role list</li><li>Access type</li><ul><li>View, update, full access</li></ul></ul><li>Add / Update users</li><ul><li>User List</li><li>Enable / disable users</li></ul></ul>\r\n                                    <b>Integrations</b>\r\n                                     <ul><li> SMS integration</li><li>Email integration</li></ul>\r\n                                    <b>Reports & other feature</b>\r\n                                     <ul><li>Customer List</li><li>Customer Report</li><ul><li>Customer / site wise analysis report</li><li>Monthly report</li><li>QTLY report</li><li>Yearly Report</li></ul></ul>\r\n                                   \r\n                                \r\n                                \r\n                        \r\n                    \r\n                \r\n                \r\n\r\n                  \r\n                \r\n                    \r\n                        \r\n                            \r\n                                \r\n                                    \r\n                                   \r\n                                  \r\n                                     \r\n                                    <center><p><b><u>WEB BASED CUSTOMER SITE (SUPERVISOR) PANEL</u></b></p></center>\r\n                                    <p><b><u>KEY MODULES:</u></b></p>\r\n                                    <p><b>Customer Site Setup</b></p>\r\n                                    <ul><li>Add / update rooms, desks, etc.</li><ul><li>Area / Location wise activity mapping</li></ul></ul>\r\n                                   \r\n                                    <ul><li>Activity (Task) management</li><ul><li>Add / update activities</li><li>Add / update schedules</li><ul><li>View, update, full access</li></ul></ul></ul>\r\n                                 \r\n\r\n                                     <b>Site Operations Management</b>\r\n                                    \r\n                                     <ul><li>Housekeeping Operations</li><ul><li>Attendance of staff</li><li>Assign scheduled tasks to user </li></ul><li>Cleaning / sensitization monitoring</li><ul><li>Provision to create QR \r\ncodes for all areas where Sanitization and Disinfection must be done \r\nfrequently (RFID based auto scanning solution optional)</li><li>Housekeeping person can \r\nscan respective QR codes while cleaning / Sanitization area, desk (RFID \r\nbased auto scanning solution optional)</li><li>On scanning QR auto update in system</li></ul><li>Easy to monitor cleaning / Sanitization status</li></ul>\r\n\r\n\r\n                                    \r\n                                     <ul><li>Resource management</li><ul><li>Attendance</li><li>Assign activities </li></ul><li>Inventory Management</li><ul><li>Housekeeping inventory</li><li>Provision to set minimum QTY</li><li>Provision to update used items / goods</li><li>System will notify to respective user on low inventory</li></ul></ul><p></p>', '', '', 'Terms And Condition Design Final', '<p><b><u>TERMS & CONDITION:</u></b></p>\r\n                                    \r\n                                     <ul><li>GST extra as applicable. (@18%)</li><li>Payment Terms:</li><ul><li>40% in advance along with PO</li><li>40% on completion of 50% scope of work </li><li>20% on successful UAT </li></ul><li>Development duration 40 working days form the date of PO or advance amount.</li><li>Server cost will be charge separately on need basis.</li><li> If need to travel outside the Mumbai, customer will arrange the traveling cost &\r\n                                        accommodation & additional cost Rs. 4500/- per day per person</li><li> If third party API required, API & integration cost will be paid by client.</li><li> Free maintenance for three months, after that 15% AMC cost applicable.</li><li>Above milestone not considered testing period.</li><li>\r\n                                        <br></li><li> For any new CR cost will be applicable based on change request.</li><li>SMS, Payment gateway and other third party costs will be client responsibility</li><li> Client will provide all required images and contents in soft copy format.</li></ul><p></p>', '', 0, '2025-02-06 20:18:23', '2022-07-27 11:40:56', '1', '1'),
(48, 18, 0, 6, 37, 'Template111', '<p>Template title added</p>', '', '', 'cover', '<p>cover of the template</p>', 'overview', '                                                                                                                                                                                                                                                                                                                                                                                                                                                                                                                                                                                                                                                                                                <p>overview written</p>', '', '', 'Commercial', '<p>commercial data</p>', 'tc', '<p>tc data</p>', '<p>signature</p>', 18, '2025-02-12 17:16:00', '2025-02-12 17:56:36', '1', '1'),
(49, 2, 0, 6, 35, 'Design Final 23', 'tttb bhhj cdff<p></p>', '', '', '', '', ' Over View Project Design Final', '                                                                <p><b>OVERVIEW OF REQUIREMENT:</b>\r\nApplication to provide effective service & manage centralized operations, most of\r\noperations will be notify as its schedules. The application will help to the organizations\r\nto manage, and analyze securely to accomplish everyday tasks and processes.\r\nApplication will be help to save time and resources by ensuring error-free deliveries.</p>\r\n<p>\r\n                                    </p>\r\n\r\n                                    <p><b>BENEFITS OF AN OFFICE AUTOMATION APPLICATION</b><br>\r\nApplication will help to improved accuracy, Reduced costs, Reduced time and resources,\r\nCentralized data availability / storage and management, Data insights and more\r\ninformed decisions, Business process improvement.</p>\r\n                                    \r\n                                    <p><b>ADMIN PANEL:</b> Web-based admin panel, two type of admin panel. 1. for super admin\r\nwho can handle the customers & 2. customer admin panel where customer admin can\r\nmonitor all operations like add open tasks, pending tasks, completed tasks, pics\r\nuploaded by operations user, Settings & etc..</p>\r\n                                    <p><b>Mobile App:</b> Application for multi operations housekeeping user, supervisor, customer.</p><p></p>', 'Key Point Design Final', '<center><p><b><u>WEB BASED SUPER ADMIN PANEL</u></b></p></center>\r\n                                   <p><b><u>KEY MODULES:</u></b></p>\r\n                                    <p><b>Customer Management</b></p>\r\n                                    <ul><li>Add / update customer</li><ul><li>Registered Customer List</li><li>Access level</li></ul></ul>\r\n                                    <b>User (Operational Users) Management</b>\r\n                                    <ul><li>Add / update user roles</li><ul><li>User Role list</li><li>Access type</li><ul><li>View, update, full access</li></ul></ul><li>Add / Update users</li><ul><li>User List</li><li>Enable / disable users</li></ul></ul>\r\n                                    <b>Integrations</b>\r\n                                     <ul><li> SMS integration</li><li>Email integration</li></ul>\r\n                                    <b>Reports & other feature</b>\r\n                                     <ul><li>Customer List</li><li>Customer Report</li><ul><li>Customer / site wise analysis report</li><li>Monthly report</li><li>QTLY report</li><li>Yearly Report</li></ul></ul>\r\n                                   \r\n                                \r\n                                \r\n                        \r\n                    \r\n                \r\n                \r\n\r\n                  \r\n                \r\n                    \r\n                        \r\n                            \r\n                                \r\n                                    \r\n                                   \r\n                                  \r\n                                     \r\n                                    <center><p><b><u>WEB BASED CUSTOMER SITE (SUPERVISOR) PANEL</u></b></p></center>\r\n                                    <p><b><u>KEY MODULES:</u></b></p>\r\n                                    <p><b>Customer Site Setup</b></p>\r\n                                    <ul><li>Add / update rooms, desks, etc.</li><ul><li>Area / Location wise activity mapping</li></ul></ul>\r\n                                   \r\n                                    <ul><li>Activity (Task) management</li><ul><li>Add / update activities</li><li>Add / update schedules</li><ul><li>View, update, full access</li></ul></ul></ul>\r\n                                 \r\n\r\n                                     <b>Site Operations Management</b>\r\n                                    \r\n                                     <ul><li>Housekeeping Operations</li><ul><li>Attendance of staff</li><li>Assign scheduled tasks to user </li></ul><li>Cleaning / sensitization monitoring</li><ul><li>Provision to create QR \r\ncodes for all areas where Sanitization and Disinfection must be done \r\nfrequently (RFID based auto scanning solution optional)</li><li>Housekeeping person can \r\nscan respective QR codes while cleaning / Sanitization area, desk (RFID \r\nbased auto scanning solution optional)</li><li>On scanning QR auto update in system</li></ul><li>Easy to monitor cleaning / Sanitization status</li></ul>\r\n\r\n\r\n                                    \r\n                                     <ul><li>Resource management</li><ul><li>Attendance</li><li>Assign activities </li></ul><li>Inventory Management</li><ul><li>Housekeeping inventory</li><li>Provision to set minimum QTY</li><li>Provision to update used items / goods</li><li>System will notify to respective user on low inventory</li></ul></ul><p></p>', '', '', 'Terms And Condition Design Final', '<p><b><u>TERMS & CONDITION:</u></b></p>\r\n                                    \r\n                                     <ul><li>GST extra as applicable. (@18%)</li><li>Payment Terms:</li><ul><li>40% in advance along with PO</li><li>40% on completion of 50% scope of work </li><li>20% on successful UAT </li></ul><li>Development duration 40 working days form the date of PO or advance amount.</li><li>Server cost will be charge separately on need basis.</li><li> If need to travel outside the Mumbai, customer will arrange the traveling cost &\r\n                                        accommodation & additional cost Rs. 4500/- per day per person</li><li> If third party API required, API & integration cost will be paid by client.</li><li> Free maintenance for three months, after that 15% AMC cost applicable.</li><li>Above milestone not considered testing period.</li><li>\r\n                                        <br></li><li> For any new CR cost will be applicable based on change request.</li><li>SMS, Payment gateway and other third party costs will be client responsibility</li><li> Client will provide all required images and contents in soft copy format.</li></ul><p></p>', '', 2, '2025-02-12 18:54:33', '2025-02-12 18:54:33', '1', '1'),
(50, 20, 0, 1, 1, 'Proposal Template', '<h4 data-start=\"130\" data-end=\"155\" class=\"\"><strong data-start=\"135\" data-end=\"155\">1. Project Title</strong></h4><ul data-start=\"156\" data-end=\"200\">\r\n<li data-start=\"156\" data-end=\"200\" class=\"\">\r\n<p data-start=\"158\" data-end=\"200\" class=\"\">A clear and concise title for the project.</p>\r\n</li>\r\n</ul><h4 data-start=\"202\" data-end=\"231\" class=\"\"><strong data-start=\"207\" data-end=\"231\">2. Executive Summary</strong></h4><ul data-start=\"232\" data-end=\"314\">\r\n<li data-start=\"232\" data-end=\"264\" class=\"\">\r\n<p data-start=\"234\" data-end=\"264\" class=\"\">Brief overview of the project.</p>\r\n</li>\r\n<li data-start=\"265\" data-end=\"314\" class=\"\">\r\n<p data-start=\"267\" data-end=\"314\" class=\"\">Key goals, stakeholders, and expected outcomes.</p>\r\n</li>\r\n</ul><h4 data-start=\"316\" data-end=\"350\" class=\"\"><strong data-start=\"321\" data-end=\"350\">3. Background and Context</strong></h4><ul data-start=\"351\" data-end=\"448\">\r\n<li data-start=\"351\" data-end=\"417\" class=\"\">\r\n<p data-start=\"353\" data-end=\"417\" class=\"\">Description of the problem or opportunity the project addresses.</p>\r\n</li>\r\n<li data-start=\"418\" data-end=\"448\" class=\"\">\r\n<p data-start=\"420\" data-end=\"448\" class=\"\">Relevant history or context.</p>\r\n</li>\r\n</ul><h4 data-start=\"450\" data-end=\"472\" class=\"\"><strong data-start=\"455\" data-end=\"472\">4. Objectives</strong></h4><ul data-start=\"473\" data-end=\"548\">\r\n<li data-start=\"473\" data-end=\"548\" class=\"\">\r\n<p data-start=\"475\" data-end=\"548\" class=\"\">Specific, measurable, achievable, relevant, and time-bound (SMART) goals.</p>\r\n</li>\r\n</ul><h4 data-start=\"550\" data-end=\"575\" class=\"\"><strong data-start=\"555\" data-end=\"575\">5. Scope of Work</strong></h4><ul data-start=\"576\" data-end=\"653\">\r\n<li data-start=\"576\" data-end=\"615\" class=\"\">\r\n<p data-start=\"578\" data-end=\"615\" class=\"\">Define the boundaries of the project.</p>\r\n</li>\r\n<li data-start=\"616\" data-end=\"653\" class=\"\">\r\n<p data-start=\"618\" data-end=\"653\" class=\"\">List what is included and excluded.</p>\r\n</li>\r\n</ul><h4 data-start=\"655\" data-end=\"679\" class=\"\"><strong data-start=\"660\" data-end=\"679\">6. Deliverables</strong></h4><ul data-start=\"680\" data-end=\"751\">\r\n<li data-start=\"680\" data-end=\"751\" class=\"\">\r\n<p data-start=\"682\" data-end=\"751\" class=\"\">Detailed list of the outcomes, products, or services to be delivered.</p>\r\n</li>\r\n</ul><h4 data-start=\"753\" data-end=\"773\" class=\"\"><strong data-start=\"758\" data-end=\"773\">7. Timeline</strong></h4><ul data-start=\"774\" data-end=\"851\">\r\n<li data-start=\"774\" data-end=\"811\" class=\"\">\r\n<p data-start=\"776\" data-end=\"811\" class=\"\">Estimated timeline with milestones.</p>\r\n</li>\r\n<li data-start=\"812\" data-end=\"851\" class=\"\">\r\n<p data-start=\"814\" data-end=\"851\" class=\"\">Use a Gantt chart or table if needed.</p>\r\n</li>\r\n</ul><h4 data-start=\"853\" data-end=\"871\" class=\"\"><strong data-start=\"858\" data-end=\"871\">8. Budget</strong></h4><ul data-start=\"872\" data-end=\"968\">\r\n<li data-start=\"872\" data-end=\"929\" class=\"\">\r\n<p data-start=\"874\" data-end=\"929\" class=\"\">Breakdown of costs (e.g., resources, labor, materials).</p>\r\n</li>\r\n<li data-start=\"930\" data-end=\"968\" class=\"\">\r\n<p data-start=\"932\" data-end=\"968\" class=\"\">Any additional funding requirements.</p>\r\n</li>\r\n</ul><h4 data-start=\"970\" data-end=\"1007\" class=\"\"><strong data-start=\"975\" data-end=\"1007\">9. Team and Responsibilities</strong></h4><ul data-start=\"1008\" data-end=\"1106\">\r\n<li data-start=\"1008\" data-end=\"1053\" class=\"\">\r\n<p data-start=\"1010\" data-end=\"1053\" class=\"\">Roles and responsibilities of team members.</p>\r\n</li>\r\n<li data-start=\"1054\" data-end=\"1106\" class=\"\">\r\n<p data-start=\"1056\" data-end=\"1106\" class=\"\">Include a project manager and other key personnel.</p>\r\n</li>\r\n</ul><h4 data-start=\"1108\" data-end=\"1136\" class=\"\"><strong data-start=\"1113\" data-end=\"1136\">10. Risk Management</strong></h4><ul data-start=\"1137\" data-end=\"1181\">\r\n<li data-start=\"1137\" data-end=\"1181\" class=\"\">\r\n<p data-start=\"1139\" data-end=\"1181\" class=\"\">Potential risks and mitigation strategies.</p>\r\n</li>\r\n</ul><h4 data-start=\"1183\" data-end=\"1212\" class=\"\"><strong data-start=\"1188\" data-end=\"1212\">11. Success Criteria</strong></h4><ul data-start=\"1213\" data-end=\"1259\">\r\n<li data-start=\"1213\" data-end=\"1259\" class=\"\">\r\n<p data-start=\"1215\" data-end=\"1259\" class=\"\">How the project\'s success will be evaluated.</p>\r\n</li>\r\n</ul><h4 data-start=\"1261\" data-end=\"1284\" class=\"\"><strong data-start=\"1266\" data-end=\"1284\">12. Conclusion</strong></h4><ul data-start=\"1285\" data-end=\"1393\">\r\n<li data-start=\"1285\" data-end=\"1349\" class=\"\">\r\n<p data-start=\"1287\" data-end=\"1349\" class=\"\">Reiteration of the project\'s importance and expected benefits.</p>\r\n</li>\r\n<li data-start=\"1350\" data-end=\"1393\" class=\"\">\r\n<p data-start=\"1352\" data-end=\"1393\" class=\"\">Call to action (approval, funding, etc.).</p>\r\n</li>\r\n</ul><h4 data-start=\"1395\" data-end=\"1434\" class=\"\"><strong data-start=\"1400\" data-end=\"1434\">13. Appendices (if applicable)</strong></h4><p>\r\n\r\n\r\n\r\n\r\n\r\n\r\n\r\n\r\n\r\n\r\n\r\n\r\n\r\n\r\n\r\n\r\n\r\n\r\n\r\n\r\n\r\n\r\n\r\n\r\n</p><ul data-start=\"1435\" data-end=\"1503\">\r\n<li data-start=\"1435\" data-end=\"1503\" class=\"\">\r\n<p data-start=\"1437\" data-end=\"1503\" class=\"\">Supporting documents like charts, detailed reports, or references.</p>\r\n</li>\r\n</ul>', '', '', '', '', '', '                                ', '', '', '', '', '', '', '', 20, '2025-04-29 16:16:37', '2025-04-29 16:16:37', '1', '1'),
(51, 20, 0, 1, 38, 'Proposal Template', '', '', '', '', '', '', '', '', '', '', '', '', '', '', 0, '2025-04-29 16:19:56', '2025-02-12 18:20:45', '1', '1');

-- --------------------------------------------------------

--
-- Table structure for table `template_image`
--

CREATE TABLE `template_image` (
  `tem_img_id` int(11) NOT NULL,
  `template_id` int(11) NOT NULL,
  `image_name` text DEFAULT NULL,
  `status` enum('0','1') DEFAULT '1' COMMENT '0:Disabled, 1:Enabled',
  `created_date` timestamp NOT NULL DEFAULT current_timestamp() ON UPDATE current_timestamp()
) ENGINE=InnoDB DEFAULT CHARSET=latin1 COLLATE=latin1_swedish_ci;

-- --------------------------------------------------------

--
-- Table structure for table `template_image_custom`
--

CREATE TABLE `template_image_custom` (
  `tem_img_id` int(11) NOT NULL,
  `template_id` int(11) NOT NULL,
  `lead_id` int(11) NOT NULL,
  `image_name` text DEFAULT NULL,
  `status` enum('0','1') DEFAULT '1' COMMENT '0:Disabled, 1:Enabled',
  `created_date` timestamp NOT NULL DEFAULT current_timestamp() ON UPDATE current_timestamp()
) ENGINE=InnoDB DEFAULT CHARSET=latin1 COLLATE=latin1_swedish_ci;

-- --------------------------------------------------------

--
-- Table structure for table `template_key_point_file`
--

CREATE TABLE `template_key_point_file` (
  `temp_kpf_id` int(11) NOT NULL,
  `template_id` int(11) NOT NULL,
  `cust_id` int(11) NOT NULL,
  `image_name` text DEFAULT NULL,
  `status` enum('0','1') DEFAULT '1' COMMENT '0:Disabled, 1:Enabled',
  `created_date` timestamp NOT NULL DEFAULT current_timestamp() ON UPDATE current_timestamp()
) ENGINE=InnoDB DEFAULT CHARSET=latin1 COLLATE=latin1_swedish_ci;

--
-- Dumping data for table `template_key_point_file`
--

INSERT INTO `template_key_point_file` (`temp_kpf_id`, `template_id`, `cust_id`, `image_name`, `status`, `created_date`) VALUES
(15, 12, 0, 'a.jpg', '1', '2025-02-02 09:02:04'),
(16, 12, 0, 'ca1 - Copy.PNG', '1', '2025-02-02 09:02:04'),
(17, 12, 0, 'rozerpayclick.txt', '1', '2025-02-02 09:06:53'),
(18, 18, 0, '992318385download (1).jpg', '1', '2025-02-02 13:56:25'),
(19, 24, 0, '488942523TC_DOS.exe.intermediate.manifest', '1', '2025-02-13 07:00:16'),
(20, 25, 0, 'TC_DOS.exe.intermediate.manifest', '1', '2025-02-13 07:01:05'),
(21, 27, 0, '1738128129 (2).xlsx', '1', '2025-02-14 03:03:08');

-- --------------------------------------------------------

--
-- Table structure for table `template_key_point_file_custom`
--

CREATE TABLE `template_key_point_file_custom` (
  `temp_kpf_id` int(11) NOT NULL,
  `template_id` int(11) NOT NULL,
  `lead_id` int(11) NOT NULL,
  `lead_proposal_id` int(50) NOT NULL,
  `image_name` text DEFAULT NULL,
  `status` enum('0','1') DEFAULT '1' COMMENT '0:Disabled, 1:Enabled',
  `created_date` timestamp NOT NULL DEFAULT current_timestamp() ON UPDATE current_timestamp()
) ENGINE=InnoDB DEFAULT CHARSET=utf8mb4 COLLATE=utf8mb4_general_ci;

--
-- Dumping data for table `template_key_point_file_custom`
--

INSERT INTO `template_key_point_file_custom` (`temp_kpf_id`, `template_id`, `lead_id`, `lead_proposal_id`, `image_name`, `status`, `created_date`) VALUES
(3, 18, 5, 29, '992318385download (1).jpg', '1', '2025-02-04 03:46:14'),
(5, 18, 6, 35, 'avgU.jpg', '1', '2025-02-06 02:52:01'),
(6, 18, 6, 37, '992318385download (1).jpg', '1', '2025-02-12 11:46:00');

-- --------------------------------------------------------

--
-- Table structure for table `template_over_view_project_file`
--

CREATE TABLE `template_over_view_project_file` (
  `temp_ovpf_id` int(11) NOT NULL,
  `template_id` int(11) NOT NULL,
  `cust_id` int(11) NOT NULL,
  `image_name` text DEFAULT NULL,
  `status` enum('0','1') DEFAULT '1' COMMENT '0:Disabled, 1:Enabled',
  `created_date` timestamp NOT NULL DEFAULT current_timestamp() ON UPDATE current_timestamp()
) ENGINE=InnoDB DEFAULT CHARSET=latin1 COLLATE=latin1_swedish_ci;

--
-- Dumping data for table `template_over_view_project_file`
--

INSERT INTO `template_over_view_project_file` (`temp_ovpf_id`, `template_id`, `cust_id`, `image_name`, `status`, `created_date`) VALUES
(1, 10, 0, '320574073Coding Standards and Best Practices.docx', '1', '2022-07-22 11:30:32'),
(7, 12, 0, 'download.jpg', '1', '2025-02-02 12:47:49'),
(8, 18, 0, '1117977217images (2).jpg', '1', '2025-02-02 13:56:25'),
(9, 27, 0, 'Test data.pdf', '1', '2025-02-14 03:03:08');

-- --------------------------------------------------------

--
-- Table structure for table `template_over_view_project_file_custom`
--

CREATE TABLE `template_over_view_project_file_custom` (
  `temp_ovpf_id` int(11) NOT NULL,
  `template_id` int(11) NOT NULL,
  `lead_id` int(11) NOT NULL,
  `lead_proposal_id` int(50) NOT NULL,
  `image_name` text DEFAULT NULL,
  `status` enum('0','1') DEFAULT '1' COMMENT '0:Disabled, 1:Enabled',
  `created_date` timestamp NOT NULL DEFAULT current_timestamp() ON UPDATE current_timestamp()
) ENGINE=InnoDB DEFAULT CHARSET=latin1 COLLATE=latin1_swedish_ci;

--
-- Dumping data for table `template_over_view_project_file_custom`
--

INSERT INTO `template_over_view_project_file_custom` (`temp_ovpf_id`, `template_id`, `lead_id`, `lead_proposal_id`, `image_name`, `status`, `created_date`) VALUES
(3, 18, 5, 29, '1520490278a.jpg', '1', '2025-02-04 03:46:14'),
(4, 1, 5, 0, 'nortanat.jpg', '1', '2025-02-04 07:46:46'),
(5, 18, 6, 35, '1520490278a.jpg', '1', '2025-02-06 01:15:27'),
(6, 18, 6, 37, '1117977217images (2).jpg', '1', '2025-02-12 11:46:00');

-- --------------------------------------------------------

--
-- Table structure for table `template_signature`
--

CREATE TABLE `template_signature` (
  `sig_id` int(50) NOT NULL,
  `template_id` int(50) NOT NULL,
  `signature_file` varchar(255) NOT NULL,
  `status` tinyint(1) NOT NULL DEFAULT 1 COMMENT '1-active,0-deactive',
  `created_date` datetime NOT NULL DEFAULT current_timestamp()
) ENGINE=InnoDB DEFAULT CHARSET=utf8mb4 COLLATE=utf8mb4_general_ci;

--
-- Dumping data for table `template_signature`
--

INSERT INTO `template_signature` (`sig_id`, `template_id`, `signature_file`, `status`, `created_date`) VALUES
(2, 18, 'gp.jpg', 1, '2025-02-12 18:08:20'),
(3, 20, '739626419rr.jpg', 1, '2025-02-12 18:20:45'),
(4, 21, '1792992063qe4.jpg', 1, '2025-02-12 18:22:05'),
(5, 25, 'TC_DOS.exe.intermediate.manifest', 1, '2025-02-13 12:32:19');

-- --------------------------------------------------------

--
-- Table structure for table `template_signature_custom`
--

CREATE TABLE `template_signature_custom` (
  `sig_id` int(50) NOT NULL,
  `template_id` int(50) NOT NULL,
  `lead_id` int(50) NOT NULL,
  `lead_proposal_id` int(50) NOT NULL,
  `signature_file` varchar(255) NOT NULL,
  `status` tinyint(1) NOT NULL DEFAULT 1 COMMENT '1-active,2-deactive',
  `created_date` datetime NOT NULL DEFAULT current_timestamp()
) ENGINE=InnoDB DEFAULT CHARSET=utf8mb4 COLLATE=utf8mb4_general_ci;

--
-- Dumping data for table `template_signature_custom`
--

INSERT INTO `template_signature_custom` (`sig_id`, `template_id`, `lead_id`, `lead_proposal_id`, `signature_file`, `status`, `created_date`) VALUES
(2, 18, 6, 37, 'fen.jpg', 1, '2025-02-12 17:52:33'),
(3, 2, 6, 35, 'gp.jpg', 1, '2025-02-12 18:54:33');

-- --------------------------------------------------------

--
-- Table structure for table `template_stamp`
--

CREATE TABLE `template_stamp` (
  `stp_id` int(50) NOT NULL,
  `template_id` int(50) NOT NULL,
  `stamp_file` varchar(255) NOT NULL,
  `status` tinyint(1) NOT NULL DEFAULT 1 COMMENT '1-active,0-deactive',
  `created_date` datetime NOT NULL DEFAULT current_timestamp()
) ENGINE=InnoDB DEFAULT CHARSET=utf8mb4 COLLATE=utf8mb4_general_ci;

--
-- Dumping data for table `template_stamp`
--

INSERT INTO `template_stamp` (`stp_id`, `template_id`, `stamp_file`, `status`, `created_date`) VALUES
(1, 18, 'school6.jpg', 1, '2025-02-12 18:07:59'),
(2, 21, '1830324755sun.jpg', 1, '2025-02-12 18:22:05');

-- --------------------------------------------------------

--
-- Table structure for table `template_stamp_custom`
--

CREATE TABLE `template_stamp_custom` (
  `stp_id` int(50) NOT NULL,
  `template_id` int(50) NOT NULL,
  `lead_id` int(50) NOT NULL,
  `lead_proposal_id` int(50) NOT NULL,
  `stamp_file` varchar(255) NOT NULL,
  `status` tinyint(1) NOT NULL DEFAULT 1 COMMENT '1-active,0-deactive',
  `created_date` datetime NOT NULL DEFAULT current_timestamp()
) ENGINE=InnoDB DEFAULT CHARSET=utf8mb4 COLLATE=utf8mb4_general_ci;

--
-- Dumping data for table `template_stamp_custom`
--

INSERT INTO `template_stamp_custom` (`stp_id`, `template_id`, `lead_id`, `lead_proposal_id`, `stamp_file`, `status`, `created_date`) VALUES
(5, 18, 6, 37, 'lion.png', 1, '2025-02-12 17:56:36'),
(6, 2, 6, 35, 'of1.jpg', 1, '2025-02-12 18:54:33');

-- --------------------------------------------------------

--
-- Table structure for table `template_term_and_condition_file`
--

CREATE TABLE `template_term_and_condition_file` (
  `temp_cf_id` int(11) NOT NULL,
  `template_id` int(11) NOT NULL,
  `cust_id` int(11) NOT NULL,
  `image_name` text DEFAULT NULL,
  `status` enum('0','1') DEFAULT '1' COMMENT '0:Disabled, 1:Enabled',
  `created_date` timestamp NOT NULL DEFAULT current_timestamp() ON UPDATE current_timestamp()
) ENGINE=InnoDB DEFAULT CHARSET=latin1 COLLATE=latin1_swedish_ci;

--
-- Dumping data for table `template_term_and_condition_file`
--

INSERT INTO `template_term_and_condition_file` (`temp_cf_id`, `template_id`, `cust_id`, `image_name`, `status`, `created_date`) VALUES
(1, 10, 0, '325581075starbabies.docx', '1', '2022-07-27 06:11:55'),
(7, 12, 0, 'gp.jpg', '1', '2025-02-02 12:11:08'),
(9, 12, 0, 'images (1).jpg', '1', '2025-02-02 12:17:18'),
(10, 18, 0, '1924287731safety.png', '1', '2025-02-02 13:56:25');

-- --------------------------------------------------------

--
-- Table structure for table `template_term_and_condition_file_custom`
--

CREATE TABLE `template_term_and_condition_file_custom` (
  `temp_cf_id` int(11) NOT NULL,
  `template_id` int(11) NOT NULL,
  `lead_id` int(11) NOT NULL,
  `lead_proposal_id` int(50) NOT NULL,
  `image_name` text DEFAULT NULL,
  `status` enum('0','1') DEFAULT '1' COMMENT '0:Disabled, 1:Enabled',
  `created_date` timestamp NOT NULL DEFAULT current_timestamp() ON UPDATE current_timestamp()
) ENGINE=InnoDB DEFAULT CHARSET=latin1 COLLATE=latin1_swedish_ci;

--
-- Dumping data for table `template_term_and_condition_file_custom`
--

INSERT INTO `template_term_and_condition_file_custom` (`temp_cf_id`, `template_id`, `lead_id`, `lead_proposal_id`, `image_name`, `status`, `created_date`) VALUES
(1, 18, 5, 29, '1924287731safety.png', '1', '2025-02-04 03:46:14'),
(2, 18, 6, 35, '1924287731safety.png', '1', '2025-02-06 01:15:27'),
(3, 18, 6, 37, '1924287731safety.png', '1', '2025-02-12 11:46:00');

-- --------------------------------------------------------

--
-- Table structure for table `todo`
--

CREATE TABLE `todo` (
  `todo_id` int(100) NOT NULL,
  `op_user_id` int(100) DEFAULT NULL,
  `role_id` int(100) DEFAULT NULL,
  `project_id` int(100) DEFAULT NULL,
  `todo_description` longtext DEFAULT NULL,
  `other` text DEFAULT NULL,
  `estimate_date` date DEFAULT NULL,
  `estimate_end_date` date DEFAULT NULL,
  `estimate_start_time` time DEFAULT NULL,
  `estimate_end_time` time DEFAULT NULL,
  `actual_start_time` time DEFAULT NULL,
  `actual_end_time` time DEFAULT NULL,
  `pause_time` time DEFAULT NULL,
  `todo_status` varchar(100) DEFAULT NULL,
  `todo_added_on` timestamp NOT NULL DEFAULT current_timestamp() ON UPDATE current_timestamp()
) ENGINE=InnoDB DEFAULT CHARSET=utf8mb4 COLLATE=utf8mb4_general_ci;

--
-- Dumping data for table `todo`
--

INSERT INTO `todo` (`todo_id`, `op_user_id`, `role_id`, `project_id`, `todo_description`, `other`, `estimate_date`, `estimate_end_date`, `estimate_start_time`, `estimate_end_time`, `actual_start_time`, `actual_end_time`, `pause_time`, `todo_status`, `todo_added_on`) VALUES
(1, 1, 1, 2, 'abc demo 123', NULL, '2024-12-28', '2024-12-29', '02:42:00', '05:42:00', '02:45:00', '03:45:00', '02:47:00', 'In Testing', '2024-12-26 19:37:12'),
(2, 1, 1, 1, 'demo', '', '0000-00-00', '0000-00-00', '00:00:00', '00:00:00', NULL, NULL, NULL, 'Pending', '2024-12-27 08:31:29'),
(3, 1, 1, 1, 'demo', '', '2024-12-27', '2024-12-28', '00:00:00', '18:02:00', NULL, NULL, NULL, 'Pending', '2024-12-27 08:32:06'),
(4, 1, 1, 6, 'test', '', '0000-00-00', '0000-00-00', '00:00:00', '00:00:00', NULL, NULL, NULL, 'Pending', '2025-02-15 08:48:54'),
(5, 1, 1, 6, 'testttttt', 'dfsf', '2025-02-15', '2025-02-18', '10:20:00', '19:19:00', '16:26:00', '18:26:00', '16:26:00', 'In Testing', '2025-02-15 08:56:14'),
(6, 1, 1, 7, 'do testing of all project', '', '2025-04-30', '2025-05-02', '10:00:00', '19:00:00', '11:00:00', '20:00:00', '13:00:00', 'In Progress', '2025-04-29 12:24:28');

-- --------------------------------------------------------

--
-- Table structure for table `unit_member`
--

CREATE TABLE `unit_member` (
  `unitm_id` int(11) NOT NULL,
  `project_id` int(11) NOT NULL,
  `cust_id` int(11) NOT NULL,
  `owner_name` varchar(255) NOT NULL,
  `unit` varchar(100) NOT NULL,
  `phone` varchar(50) NOT NULL,
  `member_type` int(11) NOT NULL,
  `created_date` datetime NOT NULL DEFAULT current_timestamp(),
  `status` enum('1','0') NOT NULL DEFAULT '1'
) ENGINE=InnoDB DEFAULT CHARSET=latin1 COLLATE=latin1_swedish_ci;

-- --------------------------------------------------------

--
-- Table structure for table `user_chat`
--

CREATE TABLE `user_chat` (
  `user_chat_id` int(11) NOT NULL,
  `user_chat_mapping_plan_id` int(11) NOT NULL,
  `user_chat_message` text NOT NULL,
  `user_chat_send_by` int(11) NOT NULL,
  `send_to_user` int(11) NOT NULL,
  `user_chat_role` int(30) NOT NULL COMMENT '1:school/2:auditor/3:cheker/4:admin',
  `user_chat_added_date` datetime NOT NULL DEFAULT current_timestamp(),
  `user_chat_view` int(11) NOT NULL DEFAULT 0 COMMENT '1:view / 0:unread',
  `user_chat_admin_view` int(11) NOT NULL DEFAULT 0 COMMENT '1:view/0:unread'
) ENGINE=InnoDB DEFAULT CHARSET=latin1 COLLATE=latin1_swedish_ci;

--
-- Dumping data for table `user_chat`
--

INSERT INTO `user_chat` (`user_chat_id`, `user_chat_mapping_plan_id`, `user_chat_message`, `user_chat_send_by`, `send_to_user`, `user_chat_role`, `user_chat_added_date`, `user_chat_view`, `user_chat_admin_view`) VALUES
(2, 0, 'dfdf', 1, 4, 1, '2024-09-27 08:06:44', 1, 0),
(3, 0, 'ererer', 1, 5, 1, '2024-09-27 08:10:24', 1, 0),
(4, 0, 'ererer', 1, 0, 1, '2024-09-27 08:34:54', 0, 0),
(5, 0, 'hello krutika', 1, 22, 1, '2024-09-27 08:47:18', 1, 0),
(6, 0, 'hii', 1, 2, 1, '2024-09-27 15:04:00', 1, 0),
(7, 0, 'hello', 22, 1, 15, '2024-09-27 19:16:21', 1, 0),
(8, 0, 'hi', 1, 2, 1, '2024-10-08 06:59:37', 1, 0),
(9, 0, 'hi', 1, 22, 1, '2024-10-11 17:11:37', 1, 0),
(10, 0, 'ererer', 1, 2, 1, '2024-10-11 18:47:03', 1, 0),
(11, 0, 'hello krutika', 1, 2, 1, '2024-10-18 20:14:22', 1, 0),
(12, 0, 'hello all', 1, 2, 1, '2024-10-18 20:15:35', 1, 0),
(13, 0, 'hii', 1, 2, 1, '2024-10-18 20:25:20', 1, 0),
(14, 0, 'hjhk', 1, 2, 1, '2024-10-18 20:25:29', 1, 0),
(15, 0, 'hello krutika', 1, 2, 1, '2024-10-18 20:51:41', 0, 0),
(16, 0, 'hello', 1, 25, 1, '2024-12-28 23:57:36', 1, 0),
(17, 0, 'gm', 1, 25, 1, '2025-01-05 10:45:26', 0, 0);

--
-- Indexes for dumped tables
--

--
-- Indexes for table `addition`
--
ALTER TABLE `addition`
  ADD PRIMARY KEY (`addi_id`);

--
-- Indexes for table `address`
--
ALTER TABLE `address`
  ADD PRIMARY KEY (`id`);

--
-- Indexes for table `announcement`
--
ALTER TABLE `announcement`
  ADD PRIMARY KEY (`announcement_id`);

--
-- Indexes for table `assign_leave`
--
ALTER TABLE `assign_leave`
  ADD PRIMARY KEY (`id`);

--
-- Indexes for table `attendance_log`
--
ALTER TABLE `attendance_log`
  ADD PRIMARY KEY (`attendance_log_id`);

--
-- Indexes for table `attendance_monitor_log`
--
ALTER TABLE `attendance_monitor_log`
  ADD PRIMARY KEY (`mlog_id`);

--
-- Indexes for table `cart`
--
ALTER TABLE `cart`
  ADD PRIMARY KEY (`cart_id`);

--
-- Indexes for table `category`
--
ALTER TABLE `category`
  ADD PRIMARY KEY (`category_id`);

--
-- Indexes for table `chat_groups`
--
ALTER TABLE `chat_groups`
  ADD PRIMARY KEY (`group_id`);

--
-- Indexes for table `chat_group_msg`
--
ALTER TABLE `chat_group_msg`
  ADD PRIMARY KEY (`group_msg_id`);

--
-- Indexes for table `chat_group_users`
--
ALTER TABLE `chat_group_users`
  ADD PRIMARY KEY (`group_user_id`);

--
-- Indexes for table `childcategory`
--
ALTER TABLE `childcategory`
  ADD PRIMARY KEY (`child_category_id`);

--
-- Indexes for table `cities`
--
ALTER TABLE `cities`
  ADD PRIMARY KEY (`city_id`);

--
-- Indexes for table `communication_tbl`
--
ALTER TABLE `communication_tbl`
  ADD PRIMARY KEY (`com_id`);

--
-- Indexes for table `company_setting`
--
ALTER TABLE `company_setting`
  ADD PRIMARY KEY (`comp_sett_id`);

--
-- Indexes for table `customer`
--
ALTER TABLE `customer`
  ADD PRIMARY KEY (`cust_id`);

--
-- Indexes for table `customer_audit_report`
--
ALTER TABLE `customer_audit_report`
  ADD PRIMARY KEY (`af_id`);

--
-- Indexes for table `db_forgot_password`
--
ALTER TABLE `db_forgot_password`
  ADD PRIMARY KEY (`f_id`);

--
-- Indexes for table `deduction`
--
ALTER TABLE `deduction`
  ADD PRIMARY KEY (`de_id`);

--
-- Indexes for table `designation`
--
ALTER TABLE `designation`
  ADD PRIMARY KEY (`id`);

--
-- Indexes for table `education`
--
ALTER TABLE `education`
  ADD PRIMARY KEY (`id`);

--
-- Indexes for table `employee_file`
--
ALTER TABLE `employee_file`
  ADD PRIMARY KEY (`id`);

--
-- Indexes for table `emp_documents`
--
ALTER TABLE `emp_documents`
  ADD PRIMARY KEY (`doc_id`);

--
-- Indexes for table `emp_experience`
--
ALTER TABLE `emp_experience`
  ADD PRIMARY KEY (`id`);

--
-- Indexes for table `emp_leave`
--
ALTER TABLE `emp_leave`
  ADD PRIMARY KEY (`emp_leave_id`);

--
-- Indexes for table `emp_salary`
--
ALTER TABLE `emp_salary`
  ADD PRIMARY KEY (`id`);

--
-- Indexes for table `feedback`
--
ALTER TABLE `feedback`
  ADD PRIMARY KEY (`feedback_id`);

--
-- Indexes for table `gst_setting`
--
ALTER TABLE `gst_setting`
  ADD PRIMARY KEY (`gst_set_id`);

--
-- Indexes for table `holiday`
--
ALTER TABLE `holiday`
  ADD PRIMARY KEY (`id`);

--
-- Indexes for table `item_category`
--
ALTER TABLE `item_category`
  ADD PRIMARY KEY (`item_category_id`);

--
-- Indexes for table `item_type`
--
ALTER TABLE `item_type`
  ADD PRIMARY KEY (`item_type_id`);

--
-- Indexes for table `lead`
--
ALTER TABLE `lead`
  ADD PRIMARY KEY (`lead_id`);

--
-- Indexes for table `lead_attacment`
--
ALTER TABLE `lead_attacment`
  ADD PRIMARY KEY (`attachment_id`);

--
-- Indexes for table `lead_log`
--
ALTER TABLE `lead_log`
  ADD PRIMARY KEY (`log_id`);

--
-- Indexes for table `lead_mode_tbl`
--
ALTER TABLE `lead_mode_tbl`
  ADD PRIMARY KEY (`mode_id`);

--
-- Indexes for table `lead_note`
--
ALTER TABLE `lead_note`
  ADD PRIMARY KEY (`note_id`);

--
-- Indexes for table `lead_praposals`
--
ALTER TABLE `lead_praposals`
  ADD PRIMARY KEY (`lp_id`);

--
-- Indexes for table `lead_remark`
--
ALTER TABLE `lead_remark`
  ADD PRIMARY KEY (`lr_id`);

--
-- Indexes for table `lead_reminder`
--
ALTER TABLE `lead_reminder`
  ADD PRIMARY KEY (`reminder_id`);

--
-- Indexes for table `lead_source`
--
ALTER TABLE `lead_source`
  ADD PRIMARY KEY (`source_id`);

--
-- Indexes for table `lead_status`
--
ALTER TABLE `lead_status`
  ADD PRIMARY KEY (`is_id`);

--
-- Indexes for table `lead_task`
--
ALTER TABLE `lead_task`
  ADD PRIMARY KEY (`task_id`);

--
-- Indexes for table `lead_type`
--
ALTER TABLE `lead_type`
  ADD PRIMARY KEY (`lt_id`);

--
-- Indexes for table `leave_types`
--
ALTER TABLE `leave_types`
  ADD PRIMARY KEY (`type_id`);

--
-- Indexes for table `op_user`
--
ALTER TABLE `op_user`
  ADD PRIMARY KEY (`op_user_id`);

--
-- Indexes for table `op_user_role`
--
ALTER TABLE `op_user_role`
  ADD PRIMARY KEY (`role_id`);

--
-- Indexes for table `partnerdtls_tbl`
--
ALTER TABLE `partnerdtls_tbl`
  ADD PRIMARY KEY (`id`);

--
-- Indexes for table `product`
--
ALTER TABLE `product`
  ADD PRIMARY KEY (`product_id`);

--
-- Indexes for table `product_details`
--
ALTER TABLE `product_details`
  ADD PRIMARY KEY (`product_details_id`);

--
-- Indexes for table `product_unit`
--
ALTER TABLE `product_unit`
  ADD PRIMARY KEY (`unit_id`);

--
-- Indexes for table `project`
--
ALTER TABLE `project`
  ADD PRIMARY KEY (`project_id`);

--
-- Indexes for table `project_activity`
--
ALTER TABLE `project_activity`
  ADD PRIMARY KEY (`pa_id`);

--
-- Indexes for table `project_discussion`
--
ALTER TABLE `project_discussion`
  ADD PRIMARY KEY (`pd_id`);

--
-- Indexes for table `project_files`
--
ALTER TABLE `project_files`
  ADD PRIMARY KEY (`pf_id`);

--
-- Indexes for table `project_invoice`
--
ALTER TABLE `project_invoice`
  ADD PRIMARY KEY (`pi_id`);

--
-- Indexes for table `project_log`
--
ALTER TABLE `project_log`
  ADD PRIMARY KEY (`log_id`);

--
-- Indexes for table `project_milestones`
--
ALTER TABLE `project_milestones`
  ADD PRIMARY KEY (`pm_id`);

--
-- Indexes for table `project_note`
--
ALTER TABLE `project_note`
  ADD PRIMARY KEY (`note_id`);

--
-- Indexes for table `project_status_tbl`
--
ALTER TABLE `project_status_tbl`
  ADD PRIMARY KEY (`ps_id`);

--
-- Indexes for table `project_task`
--
ALTER TABLE `project_task`
  ADD PRIMARY KEY (`task_id`);

--
-- Indexes for table `project_task_log`
--
ALTER TABLE `project_task_log`
  ADD PRIMARY KEY (`log_id`);

--
-- Indexes for table `project_task_report`
--
ALTER TABLE `project_task_report`
  ADD PRIMARY KEY (`ptr_id`);

--
-- Indexes for table `project_time_sheet`
--
ALTER TABLE `project_time_sheet`
  ADD PRIMARY KEY (`pts_id`);

--
-- Indexes for table `project_type_tbl`
--
ALTER TABLE `project_type_tbl`
  ADD PRIMARY KEY (`pt_id`);

--
-- Indexes for table `project_wise_bug`
--
ALTER TABLE `project_wise_bug`
  ADD PRIMARY KEY (`bug_id`);

--
-- Indexes for table `salary_type`
--
ALTER TABLE `salary_type`
  ADD PRIMARY KEY (`id`);

--
-- Indexes for table `service_request`
--
ALTER TABLE `service_request`
  ADD PRIMARY KEY (`sr_id`);

--
-- Indexes for table `social_media`
--
ALTER TABLE `social_media`
  ADD PRIMARY KEY (`id`);

--
-- Indexes for table `subcategory`
--
ALTER TABLE `subcategory`
  ADD PRIMARY KEY (`sub_category_id`);

--
-- Indexes for table `task`
--
ALTER TABLE `task`
  ADD PRIMARY KEY (`task_id`);

--
-- Indexes for table `task_image`
--
ALTER TABLE `task_image`
  ADD PRIMARY KEY (`task_img_id`);

--
-- Indexes for table `task_timer_count`
--
ALTER TABLE `task_timer_count`
  ADD PRIMARY KEY (`task_timerId`);

--
-- Indexes for table `task_work_status`
--
ALTER TABLE `task_work_status`
  ADD PRIMARY KEY (`tws_id`);

--
-- Indexes for table `template`
--
ALTER TABLE `template`
  ADD PRIMARY KEY (`template_id`);

--
-- Indexes for table `template_attchment_file`
--
ALTER TABLE `template_attchment_file`
  ADD PRIMARY KEY (`temp_cf_id`);

--
-- Indexes for table `template_attchment_file_custom`
--
ALTER TABLE `template_attchment_file_custom`
  ADD PRIMARY KEY (`temp_cf_id`);

--
-- Indexes for table `template_commercial_file`
--
ALTER TABLE `template_commercial_file`
  ADD PRIMARY KEY (`temp_cf_id`);

--
-- Indexes for table `template_commercial_file_custom`
--
ALTER TABLE `template_commercial_file_custom`
  ADD PRIMARY KEY (`temp_cf_id`);

--
-- Indexes for table `template_covering_file`
--
ALTER TABLE `template_covering_file`
  ADD PRIMARY KEY (`temp_cf_id`);

--
-- Indexes for table `template_covering_file_custom`
--
ALTER TABLE `template_covering_file_custom`
  ADD PRIMARY KEY (`temp_cf_id`);

--
-- Indexes for table `template_custom`
--
ALTER TABLE `template_custom`
  ADD PRIMARY KEY (`t_id`);

--
-- Indexes for table `template_image`
--
ALTER TABLE `template_image`
  ADD PRIMARY KEY (`tem_img_id`);

--
-- Indexes for table `template_image_custom`
--
ALTER TABLE `template_image_custom`
  ADD PRIMARY KEY (`tem_img_id`);

--
-- Indexes for table `template_key_point_file`
--
ALTER TABLE `template_key_point_file`
  ADD PRIMARY KEY (`temp_kpf_id`);

--
-- Indexes for table `template_key_point_file_custom`
--
ALTER TABLE `template_key_point_file_custom`
  ADD PRIMARY KEY (`temp_kpf_id`);

--
-- Indexes for table `template_over_view_project_file`
--
ALTER TABLE `template_over_view_project_file`
  ADD PRIMARY KEY (`temp_ovpf_id`);

--
-- Indexes for table `template_over_view_project_file_custom`
--
ALTER TABLE `template_over_view_project_file_custom`
  ADD PRIMARY KEY (`temp_ovpf_id`);

--
-- Indexes for table `template_signature`
--
ALTER TABLE `template_signature`
  ADD PRIMARY KEY (`sig_id`);

--
-- Indexes for table `template_signature_custom`
--
ALTER TABLE `template_signature_custom`
  ADD PRIMARY KEY (`sig_id`);

--
-- Indexes for table `template_stamp`
--
ALTER TABLE `template_stamp`
  ADD PRIMARY KEY (`stp_id`);

--
-- Indexes for table `template_stamp_custom`
--
ALTER TABLE `template_stamp_custom`
  ADD PRIMARY KEY (`stp_id`);

--
-- Indexes for table `template_term_and_condition_file`
--
ALTER TABLE `template_term_and_condition_file`
  ADD PRIMARY KEY (`temp_cf_id`);

--
-- Indexes for table `template_term_and_condition_file_custom`
--
ALTER TABLE `template_term_and_condition_file_custom`
  ADD PRIMARY KEY (`temp_cf_id`);

--
-- Indexes for table `todo`
--
ALTER TABLE `todo`
  ADD PRIMARY KEY (`todo_id`);

--
-- Indexes for table `unit_member`
--
ALTER TABLE `unit_member`
  ADD PRIMARY KEY (`unitm_id`);

--
-- Indexes for table `user_chat`
--
ALTER TABLE `user_chat`
  ADD PRIMARY KEY (`user_chat_id`);

--
-- AUTO_INCREMENT for dumped tables
--

--
-- AUTO_INCREMENT for table `addition`
--
ALTER TABLE `addition`
  MODIFY `addi_id` int(14) NOT NULL AUTO_INCREMENT, AUTO_INCREMENT=27;

--
-- AUTO_INCREMENT for table `address`
--
ALTER TABLE `address`
  MODIFY `id` int(14) NOT NULL AUTO_INCREMENT, AUTO_INCREMENT=3;

--
-- AUTO_INCREMENT for table `announcement`
--
ALTER TABLE `announcement`
  MODIFY `announcement_id` int(100) NOT NULL AUTO_INCREMENT, AUTO_INCREMENT=4;

--
-- AUTO_INCREMENT for table `assign_leave`
--
ALTER TABLE `assign_leave`
  MODIFY `id` int(14) NOT NULL AUTO_INCREMENT, AUTO_INCREMENT=26;

--
-- AUTO_INCREMENT for table `attendance_log`
--
ALTER TABLE `attendance_log`
  MODIFY `attendance_log_id` int(11) NOT NULL AUTO_INCREMENT, AUTO_INCREMENT=24;

--
-- AUTO_INCREMENT for table `attendance_monitor_log`
--
ALTER TABLE `attendance_monitor_log`
  MODIFY `mlog_id` int(50) NOT NULL AUTO_INCREMENT, AUTO_INCREMENT=1217;

--
-- AUTO_INCREMENT for table `cart`
--
ALTER TABLE `cart`
  MODIFY `cart_id` int(11) NOT NULL AUTO_INCREMENT, AUTO_INCREMENT=355;

--
-- AUTO_INCREMENT for table `category`
--
ALTER TABLE `category`
  MODIFY `category_id` int(50) NOT NULL AUTO_INCREMENT, AUTO_INCREMENT=14;

--
-- AUTO_INCREMENT for table `chat_groups`
--
ALTER TABLE `chat_groups`
  MODIFY `group_id` int(50) NOT NULL AUTO_INCREMENT, AUTO_INCREMENT=4;

--
-- AUTO_INCREMENT for table `chat_group_msg`
--
ALTER TABLE `chat_group_msg`
  MODIFY `group_msg_id` int(50) NOT NULL AUTO_INCREMENT, AUTO_INCREMENT=21;

--
-- AUTO_INCREMENT for table `chat_group_users`
--
ALTER TABLE `chat_group_users`
  MODIFY `group_user_id` int(50) NOT NULL AUTO_INCREMENT, AUTO_INCREMENT=17;

--
-- AUTO_INCREMENT for table `childcategory`
--
ALTER TABLE `childcategory`
  MODIFY `child_category_id` bigint(20) NOT NULL AUTO_INCREMENT, AUTO_INCREMENT=13;

--
-- AUTO_INCREMENT for table `cities`
--
ALTER TABLE `cities`
  MODIFY `city_id` int(11) NOT NULL AUTO_INCREMENT, AUTO_INCREMENT=1624;

--
-- AUTO_INCREMENT for table `communication_tbl`
--
ALTER TABLE `communication_tbl`
  MODIFY `com_id` int(50) NOT NULL AUTO_INCREMENT, AUTO_INCREMENT=6;

--
-- AUTO_INCREMENT for table `company_setting`
--
ALTER TABLE `company_setting`
  MODIFY `comp_sett_id` bigint(20) NOT NULL AUTO_INCREMENT, AUTO_INCREMENT=2;

--
-- AUTO_INCREMENT for table `customer`
--
ALTER TABLE `customer`
  MODIFY `cust_id` int(11) NOT NULL AUTO_INCREMENT, AUTO_INCREMENT=133;

--
-- AUTO_INCREMENT for table `customer_audit_report`
--
ALTER TABLE `customer_audit_report`
  MODIFY `af_id` int(11) NOT NULL AUTO_INCREMENT;

--
-- AUTO_INCREMENT for table `db_forgot_password`
--
ALTER TABLE `db_forgot_password`
  MODIFY `f_id` int(50) NOT NULL AUTO_INCREMENT, AUTO_INCREMENT=4;

--
-- AUTO_INCREMENT for table `deduction`
--
ALTER TABLE `deduction`
  MODIFY `de_id` int(14) NOT NULL AUTO_INCREMENT, AUTO_INCREMENT=27;

--
-- AUTO_INCREMENT for table `designation`
--
ALTER TABLE `designation`
  MODIFY `id` int(11) NOT NULL AUTO_INCREMENT, AUTO_INCREMENT=15;

--
-- AUTO_INCREMENT for table `education`
--
ALTER TABLE `education`
  MODIFY `id` int(11) NOT NULL AUTO_INCREMENT, AUTO_INCREMENT=2;

--
-- AUTO_INCREMENT for table `employee_file`
--
ALTER TABLE `employee_file`
  MODIFY `id` int(14) NOT NULL AUTO_INCREMENT, AUTO_INCREMENT=6;

--
-- AUTO_INCREMENT for table `emp_documents`
--
ALTER TABLE `emp_documents`
  MODIFY `doc_id` int(100) NOT NULL AUTO_INCREMENT, AUTO_INCREMENT=5;

--
-- AUTO_INCREMENT for table `emp_experience`
--
ALTER TABLE `emp_experience`
  MODIFY `id` int(14) NOT NULL AUTO_INCREMENT, AUTO_INCREMENT=2;

--
-- AUTO_INCREMENT for table `emp_leave`
--
ALTER TABLE `emp_leave`
  MODIFY `emp_leave_id` int(11) NOT NULL AUTO_INCREMENT, AUTO_INCREMENT=9;

--
-- AUTO_INCREMENT for table `emp_salary`
--
ALTER TABLE `emp_salary`
  MODIFY `id` int(11) NOT NULL AUTO_INCREMENT, AUTO_INCREMENT=27;

--
-- AUTO_INCREMENT for table `feedback`
--
ALTER TABLE `feedback`
  MODIFY `feedback_id` int(100) NOT NULL AUTO_INCREMENT, AUTO_INCREMENT=2;

--
-- AUTO_INCREMENT for table `gst_setting`
--
ALTER TABLE `gst_setting`
  MODIFY `gst_set_id` bigint(20) NOT NULL AUTO_INCREMENT, AUTO_INCREMENT=38;

--
-- AUTO_INCREMENT for table `holiday`
--
ALTER TABLE `holiday`
  MODIFY `id` int(11) NOT NULL AUTO_INCREMENT, AUTO_INCREMENT=25;

--
-- AUTO_INCREMENT for table `item_category`
--
ALTER TABLE `item_category`
  MODIFY `item_category_id` int(11) NOT NULL AUTO_INCREMENT, AUTO_INCREMENT=10;

--
-- AUTO_INCREMENT for table `item_type`
--
ALTER TABLE `item_type`
  MODIFY `item_type_id` int(11) NOT NULL AUTO_INCREMENT, AUTO_INCREMENT=8;

--
-- AUTO_INCREMENT for table `lead`
--
ALTER TABLE `lead`
  MODIFY `lead_id` int(11) NOT NULL AUTO_INCREMENT, AUTO_INCREMENT=10;

--
-- AUTO_INCREMENT for table `lead_attacment`
--
ALTER TABLE `lead_attacment`
  MODIFY `attachment_id` int(50) NOT NULL AUTO_INCREMENT, AUTO_INCREMENT=3;

--
-- AUTO_INCREMENT for table `lead_log`
--
ALTER TABLE `lead_log`
  MODIFY `log_id` int(50) NOT NULL AUTO_INCREMENT, AUTO_INCREMENT=117;

--
-- AUTO_INCREMENT for table `lead_mode_tbl`
--
ALTER TABLE `lead_mode_tbl`
  MODIFY `mode_id` int(50) NOT NULL AUTO_INCREMENT, AUTO_INCREMENT=8;

--
-- AUTO_INCREMENT for table `lead_note`
--
ALTER TABLE `lead_note`
  MODIFY `note_id` int(50) NOT NULL AUTO_INCREMENT, AUTO_INCREMENT=15;

--
-- AUTO_INCREMENT for table `lead_praposals`
--
ALTER TABLE `lead_praposals`
  MODIFY `lp_id` int(11) NOT NULL AUTO_INCREMENT, AUTO_INCREMENT=39;

--
-- AUTO_INCREMENT for table `lead_remark`
--
ALTER TABLE `lead_remark`
  MODIFY `lr_id` int(50) NOT NULL AUTO_INCREMENT, AUTO_INCREMENT=4;

--
-- AUTO_INCREMENT for table `lead_reminder`
--
ALTER TABLE `lead_reminder`
  MODIFY `reminder_id` int(50) NOT NULL AUTO_INCREMENT, AUTO_INCREMENT=16;

--
-- AUTO_INCREMENT for table `lead_source`
--
ALTER TABLE `lead_source`
  MODIFY `source_id` int(50) NOT NULL AUTO_INCREMENT, AUTO_INCREMENT=13;

--
-- AUTO_INCREMENT for table `lead_status`
--
ALTER TABLE `lead_status`
  MODIFY `is_id` int(11) NOT NULL AUTO_INCREMENT, AUTO_INCREMENT=12;

--
-- AUTO_INCREMENT for table `lead_task`
--
ALTER TABLE `lead_task`
  MODIFY `task_id` int(50) NOT NULL AUTO_INCREMENT, AUTO_INCREMENT=15;

--
-- AUTO_INCREMENT for table `lead_type`
--
ALTER TABLE `lead_type`
  MODIFY `lt_id` int(50) NOT NULL AUTO_INCREMENT, AUTO_INCREMENT=4;

--
-- AUTO_INCREMENT for table `leave_types`
--
ALTER TABLE `leave_types`
  MODIFY `type_id` int(14) NOT NULL AUTO_INCREMENT, AUTO_INCREMENT=10;

--
-- AUTO_INCREMENT for table `op_user`
--
ALTER TABLE `op_user`
  MODIFY `op_user_id` bigint(20) NOT NULL AUTO_INCREMENT, AUTO_INCREMENT=30;

--
-- AUTO_INCREMENT for table `op_user_role`
--
ALTER TABLE `op_user_role`
  MODIFY `role_id` bigint(20) NOT NULL AUTO_INCREMENT, AUTO_INCREMENT=27;

--
-- AUTO_INCREMENT for table `partnerdtls_tbl`
--
ALTER TABLE `partnerdtls_tbl`
  MODIFY `id` int(50) NOT NULL AUTO_INCREMENT, AUTO_INCREMENT=8;

--
-- AUTO_INCREMENT for table `product`
--
ALTER TABLE `product`
  MODIFY `product_id` int(11) NOT NULL AUTO_INCREMENT, AUTO_INCREMENT=9;

--
-- AUTO_INCREMENT for table `product_details`
--
ALTER TABLE `product_details`
  MODIFY `product_details_id` int(50) NOT NULL AUTO_INCREMENT, AUTO_INCREMENT=9;

--
-- AUTO_INCREMENT for table `product_unit`
--
ALTER TABLE `product_unit`
  MODIFY `unit_id` int(11) NOT NULL AUTO_INCREMENT, AUTO_INCREMENT=10;

--
-- AUTO_INCREMENT for table `project`
--
ALTER TABLE `project`
  MODIFY `project_id` int(11) NOT NULL AUTO_INCREMENT, AUTO_INCREMENT=8;

--
-- AUTO_INCREMENT for table `project_activity`
--
ALTER TABLE `project_activity`
  MODIFY `pa_id` int(11) NOT NULL AUTO_INCREMENT, AUTO_INCREMENT=5;

--
-- AUTO_INCREMENT for table `project_discussion`
--
ALTER TABLE `project_discussion`
  MODIFY `pd_id` int(11) NOT NULL AUTO_INCREMENT, AUTO_INCREMENT=25;

--
-- AUTO_INCREMENT for table `project_files`
--
ALTER TABLE `project_files`
  MODIFY `pf_id` int(11) NOT NULL AUTO_INCREMENT, AUTO_INCREMENT=31;

--
-- AUTO_INCREMENT for table `project_invoice`
--
ALTER TABLE `project_invoice`
  MODIFY `pi_id` int(11) NOT NULL AUTO_INCREMENT;

--
-- AUTO_INCREMENT for table `project_log`
--
ALTER TABLE `project_log`
  MODIFY `log_id` int(50) NOT NULL AUTO_INCREMENT, AUTO_INCREMENT=127;

--
-- AUTO_INCREMENT for table `project_milestones`
--
ALTER TABLE `project_milestones`
  MODIFY `pm_id` int(11) NOT NULL AUTO_INCREMENT, AUTO_INCREMENT=25;

--
-- AUTO_INCREMENT for table `project_note`
--
ALTER TABLE `project_note`
  MODIFY `note_id` int(11) NOT NULL AUTO_INCREMENT, AUTO_INCREMENT=28;

--
-- AUTO_INCREMENT for table `project_status_tbl`
--
ALTER TABLE `project_status_tbl`
  MODIFY `ps_id` int(50) NOT NULL AUTO_INCREMENT, AUTO_INCREMENT=8;

--
-- AUTO_INCREMENT for table `project_task`
--
ALTER TABLE `project_task`
  MODIFY `task_id` int(11) NOT NULL AUTO_INCREMENT, AUTO_INCREMENT=2;

--
-- AUTO_INCREMENT for table `project_task_log`
--
ALTER TABLE `project_task_log`
  MODIFY `log_id` int(50) NOT NULL AUTO_INCREMENT, AUTO_INCREMENT=306;

--
-- AUTO_INCREMENT for table `project_task_report`
--
ALTER TABLE `project_task_report`
  MODIFY `ptr_id` int(50) NOT NULL AUTO_INCREMENT, AUTO_INCREMENT=38;

--
-- AUTO_INCREMENT for table `project_time_sheet`
--
ALTER TABLE `project_time_sheet`
  MODIFY `pts_id` int(11) NOT NULL AUTO_INCREMENT, AUTO_INCREMENT=38;

--
-- AUTO_INCREMENT for table `project_type_tbl`
--
ALTER TABLE `project_type_tbl`
  MODIFY `pt_id` int(50) NOT NULL AUTO_INCREMENT, AUTO_INCREMENT=14;

--
-- AUTO_INCREMENT for table `project_wise_bug`
--
ALTER TABLE `project_wise_bug`
  MODIFY `bug_id` int(11) NOT NULL AUTO_INCREMENT, AUTO_INCREMENT=5;

--
-- AUTO_INCREMENT for table `salary_type`
--
ALTER TABLE `salary_type`
  MODIFY `id` int(14) NOT NULL AUTO_INCREMENT, AUTO_INCREMENT=5;

--
-- AUTO_INCREMENT for table `service_request`
--
ALTER TABLE `service_request`
  MODIFY `sr_id` int(11) NOT NULL AUTO_INCREMENT;

--
-- AUTO_INCREMENT for table `social_media`
--
ALTER TABLE `social_media`
  MODIFY `id` int(14) NOT NULL AUTO_INCREMENT, AUTO_INCREMENT=2;

--
-- AUTO_INCREMENT for table `subcategory`
--
ALTER TABLE `subcategory`
  MODIFY `sub_category_id` int(11) NOT NULL AUTO_INCREMENT, AUTO_INCREMENT=21;

--
-- AUTO_INCREMENT for table `task`
--
ALTER TABLE `task`
  MODIFY `task_id` int(11) NOT NULL AUTO_INCREMENT, AUTO_INCREMENT=4;

--
-- AUTO_INCREMENT for table `task_image`
--
ALTER TABLE `task_image`
  MODIFY `task_img_id` int(11) NOT NULL AUTO_INCREMENT, AUTO_INCREMENT=23;

--
-- AUTO_INCREMENT for table `task_timer_count`
--
ALTER TABLE `task_timer_count`
  MODIFY `task_timerId` int(11) NOT NULL AUTO_INCREMENT, AUTO_INCREMENT=39;

--
-- AUTO_INCREMENT for table `task_work_status`
--
ALTER TABLE `task_work_status`
  MODIFY `tws_id` int(11) NOT NULL AUTO_INCREMENT, AUTO_INCREMENT=6;

--
-- AUTO_INCREMENT for table `template`
--
ALTER TABLE `template`
  MODIFY `template_id` int(11) NOT NULL AUTO_INCREMENT, AUTO_INCREMENT=31;

--
-- AUTO_INCREMENT for table `template_attchment_file`
--
ALTER TABLE `template_attchment_file`
  MODIFY `temp_cf_id` int(11) NOT NULL AUTO_INCREMENT, AUTO_INCREMENT=12;

--
-- AUTO_INCREMENT for table `template_attchment_file_custom`
--
ALTER TABLE `template_attchment_file_custom`
  MODIFY `temp_cf_id` int(11) NOT NULL AUTO_INCREMENT, AUTO_INCREMENT=7;

--
-- AUTO_INCREMENT for table `template_commercial_file`
--
ALTER TABLE `template_commercial_file`
  MODIFY `temp_cf_id` int(11) NOT NULL AUTO_INCREMENT, AUTO_INCREMENT=5;

--
-- AUTO_INCREMENT for table `template_commercial_file_custom`
--
ALTER TABLE `template_commercial_file_custom`
  MODIFY `temp_cf_id` int(11) NOT NULL AUTO_INCREMENT, AUTO_INCREMENT=4;

--
-- AUTO_INCREMENT for table `template_covering_file`
--
ALTER TABLE `template_covering_file`
  MODIFY `temp_cf_id` int(11) NOT NULL AUTO_INCREMENT, AUTO_INCREMENT=18;

--
-- AUTO_INCREMENT for table `template_covering_file_custom`
--
ALTER TABLE `template_covering_file_custom`
  MODIFY `temp_cf_id` int(11) NOT NULL AUTO_INCREMENT, AUTO_INCREMENT=18;

--
-- AUTO_INCREMENT for table `template_custom`
--
ALTER TABLE `template_custom`
  MODIFY `t_id` int(11) NOT NULL AUTO_INCREMENT, AUTO_INCREMENT=52;

--
-- AUTO_INCREMENT for table `template_image`
--
ALTER TABLE `template_image`
  MODIFY `tem_img_id` int(11) NOT NULL AUTO_INCREMENT;

--
-- AUTO_INCREMENT for table `template_image_custom`
--
ALTER TABLE `template_image_custom`
  MODIFY `tem_img_id` int(11) NOT NULL AUTO_INCREMENT;

--
-- AUTO_INCREMENT for table `template_key_point_file`
--
ALTER TABLE `template_key_point_file`
  MODIFY `temp_kpf_id` int(11) NOT NULL AUTO_INCREMENT, AUTO_INCREMENT=22;

--
-- AUTO_INCREMENT for table `template_key_point_file_custom`
--
ALTER TABLE `template_key_point_file_custom`
  MODIFY `temp_kpf_id` int(11) NOT NULL AUTO_INCREMENT, AUTO_INCREMENT=7;

--
-- AUTO_INCREMENT for table `template_over_view_project_file`
--
ALTER TABLE `template_over_view_project_file`
  MODIFY `temp_ovpf_id` int(11) NOT NULL AUTO_INCREMENT, AUTO_INCREMENT=10;

--
-- AUTO_INCREMENT for table `template_over_view_project_file_custom`
--
ALTER TABLE `template_over_view_project_file_custom`
  MODIFY `temp_ovpf_id` int(11) NOT NULL AUTO_INCREMENT, AUTO_INCREMENT=7;

--
-- AUTO_INCREMENT for table `template_signature`
--
ALTER TABLE `template_signature`
  MODIFY `sig_id` int(50) NOT NULL AUTO_INCREMENT, AUTO_INCREMENT=6;

--
-- AUTO_INCREMENT for table `template_signature_custom`
--
ALTER TABLE `template_signature_custom`
  MODIFY `sig_id` int(50) NOT NULL AUTO_INCREMENT, AUTO_INCREMENT=4;

--
-- AUTO_INCREMENT for table `template_stamp`
--
ALTER TABLE `template_stamp`
  MODIFY `stp_id` int(50) NOT NULL AUTO_INCREMENT, AUTO_INCREMENT=3;

--
-- AUTO_INCREMENT for table `template_stamp_custom`
--
ALTER TABLE `template_stamp_custom`
  MODIFY `stp_id` int(50) NOT NULL AUTO_INCREMENT, AUTO_INCREMENT=7;

--
-- AUTO_INCREMENT for table `template_term_and_condition_file`
--
ALTER TABLE `template_term_and_condition_file`
  MODIFY `temp_cf_id` int(11) NOT NULL AUTO_INCREMENT, AUTO_INCREMENT=11;

--
-- AUTO_INCREMENT for table `template_term_and_condition_file_custom`
--
ALTER TABLE `template_term_and_condition_file_custom`
  MODIFY `temp_cf_id` int(11) NOT NULL AUTO_INCREMENT, AUTO_INCREMENT=4;

--
-- AUTO_INCREMENT for table `todo`
--
ALTER TABLE `todo`
  MODIFY `todo_id` int(100) NOT NULL AUTO_INCREMENT, AUTO_INCREMENT=7;

--
-- AUTO_INCREMENT for table `unit_member`
--
ALTER TABLE `unit_member`
  MODIFY `unitm_id` int(11) NOT NULL AUTO_INCREMENT;

--
-- AUTO_INCREMENT for table `user_chat`
--
ALTER TABLE `user_chat`
  MODIFY `user_chat_id` int(11) NOT NULL AUTO_INCREMENT, AUTO_INCREMENT=18;
COMMIT;

/*!40101 SET CHARACTER_SET_CLIENT=@OLD_CHARACTER_SET_CLIENT */;
/*!40101 SET CHARACTER_SET_RESULTS=@OLD_CHARACTER_SET_RESULTS */;
/*!40101 SET COLLATION_CONNECTION=@OLD_COLLATION_CONNECTION */;
